id,isn_sic,objeto,fornecedor_nome,orgao_nome,valor_global,prazo_vigencia_dias,score_anomalia,percentil_risco,nivel_risco,data_assinatura,detectado_em
2204,1372029,CONTRATAÇÃO DE SERVIÇO DE MÃO DE OBRA TERCEIRIZADA PARA A FUNECE - CAPITAL E INTERIOR,EUROSERV BUSINESS & NEGOCIOS TERCEIRIZADOS LTDA,31200001,8346632364.0,1826,-0.805326,100,ALTO,2025-05-20,2026-04-05 18:00:43.371636
1087,1402249,"CONSTRUÇÃO DO HRCS - HOSPITAL REGIONAL DO CENTRO SUL, NO MUNICÍPIO DE IGUATU - CE.",CONSORCIO SAUDE DO SERTAO,43200007,3125000000.0,1096,-0.793965,99,ALTO,2025-10-24,2026-04-05 18:00:43.371636
2375,1367757,"Contratação de empresa especializada na prestação de serviços de mão de obra terceirizada, em substituição aos contratos 394/2024, 518/2024 e 520/2024, cujos empregados sejam regidos pela CONSOLIDAÇÃO DAS LEIS TRABALHISTAS (CLT), para atender toda a REDE SESA.",MISSAO SERVICOS TECNICOS EIRELI ,24200004,7960099695.0,729,-0.792891,99,ALTO,2025-04-25,2026-04-05 18:00:43.371636
1268,1395932,CONSTRUÇÃO DO HOSPITAL REGIONAL DO MACIÇO DE BATURITÉ - HRMB.,CONSORCIO HOSPITAL BATURITE,43200007,2557603390.0,913,-0.792891,99,ALTO,2025-10-03,2026-04-05 18:00:43.371636
582,1410573,"Constitui objeto deste Contrato a execução de serviços para implantação de Sistemas Simplificados de Abastecimento de Água nos municípios de Acopiara, Assaré, Crato, Irauçuba, Massapê, Morada Nova, Tejuçuoca, Campos Sales, Barroquinha e Salitre, conforme as condições estabelecidas neste contrato, no Projeto Básico do edital e seus ANEXOS, com base na planilha orçamentária individualizada e em obediência aos anteprojetos, às especificações da Cagece e as Normas da ABNT, e na proposta do CONTRATADO.",CONSORCIO SSAA EM AREAS RURAIS,43000000,5370723758.0,730,-0.792623,99,ALTO,2025-12-04,2026-04-05 18:00:43.371636
2245,1377700,"Contratação por instrumento (APF   633070-57  )  particular de compra e venda imóvel no Empreendimento no Programa Minha Casa Minha Vida -PMCMV na produção de  200 unidades habitacionais Residencial  Conjunto Palmeiras  no Município de  Fortaleza , com Aporte Complementar do Governo do Estado do Ceará.",CAIXA ECONOMICA FEDERAL,43000000,3726806615.0,747,-0.792623,99,ALTO,2025-05-13,2026-04-05 18:00:43.371636
454,1411518,"O objeto do presente instrumento é a prestação de serviços de manutenção nível D (Depot), incluindo reparo e revisão geral, bem como o fornecimento de peças de reposição para todos os níveis, suprimentos necessários e documentação técnica para as aeronaves da fabricante AIRBUS HELICOPTERS, integradas à frota da CIOPAER/SSPDS, nas condições estabelecidas no Termo de Referência do processo e na proposta da CONTRATADA.",HELICOPTEROS DO BRASIL S A,10000000,3517348135.0,730,-0.791284,99,ALTO,2025-12-16,2026-04-05 18:00:43.371636
2444,1373279,"Contratação por instrumento (APF  631.973-35)  particular de compra e venda imóvel no Empreendimento no Programa Minha Casa Minha Vida -PMCMV na produção de 192(cento e noventa e dois), unidades habitacionais no Município de Crato , com Aporte Complementar do Governo do Estado do Ceará.",CAIXA ECONOMICA FEDERAL,43000000,3639750386.0,730,-0.791284,99,ALTO,2025-04-14,2026-04-05 18:00:43.371636
2244,1377723,"Contratação por instrumento  particular de compra e venda imóvel no Empreendimento Residencial Mirante da Serra I (APF 631562-61) no Programa Minha Casa Minha Vida -PMCMV na produção de  192 , unidades habitacionais no no Município de  Juazeiro do Norte  com Aporte Financeiro Complementar do Governo do Estado do Ceará.",CAIXA ECONOMICA FEDERAL,43000000,3238168735.0,730,-0.789679,99,ALTO,2025-05-13,2026-04-05 18:00:43.371636
2250,1370504,"CT Nº 056/2025 - UGP/PSJ III - 2ª Fase - Contratação de empresa especializada para a execução de obras civis, com fornecimento e instalações de materiais e equipamentos para implantação de 12 Sistemas de Abastecimento de Água, por lote, a serem executados em 11 municípios do Estado do Ceará",CONSORCIO NOVO SAO JOSE,21000000,2429250192.0,730,-0.788345,99,ALTO,2025-05-12,2026-04-05 18:00:43.371636
1871,1379910,Contratação de empresa especializada para implantação do VLT (Veículo Leve sobre Trilhos) Ramal Aeroporto - Castelão,CONSORCIO VLT AEROCASTELAO,08000000,1800000000.0,914,-0.786746,99,ALTO,2025-07-08,2026-04-05 18:00:43.371636
2385,1370518,CONSTRUÇÃO DE UMA EEEP NO MUNICÍPIO DE MOMBAÇA - CE. CT 179/2025.,ZONA NORTE CONSTRU?OES LTDA -EPP,22000000,1698722897.0,852,-0.786214,99,ALTO,2025-04-24,2026-04-05 18:00:43.371636
1949,1377669,Conclusão da obra de Construção do Mercado Municipal de Barbalha - CE.,BWS CONSTRUCOES LTDA ME,43200007,2947506814.0,678,-0.785361,99,ALTO,2025-06-24,2026-04-05 18:00:43.371636
2302,1369075,"Aquisição de Mobiliários de Sala de Aula para atender à Rede Pública Estadual de Ensino, de acordo com as especificações e quantitativos previstos no Termo de Referência. CT 190/2025.",EDM EMPRESA DISTRIBUIDORA DE MOBILIARIOS LTDA.,22000000,1782685000.0,730,-0.783824,99,ALTO,2025-05-05,2026-04-05 18:00:43.371636
2350,1360290,"Contratação de empresa na prestação de serviços de mão de obra terceirizada, cujos empregados sejam regidos pela CONSOLIDAÇÃO DAS LEIS TRABALHISTAS (CLT), para atender a necessidade das áreas técnicas administrativa e transporte da SSPDS.",SERVNAC FACILITIES LTDA,10000000,1758913703.0,730,-0.783824,99,ALTO,2025-04-28,2026-04-05 18:00:43.371636
2217,1374313,"Tem por objeto a contratação conjunta dos serviços de fornecimento de energia elétrica para todas as Unidades Consumidoras (Ucs) do Grupo A - alta tensão, grupamento composto de Ucs com fornecimento em tensão igual ou superior a 2,3 KV junto à Companhia Energética do Ceará - ENEL",COMPANHIA ENERGETICA DO CEARA - ENEL,42000000,1587487781.0,1826,-0.783207,99,ALTO,2025-05-15,2026-04-05 18:00:43.371636
1961,1377742,"Restauração/Qualificação da Rodovia CE-257, Trecho: Salitre - Entroncamento CE-176 (Santa Quitéria), com extensão de 50,80 km .",CONSORCIO INFRARODOVIARIA CE-257,43200007,6868457516.0,599,-0.782974,99,ALTO,2025-06-24,2026-04-05 18:00:43.371636
76,1411545,"O objeto do presente instrumento é a prestação de serviços de manutenção padrão de 3º e 4º níveis com fornecimento de peças, troca padrão ou ¿standard¿ de todos os níveis, padrão em motores, módulos, acessórios e componentes dos modelos de fabricação SAFRAN, que equipam as aeronaves da CIOPAER, nas condições estabelecidas no Termo de Referência do processo e na proposta do CONTRATADO.",SAFRAN HELICOPTER ENGINES INDUSTRIA E COMERCIO DO BRASIL LTDA,10000000,1678177042.0,731,-0.782764,99,ALTO,2026-03-13,2026-04-05 18:00:43.371636
1312,1394309,"CT 090/2025 - DCP 004/2025 - O presente CONTRATO tem por objeto a participação na política de desenvolvimento rural sustentável e de fortalecimento da agricultura familiar do Estado do Ceará, por meio de serviços de apoio técnico e gerencial à implementação do PROJETO SERTÃO VIVO CEARÁ a serem desenvolvidos no âmbito da SDA/CE.",INSTITUTO AGROPOLOS DO CEARA,21000000,1590302187.0,730,-0.781705,99,ALTO,2025-09-25,2026-04-05 18:00:43.371636
121,1418214,Conclusão da Construção do Parque de Exposições de Quixeramobim - CE.,CONSORCIO PIO / R&S PARQUE EXPOSICAO,43200007,1797221354.0,671,-0.781386,99,ALTO,2026-03-06,2026-04-05 18:00:43.371636
2068,1376494,"Restauração /  Qualificação da Rodovia CE-388, Trecho: Entroncamento CE-183 / BR-403 (B) (Varjota) - Entroncamento CE-176 / CE-257 (B) (Santa Quitéria) (39,51 km).",CONSTRUTORA SAMARIA LTDA,43200007,3606980847.0,599,-0.781386,99,ALTO,2025-06-06,2026-04-05 18:00:43.371636
1908,1384998,"O presente acordo tem por objeto a cooperação entre as partes visando a cooperação técnica entre a OEI e Estado do Ceará, nos termos do Plano de Trabalho e aditivos que integram, para todos os fins legais, o presente acordo",ORGANIZACAO DOS ESTADOS IBERO - AMERICANOS,31000000,1128815865.0,1826,-0.780298,99,ALTO,2025-07-01,2026-04-05 18:00:43.371636
2413,1366900,"Execução de Serviços Remanescentes da Pavimentação da CE-267, no trecho: Entr. CE- 187/192/BR - 404 ((Novo Oriente) - Emaús - divisas CE/PI (18,70 km), no município de Novo Oriente - CE.",CONSORCIO OBRAS CEARA-JMV-CCS-SAMFER,43200007,1999460521.0,629,-0.779802,99,ALTO,2025-04-16,2026-04-05 18:00:43.371636
259,1414811,Serviços de Recuperação Funcional em Rodovias Sob a Jurisdição da SOP - Distritos Operacionais: Quixeramobim e Iguatu (Item 05).,CBC - CONSTRUTORA BATISTA CAVALCANTE LTDA,43200007,6556113999.0,546,-0.779802,99,ALTO,2026-02-13,2026-04-05 18:00:43.371636
1822,1380963,CONCLUSÃO DA OBRA DE CONSTRUÇÃO DO PARQUE DE EXPOSIÇÕES NO MUNICÍPIO DE TAUÁ - CE.,DUPLO M CONSTRUTORA LTDA,43200007,1665755427.0,669,-0.779274,99,ALTO,2025-07-15,2026-04-05 18:00:43.371636
233,1415535,Serviços de Recuperação Funcional em Rodovias Sob a Jurisdição da SOP - Distritos Operacionais: Limoeiro do Norte e Aracoiaba (Item 06).,CBC - CONSTRUTORA BATISTA CAVALCANTE LTDA,43200007,3740414676.0,546,-0.779011,99,ALTO,2026-02-20,2026-04-05 18:00:43.371636
478,1411442,EXECUÇÃO DOS SERVIÇOS DE RECUPERAÇÃO E PAVIMENTAÇÃO DE VIAS DE TRÂNSITO URBANO E RODOVIÁRIO COM O OBJETIVO DE PROMOVER A SEGURANÇA DE VEÍCULOS E PEDESTRES NO ESTADO DO CEARÁ - PROGRAMA SINALIZE - DISTRITO OPERACIONAL - REGIÃO METROPOLITANA.,INSTTALE ENGENHARIA LTDA,43200007,3650026386.0,539,-0.777957,98,ALTO,2025-12-09,2026-04-05 18:00:43.371636
204,1415838,Serviços de Recuperação Funcional em Rodovias Sob a Jurisdição da SOP - Distritos Operacionais: Itapipoca e Sobral (Item 02).,CONSORCIO E&J/ CONSTRAM,43200007,3521641474.0,546,-0.777694,98,ALTO,2026-02-23,2026-04-05 18:00:43.371636
234,1415026,Serviços de Recuperação Funcional em Rodovias Sob a Jurisdição da SOP - Distritos Operacionais: Crateús e Santa Quitéria (Item 03).,CBC - CONSTRUTORA BATISTA CAVALCANTE LTDA,43200007,3522254573.0,546,-0.777694,98,ALTO,2026-02-20,2026-04-05 18:00:43.371636
2283,1370241,CONSTRUÇÃO DE UMA EEM NO MUNICÍPIO DE JUAZEIRO DO NORTE (LAGOA SECA) - CE. CT 209/2025.,FORTEKS ENGENHARIA E SERVICOS ESPECIAIS LTDA,22000000,1424573713.0,730,-0.777486,98,ALTO,2025-05-06,2026-04-05 18:00:43.371636
1919,1379278,CONSTRUÇÃO DE UMA EEEP NO MUNICÍPIO DE CASCAVEL - CE.,FORTEKS ENGENHARIA E SERVICOS ESPECIAIS LTDA,22000000,1425482118.0,730,-0.777486,98,ALTO,2025-06-27,2026-04-05 18:00:43.371636
2215,1371987,"CONTRATAÇÃO DE EMPRESA ESPECIALIZADA PARA GERENCIAMENTO, SUPERVISÃO, ACOMPANHAMENTO E ASSESSORIA TÉCNICA À SECRETARIA DAS CIDADES NA GESTÃO E CONTROLE, DOS DIVERSOS INSTRUMENTOS DE COMPETÊNCIA DA COORDENADORIA DE SANEAMENTO - COSAN, TAL COMO NA IMPLEMENTAÇÃO DA POLÍTICA ESTADUAL DE ABASTECIMENTO DE ÁGUA E ESGOTAMENTO SANITÁRIO.",CONSORCIO QUANTA/COMOL,43000000,1030743106.0,914,-0.7774,98,ALTO,2025-05-15,2026-04-05 18:00:43.371636
2097,1374316,CONSTRUÇÃO DE UMA EEEP NO MUNICÍPIO DE PACAJUS- CE.,FORTEKS ENGENHARIA E SERVICOS ESPECIAIS LTDA,22000000,1317166986.0,730,-0.776348,98,ALTO,2025-06-02,2026-04-05 18:00:43.371636
445,1411769,EXECUÇÃO DOS SERVIÇOS DE RECUPERAÇÃO E PAVIMENTAÇÃO DE VIAS DE TRÂNSITO URBANO E RODOVIÁRIO COM O OBJETIVO DE PROMOVER A SEGURANÇA DE VEÍCULOS E PEDESTRES NO ESTADO DO CEARÁ - PROGRAMA SINALIZE - DISTRITO OPERACIONAL - SOBRAL/CE.,CONSTRAM- CONSTRUÇÃO E ALUGUEL DE MÁQUINAS LTDA - EPP,43200007,2475185118.0,539,-0.776117,98,ALTO,2025-12-16,2026-04-05 18:00:43.371636
413,1411932,EXECUÇÃO DOS SERVIÇOS DE RECUPERAÇÃO E PAVIMENTAÇÃO DE VIAS DE TRÂNSITO URBANO E RODOVIÁRIO COM O OBJETIVO DE PROMOVER A SEGURANÇA DE VEÍCULOS E PEDESTRES NO ESTADO DO CEARÁ - PROGRAMA SINALIZE - DISTRITO OPERACIONAL - ARACOIABA/CE.,CONSORCIO CLPT-BRIMAX,43200007,2069466488.0,539,-0.776117,98,ALTO,2025-12-23,2026-04-05 18:00:43.371636
1429,1391035,"Oportunizar à população cearense a segunda etapa do Projeto Qualificar + Incluir para a Vida e o Trabalho, visando à qualificação profissional, inclusão sociodigital e inserção produtiva, com foco em emprego e renda.",INSTITUTO CENTRO DE ENSINO TECNOLOGICO,59000000,2308780362.0,546,-0.776117,98,ALTO,2025-09-10,2026-04-05 18:00:43.371636
394,1412462,EXECUÇÃO DOS SERVIÇOS DE RECUPERAÇÃO E PAVIMENTAÇÃO DE VIAS DE TRÂNSITO URBANO E RODOVIÁRIO COM O OBJETIVO DE PROMOVER A SEGURANÇA DE VEÍCULOS E PEDESTRES NO ESTADO DO CEARÁ - PROGRAMA SINALIZE - DOS DISTRITOS OPERACIONAIS DA SOP: DISTRITO OPERACIONAL DE LIMOEIRO DO NORTE-CE.,CONSORCIO JAGUARIBE,43200007,2140989505.0,539,-0.776117,98,ALTO,2026-01-07,2026-04-05 18:00:43.371636
441,1411824,EXECUÇÃO DOS SERVIÇOS DE RECUPERAÇÃO E PAVIMENTAÇÃO DE VIAS DE TRÂNSITO URBANO E RODOVIÁRIO COM O OBJETIVO DE PROMOVER A SEGURANÇA DE VEÍCULOS E PEDESTRES NO ESTADO DO CEARÁ - PROGRAMA SINALIZE - DISTRITO OPERACIONAL - ITAPIPOCA/CE.,CONSTRUTORA E & J LTDA - ME,43200007,2399999995.0,539,-0.776117,98,ALTO,2025-12-17,2026-04-05 18:00:43.371636
470,1411493,EXECUÇÃO DOS SERVIÇOS DE RECUPERAÇÃO E PAVIMENTAÇÃO DE VIAS DE TRÂNSITO URBANO E RODOVIÁRIO COM O OBJETIVO DE PROMOVER A SEGURANÇA DE VEÍCULOS E PEDESTRES NO ESTADO DO CEARÁ - PROGRAMA SINALIZE - DISTRITO OPERACIOL DO CRATO/CE.,CORAL CONSTRUTORA RODOVALHO ALENCAR LTDA,43200007,2748999787.0,539,-0.776117,98,ALTO,2025-12-10,2026-04-05 18:00:43.371636
262,1414637,Serviços de Recuperação Funcional em Rodovias Sob a Jurisdição da SOP - Distritos Operacionais: Crato e Tauá (Item 04).,A.L. TEIXEIRA PINHEIRO,43200007,3265394224.0,546,-0.776117,98,ALTO,2026-02-12,2026-04-05 18:00:43.371636
2340,1372488,"O objeto do presente instrumento é a execução da obra de CONSTRUÇÃO DE UMA
ESCOLA DE ENSINO MÉDIO URBANO, TIPO II, COM 12 SALAS DE AULA, NO MUNICÍPIO DE BATURITÉ - CE, nas condições estabelecidas neste contrato, nas Especificações Técnicas do
edital e na proposta do CONTRATADO.",CONSORCIO BATURITE,22000000,1265234711.0,730,-0.775823,98,ALTO,2025-04-29,2026-04-05 18:00:43.371636
2372,1370220,CONSTRUÇÃO DE UMA EEM NO MUNICÍPIO DE EUSÉBIO - CE.,CONSTRUTORA VETOR LTDA - EPP,22000000,1262739117.0,730,-0.775823,98,ALTO,2025-04-25,2026-04-05 18:00:43.371636
1894,1379793,CONSTRUÇÃO DE UMA EEM DIVA CABRAL NO MUNICÍPIO DE FORTALEZA - CE,FORTEKS ENGENHARIA E SERVICOS ESPECIAIS LTDA,22000000,1267502777.0,730,-0.775823,98,ALTO,2025-07-03,2026-04-05 18:00:43.371636
1895,1380145,CONSTRUÇÃO DE UMA EEM NO MUNICÍPIO DE ICAPUÍ - CE,CONSTRUTORA MORAIS VASCONCELOS LTDA,22000000,1288231706.0,730,-0.775823,98,ALTO,2025-07-03,2026-04-05 18:00:43.371636
1314,1400668,CONSTRUÇÃO DE UMA EEM NO MUNICÍPIO DE ARACATI (BARÃO) - CE. CT 384/2025.,CONSORCIO PIO / R&S ESCOLA ARACATI,22000000,1210863717.0,730,-0.775561,98,ALTO,2025-09-25,2026-04-05 18:00:43.371636
1769,1382301,"O objeto do presente instrumento é a execução da obra de CONSTRUÇÃO DE UMA ESCOLA DE
ENSINO MÉDIO, URBANA, TIPO II, COM 12 (DOZE) SALAS DE AULA, NO MUNICÍPIO DE CANINDÉ -
CE , nas condições estabelecidas neste contrato, nas Especificações Técnicas do edital e na proposta do
CONTRATADO. EMPRESAFORTEKS ENGENHARIA
E SERVIÇOS ESPECIAIS LTDA.",FORTEKS ENGENHARIA E SERVICOS ESPECIAIS LTDA,22000000,1188644523.0,730,-0.775561,98,ALTO,2025-07-25,2026-04-05 18:00:43.371636
1771,1383870,CONSTRUÇÃO DE UMA EEM TIPO I NO MUNICÍPIO DE ITAPAJÉ - CE.,CONSORCIO CONSTRUTORA CBC E CGL ESCOLA ITAPAJE,22000000,1186845403.0,730,-0.775561,98,ALTO,2025-07-24,2026-04-05 18:00:43.371636
2288,1371638,"CONSTRUÇÃO DE UMA ESCOLA DE ENSINO MÉDIO, URBANA, TIPO II, COM 12 (DOZE) SALAS DE AULA, NO
CORPO DE BOMBEIROS MILITAR, EM FORTALEZA (JACARECANGA) - CE. CT 210/2025.",SALINAS EMPREENDIMENTOS E CONSTRUCOES LTDA ,22000000,1210523126.0,730,-0.775561,98,ALTO,2025-05-05,2026-04-05 18:00:43.371636
1691,1385007,CONSTRUÇÃO DE UMA EEM NO MUNICÍPIO DE CRATO (EEM ESTADO DA BAHIA) - CE,CONSTRUTORA FEITOSA EIRELI ,22000000,1167097613.0,730,-0.775561,98,ALTO,2025-08-05,2026-04-05 18:00:43.371636
2455,1369492,CONSTRUÇÃO DE UMA EEM NO MUNICÍPIO DE ITATIRA (CACHOEIRA) - CE. CT 140/2025.,CONSORCIO BORGES CARNEIRO E CGL ITATIRA,22000000,1180868825.0,730,-0.775561,98,ALTO,2025-04-11,2026-04-05 18:00:43.371636
319,1413676,"Reconstrução da EEEP Dona Creuza do Carmo Rocha (Projeto Padrão EEM Tipo II), em Fortaleza. CT 31/2026",CONSTRUMAZ CONSTRUTORA LTDA,22000000,1161276841.0,730,-0.775561,98,ALTO,2026-01-29,2026-04-05 18:00:43.371636
2348,1370552,Construção de ESCOLA DE ENSINO MÉDIO URBANA TIPO I -12 salas no município de MULUNGU - SEDE. CT 189/2025.,CONSTRUTORA ASTRAL LTDA,22000000,1246088775.0,730,-0.775561,98,ALTO,2025-04-28,2026-04-05 18:00:43.371636
1385,1396112,CONSTRUÇÃO DE UMA EEM NO MUNICÍPIO DE JUAZEIRO DO NORTE (ROMEIRÃO) - CE. CT 364/2025.,CONSORCIO ATLAS - SALINAS EMPREENDIMENTOS,22000000,1225229292.0,730,-0.775561,98,ALTO,2025-09-17,2026-04-05 18:00:43.371636
2376,1369434,CONSTRUÇÃO DE UMA EEM NO MUNICÍPIO DE PACATUBA (FAUSTO AGUIAR) - CE. CT 181/2025.,ALVES FREITAS CONSTRUÇÕES E EMPREENDIMENTOS LTDA - EPP,22000000,1152176863.0,730,-0.775299,97,ALTO,2025-04-25,2026-04-05 18:00:43.371636
2333,1371579,CONSTRUÇÃO DE UMA EEEM NO MUNICÍPIO DE GUAIÚBA (ÁGUA VERDE) - CE. CT 200/2025.,CONSORCIO EEM GUAIUBA,22000000,1129719664.0,730,-0.775036,97,ALTO,2025-04-29,2026-04-05 18:00:43.371636
2008,1377830,CONSTRUÇÃO DE UMA EEM NO MUNICÍPIO DE ICÓ - CE. CT 242/2025.,"CONSORCIO D&P E JMV, ESCOLA ICO",22000000,1132105166.0,730,-0.775036,97,ALTO,2025-06-16,2026-04-05 18:00:43.371636
1846,1384805,CONSTRUÇÃO DE UMA EEM NO MUNICÍPIO DE CRATO (SANTA FÉ) - CE,FORTEKS ENGENHARIA E SERVICOS ESPECIAIS LTDA,22000000,1117748766.0,730,-0.775036,97,ALTO,2025-07-11,2026-04-05 18:00:43.371636
2140,1374298,CONSTRUÇÃO DE UMA EEM NO MUNICÍPIO DE ITAREMA (SEDE) - CE.,CONSTRUTORA CARNEIRO AZEVEDO LTDA,22000000,1135119652.0,730,-0.775036,97,ALTO,2025-05-28,2026-04-05 18:00:43.371636
2417,1367863,CONSTRUÇÃO DE UMA EEM NO MUNICÍPIO DE MASSAPÊ - CE. CT 180/2025.,CONSORCIO REALIZE-TECTA EDIFICACOES,22000000,1119263387.0,730,-0.775036,97,ALTO,2025-04-16,2026-04-05 18:00:43.371636
1123,1397895,"Serviço de locação de veículo tipo SUV, diesel ou flex (gasolina/etanol), 05 portas, câmbio manual ou automático, na cor predominante branca, potência mínima de 120 cv, caracterizados para o serviço operacional.",LOCAMIL SERVICOS LTDA,10100003,1122984000.0,730,-0.775036,97,ALTO,2025-10-22,2026-04-05 18:00:43.371636
352,1413699,CONSTRUÇÃO DE UMA EEM NO MUNICÍPIO DE AQUIRAZ (JUSTINIANO DE SERPA) - CE. CT. 24/2026.,FHS CONSTRUTORA LTDA,22000000,1134969575.0,730,-0.775036,97,ALTO,2026-01-23,2026-04-05 18:00:43.371636
1963,1378981,CONSTRUÇÃO DE UMA EEM NO MUNICÍPIO DE ACOPIARA - CE. 248/2025.,CONSORCIO BORGES CARNEIRO CGL ACOPIARA,22000000,1127989741.0,730,-0.775036,97,ALTO,2025-06-23,2026-04-05 18:00:43.371636
2339,1370261,CONSTRUÇÃO DE UMA EEM NO MUNICÍPIO DE ARACATI (CACIMBA FUNDA) - CE.,CONSORCIO EEM CACIMBA FUNDA,22000000,1084620861.0,730,-0.774774,97,ALTO,2025-04-29,2026-04-05 18:00:43.371636
1900,1379170,CONSTRUÇÃO DE UMA EEM NO MUNICÍPIO DE PARACURU - CE,CONSORCIO ESCOLAS CEARA- JMV - CCS - SAMFER,22000000,1072348235.0,730,-0.774774,97,ALTO,2025-07-01,2026-04-05 18:00:43.371636
2495,1367417,CONSTRUÇÃO DE UMA ESCOLA QUILOMBOLA NO MUNICÍPIO DE QUITERIANÓPOLIS (CROATÁ) - CE. CT 143/2025.,CONSORCIO QUITERIANOPOLIS,22000000,1104831321.0,730,-0.774774,97,ALTO,2025-04-07,2026-04-05 18:00:43.371636
2017,1378165,CONSTRUÇÃO DE UMA EEM NO MUNICÍPIO DE PENTECOSTE- CE. CT 250/2025.,AMP ENGENHARIA LTDA,22000000,1083517978.0,730,-0.774774,97,ALTO,2025-06-16,2026-04-05 18:00:43.371636
2185,1373267,CONSTRUÇÃO DE UMA EEM NO MUNICÍPIO DE JUAZEIRO DO NORTE - CE,SALINAS EMPREENDIMENTOS E CONSTRUCOES LTDA ,22000000,1101998033.0,730,-0.774774,97,ALTO,2025-05-21,2026-04-05 18:00:43.371636
1676,1385909,"CONSTRUÇÃO DE UMA ESCOLA DE ENSINO MÉDIO, TIPO I, COM 16 (DEZESSEIS) SALAS, NO MUNICÍPIO DE MARCO - CE. CT 306/2025.",R.R. PORTELA CONSTRUÇÕES E LOCAÇÃO DE VEÍCULOS LTDA - ME,22000000,1100928055.0,730,-0.774774,97,ALTO,2025-08-05,2026-04-05 18:00:43.371636
1208,1400720,"CONSTRUÇÃO DE UMA EEM TIPO I NO MUNICÍPIO DE BEBERIBE (SEDE) - CE,",CONSTRUMAZ CONSTRUTORA LTDA,22000000,1042805293.0,730,-0.77425,97,ALTO,2025-10-10,2026-04-05 18:00:43.371636
1396,1394983,CONSTRUÇÃO DE UMA EEM TIPO I NO MUNICÍPIO DE VÁRZEA ALEGRE - CE. CT 375/2025,BWS CONSTRUCOES LTDA ME,22000000,1051474157.0,730,-0.77425,97,ALTO,2025-09-16,2026-04-05 18:00:43.371636
2276,1370741,"O objeto do presente instrumento é a execução da obra SERVIÇOS COMPLEMENTARES PARA CONSTRUÇÃO DA SEDE DA SEMA - SEMACE NO CAMBEBA, EM FORTALEZA - CE, nas condições estabelecidas neste contrato, nas Especificações Técnicas do edital e na proposta do CONTRATADO.",CONSORCIO JT / CAMPOS OLIVEIRA,57200001,1052932112.0,730,-0.77425,97,ALTO,2025-05-07,2026-04-05 18:00:43.371636
355,1422405,CONSTRUÇÃO DE UMA EEM TIPO I NO MUNICÍPIO DE LIMOEIRO DO NORTECE.,ESTRUTURAL ENGENHARIA EIRELI,22000000,1023914459.0,730,-0.773203,97,ALTO,2026-01-22,2026-04-05 18:00:43.371636
257,1415028,Execução de serviços para implantação de 19 (dezenove) Sistemas Simplificados de Abastecimento de Água em diversas localidades situadas em municípios do estado do Ceará.,CONSORCIO SSAA EM AREAS RURAIS,43000000,1020437514.0,730,-0.773203,97,ALTO,2026-02-13,2026-04-05 18:00:43.371636
1825,1380463,"Qualificação da Rodovia CE-384, Trecho: Entr. CE-397 (B) (Mauriti) - Divisa CE/PB, com extensão de 23,88 km.",CONSORCIO CSR/COPA,43200007,2224338229.0,499,-0.772973,97,ALTO,2025-07-15,2026-04-05 18:00:43.371636
161,1417155,Serviços de Recuperação Funcional em Rodovias Sob a Jurisdição da SOP - Distrito Operacional: Região Metropolitana de Fortaleza (Item 01).,CONSTRUTORA SAMARIA LTDA,43200007,1776699712.0,549,-0.771928,97,ALTO,2026-03-02,2026-04-05 18:00:43.371636
1313,1398448,CONSTRUÇÃO DE UMA EEM NO MUNICÍPIO DE BOA VIAGEM (IBUAÇU) - CE. CT 386/2025.,SALINAS EMPREENDIMENTOS E CONSTRUCOES LTDA ,22000000,945046609.0,730,-0.771635,96,ALTO,2025-09-25,2026-04-05 18:00:43.371636
1137,1397858,"Serviço de locação de veículo tipo SUV, diesel ou flex (gasolina/etanol), 05 portas, câmbio manual ou automático, na cor predominante branca, potência mínima de 120 cv, caracterizados para o serviço operacional.",CS BRASIL FROTAS S.A.,10100003,941475600.0,730,-0.771635,96,ALTO,2025-10-20,2026-04-05 18:00:43.371636
581,1410459,"Prestação de serviços técnicos especializados de apoio técnico e gerencial à implementação do Programa de Saneamento Básico para Localidades Rurais no Estado do Ceará: Adaptação e Mudanças Climáticas ¿ Programa Águas do Sertão, com foco na ampliação da oferta de serviços de abastecimento de água e esgotamento sanitário em comunidades rurais do estado do Ceará, previstos no Contrato de Empréstimo nº 28.320 e nas medidas complementares previstas no Contrato de Subvenção LA/2019/409-712, de responsabilidade da Unidade de Gerenciamento do Programa de Saneamento Básico de Localidades Rurais do Estado do Ceará - Programa Águas do Sertão (UGP PAS).",INSTITUTO AGROPOLOS DO CEARA,43000000,967188277.0,726,-0.771635,96,ALTO,2025-12-04,2026-04-05 18:00:43.371636
424,1411931,EXECUÇÃO DOS SERVIÇOS DE RECUPERAÇÃO E PAVIMENTAÇÃO DE VIAS DE TRÂNSITO URBANO E RODOVIÁRIO COM O OBJETIVO DE PROMOVER A SEGURANÇA DE VEÍCULOS E PEDESTRES NO ESTADO DO CEARÁ - PROGRAMA SINALIZE - DISTRITO OPERACIONAL - SANTA QUITÉRIA - CE., A T L CONSTRUÇÕES E SERVIÇOS EIRELI - ME,43200007,1553339405.0,539,-0.770623,96,ALTO,2025-12-22,2026-04-05 18:00:43.371636
1976,1377311,CONCLUSÃO DA REFORMA DA PENITENCIÁRIA INDUSTRIAL REGIONAL DO CARIRI - PIRC.,KONPAX CONSTRUCOES LTDA,43200007,1225973701.0,638,-0.769841,96,ALTO,2025-06-20,2026-04-05 18:00:43.371636
535,1410676,EXECUÇÃO DOS SERVIÇOS DE RECUPERAÇÃO E PAVIMENTAÇÃO DE VIAS DE TRÂNSITO URBANO E RODOVIÁRIO COM O OBJETIVO DE PROMOVER A SEGURANÇA DE VEÍCULOS E PEDESTRES NO ESTADO DO CEARÁ - PROGRAMA SINALIZE - DISTRITO OPERACIONAL - IGUATU/CE.,A.L. TEIXEIRA PINHEIRO,43200007,1375040281.0,539,-0.76906,96,ALTO,2025-12-05,2026-04-05 18:00:43.371636
1884,1379502,IMPLANTAÇÃO DO INSTITUTO TECNOLÓGICO DA AERONÁUTICA - ITA (2ª ETAPA) DO CAMPUS EM FORTALEZA - CE.,CONSORCIO CETRO / PORTO / MORAIS ITA 1 ETAPA,43200007,794990000.0,822,-0.768769,96,ALTO,2025-07-04,2026-04-05 18:00:43.371636
1672,1383339,"EXECUÇÃO DE OBRAS REMANESCENTES DE INFRAESTRUTURA, COMPREENDENDO OS SERVIÇOS DE URBANIZAÇÃO E EXECUÇÃO DO SISTEMA VIÁRIO DE CONTORNO LINDEIRO AO RIO MARANGUAPINHO NO TRECHO COMPREENDIDO ENTRE AS AVENIDAS SENADOR FERNANDES TÁVORA E GENERAL OSÓRIO DE PAIVA, PELA MARGEM ESQUERDA DO RIO MARANGUAPINHO - TRECHO II, NO MUNICÍPIO DE FORTALEZA, ESTADO DO CEARÁ.",CONPATE ENGENHARIA LTDA,43000000,860135374.0,730,-0.766432,96,ALTO,2025-08-06,2026-04-05 18:00:43.371636
447,1411762,EXECUÇÃO DOS SERVIÇOS DE RECUPERAÇÃO E PAVIMENTAÇÃO DE VIAS DE TRÂNSITO URBANO E RODOVIÁRIO COM O OBJETIVO DE PROMOVER A SEGURANÇA DE VEÍCULOS E PEDESTRES NO ESTADO DO CEARÁ - PROGRAMA SINALIZE -  DISTRITO OPERACIONAL - QUIXERAMOBIM/CE.,ELETROCAMPO SERVIÇOS E CONSTRUÇÕES LTDA,43200007,1188745235.0,539,-0.764909,96,ALTO,2025-12-16,2026-04-05 18:00:43.371636
2109,1373569,"1.1. Constitui-se objeto do presente edital o chamamento público para escolha de
instituição sem fins lucrativos, qualificada pelo Estado do Ceará como Organização Social
com atuação na área cultural, objetivando a celebração de contrato de gestão para
execução da gestão do Teatro Carlos Câmara.
1.2. O procedimento de celebração do Contrato de Gestão será conduzido de forma
pública, objetiva e impessoal, com observância da Lei Estadual 12.781/1997 e dos
princípios da legalidade, impessoalidade, moralidade, publicidade e eficiência, constantes
do caput do art. 37 da Constituição Federal, conforme previsto no Acórdão do Supremo
Tribunal Federal na Ação Direta de Inconstitucionalidade nº 1.923/DF.",INSTITUTO DRAGAO DO MAR,27000000,723360712.0,730,-0.762553,96,ALTO,2025-05-30,2026-04-05 18:00:43.371636
2254,1369818,"Contratação de empresa especializada em serviços de Gerenciamento de frota, manutenção preventiva e corretiva com reposição de peças em veículos.",VOLUS INSTITUICAO DE PAGAMENTO LTDA,10100003,644902908.0,729,-0.760492,96,ALTO,2025-05-12,2026-04-05 18:00:43.371636
1965,1373703,CONCLUSÃO DE UMA EEEP NO MUNICÍPIO DE SÃO LUÍS DO CURU - CE. CT 213/2025.,ALVES FREITAS CONSTRUÇÕES E EMPREENDIMENTOS LTDA - EPP,22000000,800426612.0,669,-0.760439,96,ALTO,2025-06-23,2026-04-05 18:00:43.371636
353,1412527,"CONCLUSÃO DA RECONSTRUÇÃO DA EEMTI WALTER DE SÁ CAVALCANTE TIPO II, no município de FORTALEZA/CE. Onde será contratada a empresa a FORTCON SERVIÇOS E CONSTRUÇÕES
LTDA, 7ª colocada do RDC supracitado. CT 09/2026.",FORTCON SERVICOS E CONSTRUCOES LTDA,22000000,583775143.0,730,-0.75895,96,ALTO,2026-01-23,2026-04-05 18:00:43.371636
307,1413400,"Prestação dos serviços de locação de veículos automotores caracterizados, destinados ao serviço operacional, pelo período de 24 (vinte e quatro) meses, sem motoristas, livre de quilometragem, sem combustível, com seguro total e
manutenção, para atender às necessidades da Perícia Forense do Estado do Ceará - PEFOCE.",CS BRASIL FROTAS S.A.,10100007,527226336.0,730,-0.758693,96,ALTO,2026-02-03,2026-04-05 18:00:43.371636
477,1411398,EXECUÇÃO DOS SERVIÇOS DE RECUPERAÇÃO E PAVIMENTAÇÃO DE VIAS DE TRÂNSITO URBANO E RODOVIÁRIO COM O OBJETIVO DE PROMOVER A SEGURANÇA DE VEÍCULOS E PEDESTRES NO ESTADO DO CEARÁ - PROGRAMA SINALIZE - DISTRITO OPERACIONAL - CRATEÚS /CE.,A.L. TEIXEIRA PINHEIRO,43200007,973701026.0,539,-0.75864,96,ALTO,2025-12-09,2026-04-05 18:00:43.371636
2009,1378210,CONSTRUÇÃO DE UMA EEEM TIPO III NO MUNICÍPIO DE MARACANAÚ (LUZARDO VIANA) - CE.,CONSORCIO JL ENGENHARIA JV COELHO,22000000,789668925.0,610,-0.758127,96,ALTO,2025-06-16,2026-04-05 18:00:43.371636
1763,1384929,"Serviços de avaliação educacional em larga escala para operacionalização de todos os procedimentos do Sistema Permanente de Avaliação da Educação Básica do Ceará - SPAECE, para as edições de 2025 a 2028.",UNIVERSIDADE FEDERAL DE JUIZ DE FORA,22000000,419000000.0,1461,-0.756334,96,ALTO,2025-07-28,2026-04-05 18:00:43.371636
1287,1392014,"CLÁUSULA TERCEIRA ¿ DO OBJETO
3.1. O objeto do presente instrumento é a contratação de empresa para prestação de serviços contínuos a serem executados com dedicação exclusiva de mão de obra
terceirizada, regidos pela Consolidação da Leis Trabalhistas (CLT) para as categorias, condições e quantidades estabelecidas no edital e seus anexos.",LAR ANTONIO DE PADUA,43000000,345501024.0,1826,-0.755822,96,ALTO,2025-10-01,2026-04-05 18:00:43.371636
2191,1372889,"Execução de Melhorias Habitacionais em Imóveis e Construção de Novas Residências, na Área de Abrangência do Projeto Dendê, no bairro Edson Queiroz, em Fortaleza - Ce.",G K ENGENHARIA E SOLUCOES LTDA,43000000,399777086.0,914,-0.755822,96,ALTO,2025-05-20,2026-04-05 18:00:43.371636
2493,1365730,CONCLUSÃO DE UMA EEEP NO MUNICÍPIO DE PARAIPABA - CE. CT 151/2025.,JT CONSTRUCAO EIRELI - EPP,22000000,751015936.0,575,-0.755566,96,ALTO,2025-04-08,2026-04-05 18:00:43.371636
446,1411763,EXECUÇÃO DOS SERVIÇOS DE RECUPERAÇÃO E PAVIMENTAÇÃO DE VIAS DE TRÂNSITO URBANO E RODOVIÁRIO COM O OBJETIVO DE PROMOVER A SEGURANÇA DE VEÍCULOS E PEDESTRES NO ESTADO DO CEARÁ - PROGRAMA SINALIZE - DISTRITO OPERACIONAL - TAÚA/CE.,ELETROCAMPO SERVIÇOS E CONSTRUÇÕES LTDA,43200007,809177223.0,539,-0.754545,96,ALTO,2025-12-16,2026-04-05 18:00:43.371636
150,1418343,"contratação de empresa especializada para prestar o serviço de levantamento, identificação, georreferenciamento, certificação (para imóveis até 200 ha), caracterização da malha fundiário e diagnóstico fundiário dos municípios nos Lotes abaixo,nas condições estabelecidas neste edital e seus anexos.",TOPODATUM TOPOGRAFIA LTDA - ME,21200003,422364194.0,731,-0.754087,96,ALTO,2026-03-03,2026-04-05 18:00:43.371636
1932,1378358,"CT Nº 064/2025 - UGP/PSJ III - 2ª Fase - Contratação de empresa especializad para execução das obras civis para implantação de 1.604 módulos sanitários para esgotamento simplificado, por lote, a serem executados em 12 municípios do Estado do Ceará",CONSORCIO MODULOS SANITARIOS 2025,21000000,355805605.0,905,-0.751996,96,ALTO,2025-06-25,2026-04-05 18:00:43.371636
2488,1358728,"Serviços de Manutenção, Conservação e Limpeza dos Espaços Urbanos Estruturados pela Secretaria das Cidades (vias passeios, ciclovias, praças, áreas de lazer) no âmbito do Projeto Maranguapinho.",CONSORCIO OBRAS CEARA-JMV-CCS-SAMFER,43000000,374987829.0,730,-0.749256,96,ALTO,2025-04-08,2026-04-05 18:00:43.371636
354,1413319,"Serviços de Manutenção Preventiva e Corretiva de equipamentos e instalações de todas as Linhas Metroferroviárias, com fornecimento de peças e materiais de consumo, de acordo com as especificações e quantitativos previstos neste Termo.",MPE ENGENHARIA E SERVIÇOS S/A,08200007,5698379412.0,366,-0.747349,96,ALTO,2026-01-22,2026-04-05 18:00:43.371636
2243,1377755,Contratação por instrumento  particular de compra e venda imóvel no Empreendimento Residencial Mirante da Serra II  (APF 631563-75 ) no Programa Minha Casa Minha Vida -PMCMV na produção de 192 unidades habitacionais no no Município de Juazeiro do Norte com  Aporte Financeiro Complementar do Governo do Estado do Ceará.,CAIXA ECONOMICA FEDERAL,43000000,322833331.0,730,-0.746926,95,ALTO,2025-05-13,2026-04-05 18:00:43.371636
1903,1380747,"Construção do Núcleo Regional da Perícia Forense - PEFOCE, no município de Tianguá - CE.",CONSORCIO II CARNEIRO AZEVEDO E MIZE ENGENHARIA,10200014,571088495.0,608,-0.746926,95,ALTO,2025-07-01,2026-04-05 18:00:43.371636
2460,1367625,"Contratação de empresa na prestação de serviços de mão de obra terceirizada em apoio administrativo e operador telefônico, cujos empregados sejam regidos pela CLT para atender as necessidades das áreas de apoio operacional e operador telefônico de acordo com especificações e quantitativos previstos no termo de referência.",IMPACTO SERVIÇOS TERCEIRIZADOS LTDA,46200001,319460736.0,730,-0.746673,95,ALTO,2025-04-10,2026-04-05 18:00:43.371636
2329,1370325,"Promover, executar, realizar e apoiar ações no âmbito da educação profissional, focando com viés de formação e qualificação, técnica, tecnológica, transferência de tecnologia e apoio aos cursos superiores da Universidade Aberta do Brasil ¿ UAB, e de formação inicial e continuada para trabalhadores, jovens e adultos",INSTITUTO CENTRO DE ENSINO TECNOLOGICO,31000000,2642551164.0,335,-0.746424,95,ALTO,2025-04-30,2026-04-05 18:00:43.371636
1008,1404424,"Trata-se o presente processo de solicitação para contratação de Organização Social de Saúde (OSS), mediante celebração de Contrato de Gestão, cujo objeto constitui a operacionalização da
gestão e execução das atividades e serviços de saúde a serem desenvolvidos no Hospital Regional de Itapipoca ¿ HRI",INSTITUTO DE SAUDE E GESTAO HOSPITALAR,24200004,7264171909.0,364,-0.744928,95,ALTO,2025-10-31,2026-04-05 18:00:43.371636
214,1420065,SELEÇÃO E CONTRATAÇÃO DE CONSULTORIA DE EMPRESA PARA REALIZAR AVALIAÇÕES DE IMPACTO DE PROJETOS DO PROGRAMA INTEGRADO DE PREVENÇÃO E REDUÇÃO DA VIOLÊNCIA (PREVIO),LEME - LABORATORIO PARA REDUCAO DA VIOLENCIA,30000000,479102974.0,607,-0.744907,95,ALTO,2026-02-23,2026-04-05 18:00:43.371636
2365,1368350,Prestação de serviço comum de engenharia para contratação de empresa especializada para a prestação de serviços de Confecção e Fabricação de Painéis e Letreiros Luminosos com instalação.,MEGA COMUNICACAO LTDA,47000000,4872623009.0,365,-0.743669,95,ALTO,2025-04-25,2026-04-05 18:00:43.371636
1021,1404684,"O objeto do presente instrumento é a contratação de empresa para prestação de serviços contínuos a
serem executados com dedicação exclusiva de mão de obra terceirizada, regidos pela Consolidação da Leis
Trabalhistas (CLT) para as categorias do Lote I, condições e quantidades estabelecidas no edital e seus
anexos. EMPRESA SERVAL SERVICOS DE
SEGURANCA LTDA.",SERVAL SERVICOS DE SEGURANCA LTDA,22000000,4836391428.0,365,-0.743669,95,ALTO,2025-10-31,2026-04-05 18:00:43.371636
134,1418692,"Chamada de oportunidade para prestação de serviços compreendendo o provimento de recursos em nuvem, incluindo serviços técnicos avançados de gerenciamento, orquestração da nuvem, sustentação emergencial e administração dos projetos.",GWCLOUD TECNOLOGIA E SERVICOS S.A.,30200003,4904839999.0,365,-0.743669,95,ALTO,2026-03-04,2026-04-05 18:00:43.371636
138,1417876,"Contratação da prestação de serviços continuados em horas de profissionais de saúde na área de Médico Intervencionista e Regulador de Atendimento Pré-Hospitalar Móvel, para atender as necessidades do Serviço de Atendimento Pré-Hospitalar Móvel/SAMU 192 CE, nas Regiões de Saúde: Fortaleza, Sertão Central, Litoral Leste/Jaguaribe, Cariri e Sobral, pelo período de até 12 (doze) meses, de acordo com as especificações e quantitativos previstos no Anexo I do Termo de Referência e edital.",COOPERATIVA DE TRABALHO DE ATENDIMENTO PRE-HOSPITALAR LTDA COAPH,24200004,7921715674.0,365,-0.743669,95,ALTO,2026-03-04,2026-04-05 18:00:43.371636
2332,1368643,"Execução do Programa de Ensino Médio Integrado (EMI), visando articular o ensino médio integrado à educação profissional, através da oferta de professores e robustecimento da educação profissional no âmbito da rede estadual do Estado do Ceará. CT 182/2025.",INSTITUTO CENTRO DE ENSINO TECNOLOGICO,22000000,16231625608.0,365,-0.743669,95,ALTO,2025-04-30,2026-04-05 18:00:43.371636
1294,1395023,"O objeto do presente instrumento é a contratação de empresa para prestação de serviços contínuos a
serem executados com dedicação exclusiva de mão de obra terceirizada nas unidades de ensino e
administrativas vinculadas a Secretaria da Educação, regidos pela Consolidação da Leis Trabalhistas (CLT)
para as categorias, Lote único, nas condições e quantidades estabelecidas no termo de referência e seus
anexos. EMPRESA
ELLO SERVIÇO DE MÃO DE OBRA LTDA.",ELLO SERVIÇOS DE MÃO DE OBRA LTDA,22000000,5972481348.0,365,-0.743669,95,ALTO,2025-09-30,2026-04-05 18:00:43.371636
411,1411961,"O objeto do presente instrumento é a contratação de empresa para prestação de serviços
contínuos a serem executados com dedicação exclusiva de mão de obra terceirizada, regidos pela
Consolidação da Leis Trabalhistas (CLT) para as categorias, condições e quantidades
estabelecidas no edital e seus anexos. EMPRESA ELLO SERVIÇOS DE MÃO DE
OBRA LTDA.",ELLO SERVIÇOS DE MÃO DE OBRA LTDA,22000000,6968966359.0,365,-0.743669,95,ALTO,2025-12-23,2026-04-05 18:00:43.371636
263,1415129,"Execução de Ligações Intradomiciliares de Esgoto na comunidade Dendê, Edson de Queiroz - Fortaleza/CE",KG CONSTRUÇÕES LTDA - EPP,43200008,282207749.0,912,-0.743648,95,ALTO,2026-02-12,2026-04-05 18:00:43.371636
1456,1390587,"O objeto do presente instrumento é a contratação de empresa para prestação de serviços contínuos a
serem executados com dedicação exclusiva de mão de obra terceirizada, regidos pela Consolidação da Leis
Trabalhistas (CLT) para as categorias do Lote I, condições e quantidades estabelecidas no Termo de
Referência e seus anexos. EMPRESA
MISSAO SERVICOS TECNICOS LTDA.",MISSAO SERVICOS TECNICOS EIRELI ,22000000,4011109404.0,365,-0.743166,95,ALTO,2025-09-04,2026-04-05 18:00:43.371636
1592,1386381,"O objeto da licitação é a contratação de empresa para prestação de serviços contínuos a
serem executados com dedicação exclusiva de mão de obra terceirizada nas unidades de ensino e
administrativas vinculadas a Secretaria da Educação, regidos pela Consolidação da Leis Trabalhistas (CLT)
para as categorias, condições e quantidades estabelecidas neste termo.",SERVNAC FACILITIES LTDA,22000000,4753135017.0,365,-0.743166,95,ALTO,2025-08-14,2026-04-05 18:00:43.371636
1535,1404380,"O objeto do presente instrumento é a contratação de empresa para prestação de serviços contínuos a
serem executados com dedicação exclusiva de mão de obra terceirizada, regidos pela Consolidação da Leis Trabalhistas (CLT) para as categorias do Lote II, condições e quantidades estabelecidas no edital e seus
anexos. EMPRESA VERDE SEGURANÇA DE
VALORES LTDA.",VERDE SEGURANCA DE VALORES LTDA,22000000,4053186384.0,365,-0.743166,95,ALTO,2025-08-26,2026-04-05 18:00:43.371636
30,1422224,"Assegurar a execução da Política Pública de Trabalho no Estado do Ceará, de forma descentralizada e articulada aos planos, programas e projetos desenvolvidos no âmbito do Sistema Público de Emprego, bem como às ações de desenvolvimento socioeconômico do Estado, por meio de Contrato de Gestão a ser firmado com Organização Social especializada na área.",INSTITUTO DE DESENVOLVIMENTO DO TRABALHO - IDT,59000000,2708572687.0,364,-0.742663,95,ALTO,2026-03-23,2026-04-05 18:00:43.371636
33,1422028,Apoiar a regularização fundiária rural e o desenvolvimento agrário no Estado do Ceará CG IDACE/AGROPOLOS,INSTITUTO AGROPOLOS DO CEARA,21200003,2712070891.0,364,-0.742663,95,ALTO,2026-03-23,2026-04-05 18:00:43.371636
1349,1393514,SERVIÇOS DE MANUTENÇÃO CORRETIVA E PREVENTIVA EM PRÉDIOS PÚBLICOS - UNIDADE PRISIONAL PROFESSOR JOSÉ JUCÁ NETO (UP ITAITINGA III).,KG CONSTRUÇÕES LTDA - EPP,43200007,528302947.0,546,-0.742643,95,ALTO,2025-09-22,2026-04-05 18:00:43.371636
2296,1369330,Serviços de Manutenção Corretiva e Preventiva do Hospital de Saúde Mental Professor Frota Pinto - HSM.,KG CONSTRUÇÕES LTDA - EPP,43200007,408079324.0,632,-0.74259,95,ALTO,2025-05-05,2026-04-05 18:00:43.371636
1631,1385661,"Participação na política de desenvolvimento e fortalecimento das políticas públicas da Pesca e Aquicultura no estado do Ceará, através da execução de projetos que atendam às demandas dos agentes produtivos e técnicos, e que possam contribuir para o desenvolvimento sustentável da economia de base familiar, facilitando assessoramento especializado, acesso ao conhecimento e às tecnologias existentes.",INSTITUTO AGROPOLOS DO CEARA,61000000,1458332162.0,354,-0.741971,95,ALTO,2025-08-11,2026-04-05 18:00:43.371636
382,1412427,Serviços de Manutenção/Conservação da Malha Viária do Distrito Operacional de Crato - CE,CORAL CONSTRUTORA RODOVALHO ALENCAR LTDA,43200007,3239999981.0,365,-0.741408,95,ALTO,2026-01-16,2026-04-05 18:00:43.371636
611,1410253,"O objeto do presente instrumento é a contratação de empresa para prestação de serviços
contínuos a serem executados com dedicação exclusiva de mão de obra terceirizada, regidos pela
Consolidação da Leis Trabalhistas (CLT) para as categorias, condições e quantidades
estabelecidas no Termo de Participação e seus anexos. EMPRESA REAL SERVIÇOS DE
LOCAÇÃO DE MÃO DE OBRA LTDA",REAL SERVICOS DE LOCACAO DE MAO DE OBRA LTDA,22000000,2772652356.0,365,-0.741408,95,ALTO,2025-12-03,2026-04-05 18:00:43.371636
2032,1376114,"Dispensa de Licitação, cujo objeto é a Contratação de serviços em horas/ano, na categoria de Médico Generalista e Médico Especialista, para atender as necessidades das unidades de saúde da Rede SESA.",COOPERATIVA DE TRABALHO DE ATENDIMENTO PRE-HOSPITALAR LTDA COAPH,24200214,2693299572.0,365,-0.741408,95,ALTO,2025-06-12,2026-04-05 18:00:43.371636
2059,1375153,"CONTRATUALIZAÇÃO DO SALDO DISPONÍVEL NA  ATA DE REGISTRO DE PREÇOS Nº 2025/08467 - SERVIÇOS ESPECIALIZADOS EM HORAS/ANO, NA ÁREAS DE TÉCNICO DE ENFERMAGEM ¿SERVIÇO TÉCNICO DE ENFERMAGEM, SEMANA DIURNO - SEMANA NOTURNO - DIURNO, FINAL DE SEMANA E FERIADOS E NOTURNO, FINAL DE SEMANA E FERIADOS¿, POR UM PRAZO DE 12 (DOZE) MESES, PARA ATENDER AS NECESSIDADES DO HOSPITAL GERAL DE FORTALEZA - HGF / SESA.    ARP Nº 2025/08467  -  FORNECEDOR: COOPERATIVA DE TRABALHO DE ATENDIMENTO PRE E HOSPITALAR LTDA - COAPH",COOPERATIVA DE TRABALHO DE ATENDIMENTO PRE-HOSPITALAR LTDA COAPH,24200184,3218533008.0,365,-0.741408,95,ALTO,2025-06-09,2026-04-05 18:00:43.371636
608,1410270,"O objeto desta dispensa de licitação é a contratação de empresa para prestação de serviços
contínuos a serem executados com dedicação exclusiva de mão de obra terceirizada, regidos pela
Consolidação da Leis Trabalhistas (CLT) para as categorias, condições e quantidades
estabelecidas neste termo e seus anexos. EMPRESA SERVNAC FACILITIES
SERVICE E LOGISTICA LTDA",SERVNAC FACILITIES LTDA,22000000,2852762256.0,365,-0.741408,95,ALTO,2025-12-03,2026-04-05 18:00:43.371636
1242,1397328,"O objeto do presente instrumento é a contratação de empresa para prestação de serviços contínuos a
serem executados com dedicação exclusiva de mão de obra terceirizada nas unidades de ensino e
administrativas vinculadas a Secretaria da Educação, regidos pela Consolidação da Leis Trabalhistas (CLT)
para as categorias, Item 2, nas condições e quantidades estabelecidas no termo de referência e seus
anexos. EMPRESA
REAL SERVIÇOS DE LOCAÇÃO DE MÃO DE
OBRA LTDA.",REAL SERVICOS DE LOCACAO DE MAO DE OBRA LTDA,22000000,2874177288.0,365,-0.741408,95,ALTO,2025-10-08,2026-04-05 18:00:43.371636
368,1412720,Serviços de Manutenção/Conservação da Malha Viária do Distrito Operacional de Iguatu - CE.,CONSORCIO MACIEL / TERPA - IGUATU,43200007,2627197987.0,365,-0.740907,94,ALTO,2026-01-21,2026-04-05 18:00:43.371636
2446,1366158,"O objeto do presente instrumento é a contratação de empresa para prestação de serviços
contínuos a serem executados com dedicação exclusiva de mão de obra terceirizada, regidos pela Consolidação da Leis Trabalhistas (CLT) para as categorias, condições e quantidades estabelecidas
no edital e seus anexos. EMPRESA SERVNAC
FACILITIES SERVICE E LOGÍSTICA LTDA.",SERVNAC FACILITIES LTDA,22000000,2467787256.0,365,-0.739905,94,ALTO,2025-04-14,2026-04-05 18:00:43.371636
1571,1386899,"O objeto da licitação é a contratação de empresa para prestação de serviços contínuos a
serem executados com dedicação exclusiva de mão de obra terceirizada nas unidades de ensino e
administrativas vinculadas a Secretaria da Educação, regidos pela Consolidação da Leis Trabalhistas (CLT)
para as categorias, condições e quantidades estabelecidas neste termo.",ATHOS ASSESSORIA E SERVICOS TERCEIRIZADOS EIRELI,22000000,2446615944.0,365,-0.739905,94,ALTO,2025-08-19,2026-04-05 18:00:43.371636
168,1416883,Serviços de Manutenção/Conservação da Malha Viária do Distrito Operacional de Itapipoca - CE.,CONSORCIO TERPA / MACIEL - ITAPIPOCA,43200007,2314016569.0,365,-0.739655,94,ALTO,2026-02-27,2026-04-05 18:00:43.371636
1998,1376329,"CONTRATAÇÃO DE EMPRESA PARA PRESTAÇÃO DE SERVIÇOS CONTÍNUOS A SEREM EXECUTADOS COM DEDICAÇÃO EXCLUSIVA DE MÃO DE OBRA TERCEIRIZADA, REGIDOS PELA CONSOLIDAÇÃO DA LEIS TRABALHISTAS (CLT) NA ÁREA TÉCNICA E ADMINISTRATIVA, CONDIÇÕES E QUANTIDADES ESTABELECIDAS, DE ACORDO COM O CONTRATO 055/2025.",CERTA SERVIÇOS EMPRESARIAIS E REPRESENTAÇÕES EIRELI,19000000,1996583916.0,365,-0.739655,94,ALTO,2025-06-17,2026-04-05 18:00:43.371636
190,2026000009,"Registro de Preço para Taxa por Transação (Transaction Fee), visando futuras e eventuais contratações de serviços de reserva, emissão e entrega de bilhetes de passagens aéreas no âmbito nacional e internacional e demais serviços correlatos (passagens rodoviárias interestaduais e internacionais, ferroviárias no âmbito internacional, serviços de reservas de hotéis e veículos terrestres de qualquer porte, translado, seguro de saúde e de bagagem), de acordo com as especificações e quantitativos previstos no Termo de Referência.",WEBTRIP AGENCIA DE VIAGENS E TURISMO LTDA,41000000,2399999998.0,365,-0.739655,94,ALTO,2026-02-25,2026-04-05 18:00:43.371636
867,1407134,"CONTRATUALIZAÇÃO DO SALDO DISPONÍVEL NA ATA DE REGISTRO DE PREÇO Nº 2025/21791, TENDO COMO OBJETO OS SERVIÇOS ESPECIALIZADOS/ANO EM HORAS, SOBREAVISOS E PROCEDIMENTOS CIRÚRGICOS NA CATEGORIA DE MÉDICO CIRURGIÃO GERAL, POR UM PRAZO DE 12 (DOZE) MESES, PARA ATENDER ÀS NECESSIDADES DO HOSPITAL GERAL DE FORTALEZA (HGF), VINCULADO À SECRETARIA DA SAÚDE DO ESTADO DO CEARÁ (SESA).",COOPERATIVA DOS CIRURG GERAIS DO CEARA,24200184,2054304256.0,365,-0.739655,94,ALTO,2025-11-14,2026-04-05 18:00:43.371636
1972,1377417,"O objeto do presente instrumento é a contratação de empresa para prestação de serviços contínuos a
serem executados com dedicação exclusiva de mão de obra terceirizada, regidos pela Consolidação da Leis
Trabalhistas (CLT) para as categorias, condições e quantidades estabelecidas no edital e seus anexos. EMPRESA SERVIARM SERVIÇO DE
VIGILÂNCIA ARMADA LTDA",SERVIARM SERVICO DE VIGILANCIA ARMADA LTDA,22000000,2313285252.0,365,-0.739655,94,ALTO,2025-06-23,2026-04-05 18:00:43.371636
1557,1386704,"Contratualização da ATA  2025/08467, por 12 (doze) meses, no valor de R$ 19.850.153,88, para suprir as necessidades do HMCASG.",COOPERATIVA DE TRABALHO DE ATENDIMENTO PRE-HOSPITALAR LTDA COAPH,24200214,1985015388.0,365,-0.739655,94,ALTO,2025-08-21,2026-04-05 18:00:43.371636
459,1411806,Serviços de Manutenção/Conservação da Malha Viária do Distrito Operacional de Aracoiaba - CE.,CONSORCIO CBC INSTTALE - CONSERVA ARACOIABA,43200007,2326999955.0,365,-0.739655,94,ALTO,2025-12-13,2026-04-05 18:00:43.371636
2424,1366690,"O objeto do presente instrumento é a contratação de empresa para prestação de serviços contínuos a
serem executados com dedicação exclusiva de mão de obra terceirizada, regidos pela Consolidação da Leis
Trabalhistas (CLT) para as categorias do Lote II, condições e quantidades estabelecidas no Termo de
Referência e seus anexos. EMPRESA
FORTAL TERCEIRIZAÇÃO DE MÃO DE OBRA
LTDA.",FORTAL TERCEIRIZAÇÃO DE MÃO DE OBRA LTDA,22000000,1939941768.0,365,-0.739655,94,ALTO,2025-04-15,2026-04-05 18:00:43.371636
1234,1397340,"O objeto do presente instrumento é a contratação de empresa para prestação de serviços
contínuos a serem executados com dedicação exclusiva de mão de obra terceirizada nas
unidades de ensino e administrativas vinculadas a Secretaria da Educação (LOTE 2), regidos pela
Consolidação da Leis Trabalhistas (CLT) para as categorias, condições e quantidades
estabelecidas no Termo de Referência e seus anexos.
 EMPRESA FORTAL
EMPREENDIMENTOS LTDA.",FORTAL EMPREENDIMENTOS EIRELI,22000000,1978056684.0,365,-0.739655,94,ALTO,2025-10-08,2026-04-05 18:00:43.371636
1739,1382316,Serviço de manutenção preventiva e corretiva em Prédios Públicos - Unidade Prisional Prof Olavo Oliveira II (IPPOO II).,KG CONSTRUÇÕES LTDA - EPP,43200007,468843394.0,549,-0.739634,94,ALTO,2025-07-30,2026-04-05 18:00:43.371636
1766,1381994,"Prestação de serviços de mão de obra terceirizada, cujos empregados sejam regidos pela Consolidação das Leis Trabalhistas ¿ CLT, para atender as necessidades das áreas Técnico Administrativo, na Sede desta Secretaria da Proteção Social.",LAR ANTONIO DE PADUA,47000000,1682899372.0,364,-0.738654,94,ALTO,2025-07-25,2026-04-05 18:00:43.371636
2405,1367144,"Pavimentação da Rodovia do Contorno de Juazeiro do Norte, Trecho VI : Entr. CE-060 (Rua Lindalva Rodrigues Bezerra) - Entr. Rua Antônia Damasceno dos Santos (Aeroporto) no Município de Juazeiro do Norte - CE.",CORAL CONSTRUTORA RODOVALHO ALENCAR LTDA,43200007,419000000.0,539,-0.738134,94,ALTO,2025-04-22,2026-04-05 18:00:43.371636
1605,1385153,"O objeto do presente instrumento é a execução da obra de CONSTRUÇÃO  DE 02 GALPÕES DE  1000  m*  NO  COMPLEXO  ITAlTlNGA  I,  nas condições  estabelecidas  neste  contrato,  nas Especificações Técnicas do edital e na proposta do CONTRATADO.",COMAR - CONSTRUCAO LOCACAO E REFRIGERACAO LTDA,18200004,372639654.0,608,-0.738082,94,ALTO,2025-08-13,2026-04-05 18:00:43.371636
1568,1386446,"Contrato nº 346/2025. O objeto da licitação é a contratação de empresa para prestação de serviços contínuos a serem executados com dedicação exclusiva de mão de obra terceirizada nas unidades de ensino e
administrativas vinculadas a Secretaria da Educação, regidos pela Consolidação da Leis Trabalhistas (CLT) para as categorias, condições e quantidades estabelecidas neste termo.",ELLO SERVIÇOS DE MÃO DE OBRA LTDA,22000000,1779043692.0,365,-0.737905,94,ALTO,2025-08-19,2026-04-05 18:00:43.371636
1014,1404182,"Contratação de empresa na prestação de serviço de mão de obra terceirizada , cuja empregados seja regidos pela consolidação das leis trabalhistas (CLT), para atender as necessidades da (s) áreas (s) de auxilio administrativo II (capital), auxilio administrativo II ( interior) e copeiro com as especificações e quantitativo previsto nesses termos .",SERVNAC FACILITIES SERVICE E LOGISTICA LTDA.,08200003,1742685672.0,365,-0.737905,94,ALTO,2025-10-31,2026-04-05 18:00:43.371636
2013,1376692,"CONTRATUALIZAÇÃO DO SALDO DISPONÍVEL NA ATA DE REGISTRO DE PREÇO Nº 2025/04671, COM VIGÊNCIA DE 12 MESES, QUE TEM POR OBJETO OS SERVIÇOS EM HORAS, SOBREAVISOS E PROCEDIMENTOS PARA PROFISSIONAIS DE SAÚDE NA CATEGORIA DE MÉDICOS ANESTESIOLOGISTAS, PARA ATENDER AS NECESSIDADES DO HOSPITAL GERAL DE FORTALEZA - HGF/SESA  FORNECEDOR:  COOPERATIVA DOS MEDICOS ANESTESIOLOGISTAS DO CEARA COOPANEST CE",COOPERATIVA DOS MÉDICOS ANESTESIOLOGISTAS DO CEARÁ,24200184,1788035564.0,365,-0.737905,94,ALTO,2025-06-16,2026-04-05 18:00:43.371636
1157,1403776,"Prestação de serviço diário de alimentação, consistindo na cocção, preparo, armazenamento e porcionamento de refeições prontas, elaboradas na cozinha industrial instalada nas dependências da Unidade Prisional Francisco Hélio Viana de Araújo, destinadas à comunidade carcerária e servidores, em exercício, com o fornecimento de material de consumo, a disponibilização de equipamentos e utensílios em comodato e manutenção dos utensílios existentes na UP PACATUBA, nas condições estabelecidas neste contrato e no Termo de Referência do edital e na proposta do CONTRATADO.",CWM INDUSTRIA ALIMENTICIA LTDA,18000000,1748480305.0,365,-0.737905,94,ALTO,2025-10-17,2026-04-05 18:00:43.371636
1585,1386029,"CONTRATUALIZAÇÃO DE SALDO ORIUNDO DA ATA DE REGISTRO DE PREÇOS Nº 2025/08467, DECORRENTE DO PREGÃO ELETRÔNICO Nº 2022/0698, REFERENTE À PRESTAÇÃO DE SERVIÇOS ESPECIALIZADOS DE TÉCNICO DE ENFERMAGEM, CALCULADOS EM HORAS/ANO, PELO PERÍODO DE 12 (DOZE) MESES, VISANDO ATENDER ÀS NECESSIDADES DO HOSPITAL GERAL CÉSAR CALS (HGCC).",COOPERATIVA DE TRABALHO DE ATENDIMENTO PRE-HOSPITALAR LTDA COAPH,24200194,1698925739.0,365,-0.737905,94,ALTO,2025-08-18,2026-04-05 18:00:43.371636
1507,1389036,"Prestação de serviços contínuos, a serem executados com dedicação exclusiva de mão de obra terceirizada, regidos pela Consolidação das Leis Trabalhistas (CLT), para as categorias, condições e quantidades estabelecidas no instrumento, no Termo de Referência - CGCT/SAP e na proposta da Contratada.",IMPACTO SERVIÇOS TERCEIRIZADOS LTDA,18000000,1585979447.0,365,-0.737406,93,ALTO,2025-08-29,2026-04-05 18:00:43.371636
344,1412743,"Restauração da CE-085 no Trecho Entr. CE-156 (Acende Candeia) - Entr. CE-341 (Quatro Bocas) (4,62 km), no município de São Gonçalo do Amarante - CE.",TERPA CONSTRUCOES S/A,43200007,1664707311.0,365,-0.737406,93,ALTO,2026-01-26,2026-04-05 18:00:43.371636
1591,1386815,"Contratação de empresa para prestação de serviços
contínuos a serem executados com dedicação exclusiva de mão de obra terceirizada, regidos pela
Consolidação da Leis Trabalhistas (CLT) para as categorias, condições e quantidades estabelecidas
no Termo de Referência e seus anexos",LAR ANTONIO DE PADUA,30000000,1599337128.0,365,-0.737406,93,ALTO,2025-08-14,2026-04-05 18:00:43.371636
1599,1383497,"Aquisição de 92 (noventa e dois) veículos operacionais do tipo Camioneta/SUV, de médio porte, com caracterização e blindagem parcial, visando atender às necessidades da Polícia Militar do Estado do Ceará (PMCE). MAPP 001",RENAULT DO BRASIL SA,10100003,1689646608.0,365,-0.737406,93,ALTO,2025-08-13,2026-04-05 18:00:43.371636
585,1410589,"O objeto do presente instrumento é a contratação de empresa para prestação de serviços contínuos a
serem executados com dedicação exclusiva de mão de obra terceirizada, regidos pela Consolidação da Leis Trabalhistas (CLT) para as categorias do Lote IV, condições e quantidades estabelecidas no edital e seus
anexos. EMPRESA PRONTA RESPOSTA
SERVIÇOS DE SEGURANÇA LTDA.",PRONTA RESPOSTA SERVIÇOS DE SEGURANÇA EIRELLI -ME,22000000,1624238232.0,365,-0.737406,93,ALTO,2025-12-04,2026-04-05 18:00:43.371636
2430,1366766,"O objeto do presente instrumento é a contratação de empresa para prestação de serviços contínuos a
serem executados com dedicação exclusiva de mão de obra terceirizada, regidos pela Consolidação da Leis
Trabalhistas (CLT) para as categorias do Lote V, condições e quantidades estabelecidas no Termo de
Referência e seus anexos. EMPRESA SERVNAC SOLUÇÕES CORPORATIVAS LTDA.",SERVNAC SOLUCOES CORPORATIVAS LTDA,22000000,1508621064.0,365,-0.737406,93,ALTO,2025-04-15,2026-04-05 18:00:43.371636
1155,1399950,"Implementação de sistema de iluminação pública eficiente e sustentável, com o uso de tecnologias modernas na CE-155, na área do Complexo Industrial e Portuário do Pecém - CIPP.",COSAMPA PROJETOS E CONSTRUCOES LTDA,08200013,1086449254.0,335,-0.73714,93,ALTO,2025-10-17,2026-04-05 18:00:43.371636
1681,1384202,"AQUISIÇÃO DE ALFAGALSIDASE, 1MG/ML, SOLUCAO INJETAVEL, FRASCO/AMPOLA 3,5 ML PARA ATENDER DEMANDAS JUDICIAIS.",CM HOSPITALAR S.A.,24200004,1419449304.0,365,-0.73616,93,ALTO,2025-08-05,2026-04-05 18:00:43.371636
873,1406680,"O objeto desta dispensa de licitação é o Lote I, a contratação de empresa para prestação de serviços
contínuos a serem executados com dedicação exclusiva de mão de obra terceirizada, regidos pela Consolidação da Leis Trabalhistas (CLT) para as categorias, condições e quantidades estabelecidas neste
termo e seus anexos. EMPRESA VERDE SEGURANÇA DE
VALORES LTDA.",VERDE SEGURANCA DE VALORES LTDA,22000000,1379345784.0,365,-0.73616,93,ALTO,2025-11-13,2026-04-05 18:00:43.371636
1085,1402196,"O objeto do presente instrumento é a contratação de empresa para prestação de serviços contínuos a
serem executados com dedicação exclusiva de mão de obra terceirizada, regidos pela Consolidação da Leis
Trabalhistas (CLT) para as categorias, condições e quantidades estabelecidas no edital e seus Anexos. EMPRESA NORTH SEGURANÇA
LTDA.",NORTH SEGURANCA LTDA,22000000,1371278172.0,365,-0.73616,93,ALTO,2025-10-24,2026-04-05 18:00:43.371636
863,1407240,"Contratualização da ATA  2025/04299, para contratação de profissionais de saúde na categoria de ENFERMEIROS, por 12 (doze) meses, no valor de R$ 13.985.475,52, para suprir as necessidades do HMCASG.",COOPERATIVA DE TRABALHO DE ATENDIMENTO PRE-HOSPITALAR LTDA COAPH,24200214,1398547552.0,365,-0.73616,93,ALTO,2025-11-14,2026-04-05 18:00:43.371636
2428,1366784,"O objeto do presente instrumento é a contratação de empresa para prestação de serviços contínuos a
serem executados com dedicação exclusiva de mão de obra terceirizada, regidos pela Consolidação da Leis
Trabalhistas (CLT) para as categorias do Lote III, condições e quantidades estabelecidas no Termo de
Referência e seus anexos. EMPRESA FORTAL TERCEIRIZAÇÃO DE MÃO DE OBRA LTDA.",FORTAL TERCEIRIZAÇÃO DE MÃO DE OBRA LTDA,22000000,1357447692.0,365,-0.73616,93,ALTO,2025-04-15,2026-04-05 18:00:43.371636
1572,1386115,"O objeto da licitação é a contratação de empresa para prestação de serviços contínuos a
serem executados com dedicação exclusiva de mão de obra terceirizada nas unidades de ensino e
administrativas vinculadas a Secretaria da Educação, regidos pela Consolidação da Leis Trabalhistas (CLT)
para as categorias, condições e quantidades estabelecidas neste termo.",ATHOS ASSESSORIA E SERVICOS TERCEIRIZADOS EIRELI,22000000,1384446156.0,365,-0.73616,93,ALTO,2025-08-19,2026-04-05 18:00:43.371636
1722,1412327,"O objeto do presente instrumento é a prestação dos serviços de revisão geral, incluindo fornecimento e instalações de peças e materiais para os Veículos Leves Sobre Trilhos - VLTA¿s 15 e 16, nas condições estabelecidas neste contrato e no Termo de Referência do edital e na proposta do CONTRATADO",CONSORCIO TSM-2025,08200007,392150262.0,519,-0.736088,93,ALTO,2025-07-31,2026-04-05 18:00:43.371636
1091,1402500,Contratação de Serviços Técnicos Especializados de Pesquisa e Aconselhamento em Tecnologia da Informação.,GARTNER DO BRASIL SERV DE PESQUISAS LTDA,46000000,251581248.0,791,-0.735839,93,ALTO,2025-10-24,2026-04-05 18:00:43.371636
143,1417318,Aquisição de 104.072 vales-gas para famílias com vulnerabilidade social em 183 municípios do Estado,NACIONAL GAS BUTANO DISTRIBUIDORA LTDA,47000000,1002525576.0,303,-0.735698,93,ALTO,2026-03-03,2026-04-05 18:00:43.371636
1735,1382711,CONSTRUÇÃO DE UMA EEEP NO MUNICÍPIO DE AMONTADA - CE,DUPLO M CONSTRUTORA LTDA,22000000,180078084.0,854,-0.734844,93,ALTO,2025-07-30,2026-04-05 18:00:43.371636
2338,1368132,"Contratação emergencial de empresa para prestação de serviços contínuos a serem executados com dedicação exclusiva de mão de obra terceirizada, regidos pela Consolidação da Leis Trabalhistas (CLT), para atender às necessidades da Secretaria dos Direitos Humanos ¿ SEDIH, de acordo com as especificações e quantitativos previstos no Termo de Referência.",PRIME - LOCACAO DE MAO DE OBRA E TERCEIRIZACAO DE SERVICOS LTDA,63000000,654887508.0,90,-0.733695,93,ALTO,2025-04-29,2026-04-05 18:00:43.371636
381,1412436,"CONSTRUÇÃO DA PRAÇA MARECHAL DO AR CASEMIRO MONTENEGRO FILHO, EM FORTALEZA - CE.",CONSTRUTORA CETRO LTDA,43200007,325184226.0,577,-0.733105,93,ALTO,2026-01-16,2026-04-05 18:00:43.371636
429,1411859,SERVIÇOS DE MANUTENÇÃO CORRETIVA E PREVENTIVA EM PRÉDIOS PÚBLICOS - HOSPITAL UNIVERSITÁRIO DO CEARÁ (HUC).,SALINAS EMPREENDIMENTOS E CONSTRUCOES LTDA ,43200007,441072206.0,486,-0.733024,93,ALTO,2025-12-19,2026-04-05 18:00:43.371636
1533,1387560,"Contratação de empresa para prestação de serviços contínuos a serem executados com dedicação exclusiva de mão de obra terceirizada, regidos pela Consolidação das Leis Trabalhistas (CLT) para as categorias, condições e quantidades estabelecidas no termo de referência e seus anexos, através de licitação, na modalidade PREGÃO, com critério de julgamento MENOR PREÇO, sob regime de execução indireta EMPREITADA POR PREÇO GLOBAL, com base na Lei Federal n° 14.133/2021.",SEGURO SEGURANÇA LTDA,08200003,1290568512.0,365,-0.732924,93,ALTO,2025-08-26,2026-04-05 18:00:43.371636
1683,1382923,"CONTRATAÇÃO DE EMPRESA PARA PRESTAÇÃO DE SERVIÇOS CONTÍNUOS A SEREM EXECUTADOS COM DEDICAÇÃO EXCLUSIVA DE MÃO DE OBRA TERCEIRIZADA, REGIDOS PELA CONSOLIDAÇÃO DA LEIS TRABALHISTAS (CLT) NA ÁREA TÉCNICA E ADMINISTRATIVA, CONDIÇÕES E QUANTIDADES ESTABELECIDAS, DE ACORDO COM O CONTRATO 063/2025.",CENTRAL DE TERCEIRIZAÇÃO DE SERVIÇOS LTDA,19000000,1225843476.0,365,-0.732924,93,ALTO,2025-08-05,2026-04-05 18:00:43.371636
2356,1367959,"SERVIÇOS AUXILIARES À OPERAÇÃO, ADMINISTRAÇÃO, MANUTENÇÃO E CONSERVAÇÃO DOS AEROPORTOS REGIONAIS DE JERICOACOARA (SBJE) E CANOA QUEBRADA (SBAC).",DIX EMPREENDIMENTOS LTDA,36000000,1217857632.0,365,-0.732924,93,ALTO,2025-04-28,2026-04-05 18:00:43.371636
1716,1382586,"Contratualização da ATA  2025/04671, por 12 (doze) meses, no valor de R$ 12.468.199,38, referente a prestação de serviços de médicos anestesiologistas, para suprir as necessidades do HMCASG.",COOPERATIVA DOS MÉDICOS ANESTESIOLOGISTAS DO CEARÁ,24200214,1246819938.0,365,-0.732924,93,ALTO,2025-08-01,2026-04-05 18:00:43.371636
47,1420929,"CONTRATAÇÃO DE EMPRESA PARA PRESTAÇÃO DE SERVIÇOS CONTÍNUOS A SEREM EXECUTADOS COM DEDICAÇÃO EXCLUSIVA DE MÃO DE OBRA TERCEIRIZADA, REGIDOS PELA CONSOLIDAÇÃO DA LEIS TRABALHISTAS (CLT) PARA ATENDER AS NECESSIDADES DA ÁREA TÉCNICA E ADMINISTRATIVA, de acordo com o contrato nº 013/2026.",CERTA SERVIÇOS EMPRESARIAIS E REPRESENTAÇÕES EIRELI,19000000,1228775184.0,365,-0.732924,93,ALTO,2026-03-18,2026-04-05 18:00:43.371636
1081,1402332,"CT Nº 091/2025 - UGP/PSJ III - 2ª Fase - Execução da reforma do prédio comercial que sediará o Centro de Comercialização da Agricultura Familiar - Armazém do Campo Fortaleza, conforme cláusula 1.1 do anexo II do Edital, no âmbito do Projeto de Desenvolvimento Rural Sustentável ¿ PDRS ¿ Projeto São José III ¿ 2ª Fase.",CONSTRUTORA BEIJA-FLOR LTDA,21000000,231815796.0,730,-0.732857,93,ALTO,2025-10-24,2026-04-05 18:00:43.371636
905,1406407,"Serviço de manutenção predial da Unidade Prisional de Ensino, Capacitação e Trabalho de Itaitinga - UPECT ITAITINGA.",KG CONSTRUÇÕES LTDA - EPP,43200007,317440995.0,546,-0.731124,93,ALTO,2025-11-12,2026-04-05 18:00:43.371636
718,1409985,"Contratação direta da concessionária Enel Ceará, responsável pelo fornecimento e distribuição de energia elétrica às unidades do DETRAN-CE atendidas em baixa e alta tensão, totalizando atualmente 199 postos (25 em alta tensão e 174 em baixa tensão), com possibilidade de expansão para fornecimento/ligação de novas unidades.",COMPANHIA ENERGETICA DO CEARA - ENEL,08200003,186945661.0,3652,-0.731111,92,ALTO,2025-11-27,2026-04-05 18:00:43.371636
288,1413809,"Contratação de serviços especializados em horas/ano de MÉDICO REGULADOR, para atender as necessidades das unidades de saúde da Rede SESA, de acordo com as especificações e quantitativos previstos neste termo.",COOPERATIVA DE TRABALHO DE ATENDIMENTO PRE-HOSPITALAR LTDA COAPH,24200004,1172832401.0,365,-0.730943,92,ALTO,2026-02-06,2026-04-05 18:00:43.371636
2419,1366749,"O objeto do presente instrumento é a contratação de empresa para prestação de serviços contínuos a
serem executados com dedicação exclusiva de mão de obra terceirizada, regidos pela Consolidação da Leis
Trabalhistas (CLT) para as categorias do Lote IV, condições e quantidades estabelecidas no Termo de
Referência e seus anexos. EMPRESA
FORTAL TERCEIRIZAÇÃO DE MÃO DE OBRA
LTDA.",FORTAL TERCEIRIZAÇÃO DE MÃO DE OBRA LTDA,22000000,1147132008.0,365,-0.730943,92,ALTO,2025-04-16,2026-04-05 18:00:43.371636
1709,1382825,"Contratualização da Ata Nº 2025/04671 oriundo do PE 20240654 referente a serviços em horas / ano e procedimentos na área médica de ANESTESIOLOGIA, junto à arrematante COOPERATIVA DOS MEDICOS ANESTESIOLOGISTAS DO CEARA COOPANEST CE, no valor total de R$ 11.538.376,06 (onze milhões, quinhentos e trinta e oito mil, trezentos e setenta e seis reais e seis centavos), afim de atender às necessidades do Hospital do Infantil Albert Sabin, HIAS/SESA, por período de 12 (doze) meses.",COOPERATIVA DOS MÉDICOS ANESTESIOLOGISTAS DO CEARÁ,24200204,1153837606.0,365,-0.730943,92,ALTO,2025-08-01,2026-04-05 18:00:43.371636
1639,1387070,"Aquisição de material de higiene pessoal (absorvente higiênico íntimo normal), para atender
às demandas da Rede Estadual de Ensino",JFV BEZERRA LTDA,22000000,1140086016.0,365,-0.730943,92,ALTO,2025-08-11,2026-04-05 18:00:43.371636
2309,1368658,CONTRATAÇÃO DE EMPRESA PARA REALIZAÇÃO DE SERVIÇOS DE LOCAÇÃO DE VEÍCULOS DESCARACTERIZADOS TIPO CAMIONETE PARA ATENDER AS NECESSIDADES DA POLÍCIA CIVIL.,SUPORTE SERVICOS E COMERCIO LTDA,10100002,167700000.0,912,-0.730744,92,ALTO,2025-05-02,2026-04-05 18:00:43.371636
1062,1405817,"CONCLUSÃO DA CONSTRUÇÃO DA EEM TIPO I - 12 SALAS, TELINA MATOS PIRES, EM AQUIRAZ-CE. CT 400/2025.",FORTCON SERVICOS E CONSTRUCOES LTDA,22000000,1129953908.0,365,-0.730696,92,ALTO,2025-10-29,2026-04-05 18:00:43.371636
105,1418915,Contratação para Manutenção e desenvolvimento do sistema de registro mercantil.,R2DA TECNOLOGIA LTDA,56200007,1075595436.0,365,-0.730448,92,ALTO,2026-03-09,2026-04-05 18:00:43.371636
270,1416292,"Prestação dos Serviços de substituições de dormentes de concreto monobloco para via lastreada e
dormentes do tipo LVT para via em laje de concreto, na Linha Sul da Companhia Cearense de Transportes
Metropolitanos METROFOR",MPE ENGENHARIA E SERVIÇOS S/A,08200007,179855000.0,1096,-0.729997,92,ALTO,2026-02-11,2026-04-05 18:00:43.371636
1727,1382356,CONTRATAÇÃO DE SERVIÇOS DE PRESTAÇÃO DE MÃO DE OBRA TERCEIRIZADA  ( APOIO ADMINISTRATIVO ) PARA ATENDER AS NECESSIDADES DA POLÍCIA CIVIL,SLS TERCEIRIZAÇÃO DE SERVIÇOS EIRELI-EPP,10100002,999228952.0,364,-0.729954,92,ALTO,2025-07-31,2026-04-05 18:00:43.371636
328,1418973,"Contratação para o desenvolvimento, implementação, manutenção corretiva e evolutiva de sistema informatizado com funcionalidades de autenticação facial, chamada de vídeo e análise inteligente de processos com uso de inteligência artificial.",EMPRESA DE TECNOLOGIA DA INFORMACAO DO CEARA ETICE,46200009,1047141727.0,365,-0.729461,92,ALTO,2026-01-28,2026-04-05 18:00:43.371636
280,1413618,"Contratação de empresa especializada em manutenção elétrica, mecânica e eletrônica, abrangendo a operação de sistemas, ações preventivas, intervenções corretivas e serviços eventuais sob demanda na Subestação de Alta Tensão (SE CTE 69 kV), Subestação de Distribuição em Média Tensão (SE 13,8 kV) e Sistema de Refrigeração e Climatização no Centro de Eventos do Ceará (CEC), com fornecimento de materiais de consumo e peças de reposição, utilizando instrumentos e ferramental próprio, nas condições estabelecidas no edital e seus anexos.",NORMATEL ENGENHARIA LTDA,08000000,167580144.0,1826,-0.729457,92,ALTO,2026-02-09,2026-04-05 18:00:43.371636
1117,1412347,"PRESTAÇÃO DE SERVIÇOS DE VIGILÂNCIA A SEREM EXECUTADOS NA LINHA OESTE, NAS CIDADES DE FORTALEZA E CAUCAIA.",THOMPSON SEGURANCA LTDA                 ,08200007,978605232.0,364,-0.729214,92,ALTO,2025-10-23,2026-04-05 18:00:43.371636
2491,1366541,LOCAÇÃO DE VEÍCULOS CAMINHONETE 4x4 PARA ADAGRI.,VERDE SERVICE LTDA,56200006,174599928.0,730,-0.728655,92,ALTO,2025-04-08,2026-04-05 18:00:43.371636
2038,1376075,"Eventual contratação de serviços de reparos preventivos e corretivos, instalações, adaptações, recuperação e modernização de edificações e demais instalações da contratante, localizados nos municípios do interior do Estado do Ceará, excetuando aqueles localizados na região metropolitana de Fortaleza, para a Secretaria da Proteção Social.",CETUS CONSTRUTORA EIRELI,47000000,1000000008.0,365,-0.728474,92,ALTO,2025-06-12,2026-04-05 18:00:43.371636
1092,1402200,"O objeto da licitação é a contratação EMERGENCIAL de empresa para prestação de serviços contínuos a serem executados com dedicação exclusiva de mão de obra terceirizada, regidos pela Consolidação da Lei Trabalhistas (CLT) para as categorias, condições e quantidades estabelecidas neste termo, edital e seus anexos.",CERTA SERVIÇOS EMPRESARIAIS E REPRESENTAÇÕES EIRELI,18000000,992097156.0,365,-0.728474,92,ALTO,2025-10-24,2026-04-05 18:00:43.371636
431,1411861,"É a contratação de empresa para prestação de serviços contínuos a serem executados com dedicação exclusiva de mão de obra terceirizada, regidos pela Consolidação da Leis Trabalhistas (CLT) para as categorias, condições e quantidades estabelecidas no Termo de Referência, edital e seus anexos.","TBX CONSERVACAO, CONSTRUCAO ,SERVICOS E EQUIPAMENTOS ELETRONICOS LTDA",56200012,971381664.0,365,-0.727735,92,ALTO,2025-12-19,2026-04-05 18:00:43.371636
2406,1366786,"Contratação dos Serviços Auxiliares de Administração, Operação, Conservação e Manutenção dos Aeroportos Regionais de Sobral (SN6L), Camocim
(SNWC), São Benedito (SWBE), Crateús (SNWS), Tauá (SDZG), Campos Sales (SNCS), Iguatu (SNIG) e Quixadá (SNQX).",VISAC SERVICOS AEROPORTUARIOS LTDA,36000000,977296236.0,365,-0.727735,92,ALTO,2025-04-22,2026-04-05 18:00:43.371636
1110,1401909,"Serviços compreendendo o provimento de recursos em nuvem pública, provendo o SaaS Google Workspace, serviços de treinamento, serviços de Implantação, migração de dados, configuração, parametrização e ajustes para nuvem pública.",GOLDEN TECHNOLOGIA LTDA - ME,30200003,981277400.0,365,-0.727735,92,ALTO,2025-10-23,2026-04-05 18:00:43.371636
1983,1377851,"Contratação de empresa para aquisição de insumos para manutenção das unidades prisionais do Sistema Penitenciário do Estado do Ceará, nas condições estabelecidas neste contrato e no Termo de Referencia do edital e na proposta do CONTRATADO.",RUDA COM DE MATERIAL DE CONSTRUCAO LTDA,18000000,973227727.0,365,-0.727735,92,ALTO,2025-06-18,2026-04-05 18:00:43.371636
891,1406767,"Contratação de empresa para prestação de serviços contínuos a serem executados com dedicação exclusiva de mão de obra terceirizada, regidos pela Consolidação da Leis Trabalhistas (CLT) para atender as necessidades das áreas de Asseio e Conservação, Informática e Transporte, desenvolvidas pela Escola de Saúde de Pública do Ceará Paulo Marcelo Martins Rodrigues-ESP/CE.",LAR ANTONIO DE PADUA,24200003,974336868.0,365,-0.727735,92,ALTO,2025-11-13,2026-04-05 18:00:43.371636
2490,1367013,"Repasse de obrigações financeiras de modo a assegurar o custeio de todas as atividades de saúde a serem desenvolvidas pelo o Consórcio Público de Saúde do Juazeiro do Norte - 
Policlinica Regional de Barbalha Tipo II.",CONSORCIO P DE S DA MICRO JUAZEIRO NORTE,24200004,717449638.0,267,-0.727653,92,ALTO,2025-04-08,2026-04-05 18:00:43.371636
1216,1397772,"Contratação de empresa na prestação de serviços de mão de obra terceirizada, cujos empregados sejam regidos pela CONSOLIDAÇÃO DAS LEIS TRABALHISTAS (CLT), para atenderas necessidades da área TÉCNICA E ADMINISTRATIVA",SLS TERCEIRIZAÇÃO DE SERVIÇOS LTDA,56000000,917343576.0,365,-0.727489,92,ALTO,2025-10-09,2026-04-05 18:00:43.371636
2482,1366794,Repasse de obrigações financeira de modo a assegurar o custeio de todas as atividades de saúde a serem desenvolvidas pelo o Consórcio Público de Saúde do Brejo Santo - Policlínica Regional do Brejo Santo Tipo I,CONSORCIO PUB DE SAUDE MICRO BREJO SANTO,24200004,677861597.0,267,-0.727407,92,ALTO,2025-04-08,2026-04-05 18:00:43.371636
1744,1383748,"Contratação por instrumento particular de compra e venda imóvel no Empreendimento no Programa Minha Casa Minha Vida -PMCMV na produção de  100 unidades habitacionais Residencial  Deputado Oriel Nunes I (APF 631.232-61 ) no Município de  Icó,  com Aporte Complementar do Governo do Estado do Ceará.",CAIXA ECONOMICA FEDERAL,43000000,147653604.0,730,-0.726686,92,ALTO,2025-07-30,2026-04-05 18:00:43.371636
1793,1380957,SERVIÇOS DE MANUTENÇÃO CORRETIVA E PREVENTIVA EM PRÉDIOS PÚBLICOS - HCM - BLOCO CENTRO CIRÚRGICOS (SESA).,KG CONSTRUÇÕES LTDA - EPP,43200007,292344497.0,549,-0.72644,91,ALTO,2025-07-18,2026-04-05 18:00:43.371636
1815,1380616,Serviço de manutenção preventiva e corretiva em Prédios Públicos - Unidade Prisional Vasco Damasceno Weyne (UP Itaitinga 5).,KG CONSTRUÇÕES LTDA - EPP,43200007,286123434.0,549,-0.725948,91,ALTO,2025-07-16,2026-04-05 18:00:43.371636
1784,1380726,"Aquisição de subscrição de licença de uso de software VMware com direito a suporte técnico do fabricante, manutenção e atualização de versões, de acordo com o contrato 061/2025.",LANLINK SOLUCOES E COMERCIALIZACAO EM INFORMATICA S/A,19000000,143739104.0,1096,-0.725833,91,ALTO,2025-07-22,2026-04-05 18:00:43.371636
2163,1372616,"Contratação emergencial de empresa para prestação de serviços contínuos a serem executado com dedicação exclusiva de mão de obra terceirizada, cujos empregados sejam, regidos pela Consolidação das Leis Trabalhistas (CLT), para as categorias, Apoio Administrativo, Técnico e Operacional, condições e quantidades estabelecidas no edital e seus anexos.",SLS TERCEIRIZAÇÃO DE SERVIÇOS LTDA,18000000,889313328.0,365,-0.725768,91,ALTO,2025-05-23,2026-04-05 18:00:43.371636
2423,1367058,"O objeto do presente instrumento é a contratação de empresa para prestação de serviços a serem
executados com dedicação exclusiva de mão de obra terceirizada de vigilância nas unidades de ensino e
administrativas vinculadas a Secretaria da Educação, regidos pela Consolidação da Leis Trabalhistas (CLT),
Lote I, para as condições e quantidades estabelecidas neste termo.  EMPRESA SERVAL SERVICOS DE
SEGURANCA LTDA.",SERVAL SERVICOS DE SEGURANCA LTDA,22000000,885453336.0,365,-0.725768,91,ALTO,2025-04-15,2026-04-05 18:00:43.371636
2160,1372485,"CONTRATAÇÃO DE EMPRESA PARA PRESTAÇÃO DE SERVIÇOS CONTÍNUOS A SEREM EXECUTADOS COM DEDICAÇÃO EXCLUSIVA DE MÃO DE OBRA TERCEIRIZADA, REGIDOS PELA CONSOLIDAÇÃO DA LEIS TRABALHISTAS (CLT) PARA AS CATEGORIAS, CONDIÇÕES E QUANTIDADES ESTABELECIDAS NO TERMO DE REFERÊNCIA POR UM PRAZO DE 12 (DOZE) MESES.",ATHOS ASSESSORIA E SERVICOS TERCEIRIZADOS EIRELI,31200006,881074236.0,365,-0.725768,91,ALTO,2025-05-23,2026-04-05 18:00:43.371636
1726,1382576,"Pavimentação da Rodovia CE-378 no trecho: Barrocas ao KM 8,5 da CE-378, com extensão de 8,57 KM.",J L CONSTRUCOES E LOCACOES LTDA,43200007,705778328.0,218,-0.725764,91,ALTO,2025-07-31,2026-04-05 18:00:43.371636
375,1412214,EXECUÇÃO INTEGRAL DO EMPREENDIMENTO REFERENTE A REFORMA DO ANTIGO PRÉDIO DO ABRIGO DESEMBARGADOR OLÍVIO CÂMARA (ADOC) PARA O FUNCIONAMENTO DA NOVA SEDE DO CENTRO SOCIOEDUCATIVO ALDACI BARBOSA MOTA ¿ CSABM.,CONSORCIO CSABM,43200007,136000000.0,821,-0.725075,91,ALTO,2026-01-19,2026-04-05 18:00:43.371636
2167,1373967,"O objeto do presente instrumento é a contratação de empresa para prestação de serviços de mão de obra terceirizada, cujos empregados sejam regidos pela CONSOLIDAÇÃO DAS LEIS TRABALHISTAS (CLT).",PATRIMONIAL EMPREEND EM VIGIL ELET LTDA,47000000,857712504.0,364,-0.723921,91,ALTO,2025-05-23,2026-04-05 18:00:43.371636
474,1411656,"Contratualização da ATA Nº 195/2025, por 06 (seis) meses, no valor de R$ 4.923.715,66, para atender as necessidades do HCASG.",SAO JUDAS MATERIAIS MEDICOS LTDA,24200214,492371566.0,181,-0.723916,91,ALTO,2025-12-10,2026-04-05 18:00:43.371636
172,1416741,"Serviço de fornecimento de cabos elétricos com instalação, incluindo interligação em subestação para a ARENA MULTIUSO MAURO SAMPAIO - ESTADIO ROMEIRÃO, EM JUAZEIRO DO NORTE-CE.",CONSÓRCIO ESTADIO ROMEIRÃO,43200007,474762716.0,181,-0.723916,91,ALTO,2026-02-26,2026-04-05 18:00:43.371636
1944,1377960,Serviços em Nuvem Integrada de Segurança com Videomonitoramento e Controle de Acesso.,IPQ TECNOLOGIA LTDA,30200003,821966720.0,364,-0.723186,91,ALTO,2025-06-25,2026-04-05 18:00:43.371636
2091,1374150,Serviço de Manutenção estrutural da Unidade Prisional Agente Penitenciário Luciano Andrade Lima - UP ITAITINGA 1.,KG CONSTRUÇÕES LTDA - EPP,43200007,407901144.0,458,-0.722581,91,ALTO,2025-06-03,2026-04-05 18:00:43.371636
852,1407743,"AQUISIÇÃO DE MEDICAMENTO: ELTROMBOPAGUE OLAMINA, COMPRIMIDO REVESTIDO, 25MG   -   ELTROMBOPAGUE OLAMINA, COMPRIMIDO REVESTIDO, 50MG. PARA ATENDER O COMPONENTE ESPECIALIZADO DA ASSISTÊNCIA FARMACÊUTICA - CEAF",ONCOEXO DISTRIBUIDORA DE MEDICAMENTOS LTDA,24200004,211880228.0,43,-0.722242,91,ALTO,2025-11-18,2026-04-05 18:00:43.371636
389,1412460,"O objeto do presente instrumento é a prestação dos serviços de Transporte Escolar para a Rede
Pública Estadual de Ensino dos Municípios da CREDE 19 (Barbalha / Caririaçu / Farias Brito / Granjeiro /
Jardim / Juazeiro Do Norte), por demanda, nas condições estabelecidas neste contrato e no Termo de
Referência do edital e na proposta do CONTRATADO. EMPRESA DIEGO FALCÃO
SERVIÇOS LTDA.",DIEGO FALCAO SERVICOS LTDA,22000000,850229325.0,365,-0.722208,91,ALTO,2026-01-12,2026-04-05 18:00:43.371636
2456,1369578,"Contrato nº 147/2025. O objeto do presente instrumento é a execução da obra de CONSTRUÇÃO DE UM CENTRO DE EDUCAÇÃO INFANTIL - CEI, NO MUNICÍPIO DE CRATO - CE, nas condições estabelecidas
neste contrato, nas Especificações Técnicas do edital e na proposta do CONTRATADO.",GLEDSOM CONSTRUÇÕES LTDA - EPP,22000000,232753335.0,640,-0.721684,91,ALTO,2025-04-11,2026-04-05 18:00:43.371636
1669,1383782,"Contratação por instrumento particular de compra e venda imóvel no Empreendimento no Programa Minha Casa Minha Vida -PMCMV na produção de  150 unidades habitacionais Residencial  Dr. Antônio Correa I(APF 631.233-75) no Município de  Barbalha, com Aporte Complementar do Governo do Estado do Ceará.",CAIXA ECONOMICA FEDERAL,43000000,134158086.0,730,-0.721411,91,ALTO,2025-08-06,2026-04-05 18:00:43.371636
2233,1371375,CONSTRUÇÃO DE UMA EEM NO MUNICÍPIO DE QUIXADÁ - CE. CT 219/2025.,FORTEKS ENGENHARIA E SERVICOS ESPECIAIS LTDA,22000000,133222493.0,730,-0.721411,91,ALTO,2025-05-13,2026-04-05 18:00:43.371636
1450,1391178,"Aquisição do Imóvel Fazenda Santa Maria, no município de Crateús",EDMILSON MOURAO SOARES,21200003,248670851.0,90,-0.721044,91,ALTO,2025-09-05,2026-04-05 18:00:43.371636
2123,1373490,Serviços de Manutenção Preventiva e Corretiva na Unidade Prisional Feminina Desembargadora Auri Moura Costa.,KG CONSTRUÇÕES LTDA - EPP,43200007,345554562.0,461,-0.720872,91,ALTO,2025-05-29,2026-04-05 18:00:43.371636
197,1416437,SERVIÇO DE LOCAÇÃO DE EQUIPAMENTOS (MICROCOMPUTADORES) PARA ATENDER AS NECESSIDADES DA FUNECE,SIMPRESS COMERCIO LOCACAO E SERVICOS LTDA,31200001,125702784.0,1461,-0.720871,91,ALTO,2026-02-24,2026-04-05 18:00:43.371636
2011,1377440,"AQUISIÇÃO DE CANAQUINUMABE, 150 MG/ML, SOLUÇÃO INJETÁVEL, FRASCO/AMPOLA 1ML (ILARIS) PARA ATENDER DEMANDAS JUDICIAIS.",ONCOEXO DISTRIBUIDORA DE MEDICAMENTOS LTDA,24200004,817154832.0,365,-0.720744,91,ALTO,2025-06-16,2026-04-05 18:00:43.371636
1990,1377409,"Refere-se a Contratação do saldo remanescente da Ata de Registro de Preços nº 2025/04671, originada do Pregão Eletrônico nº 2024/0654 e da Ordem de Compra nº 43612/2025, para a prestação de serviços  em hora/ano, sobreaviso e procedimentos/diagnósticos de Médico Anestesiologista pelo período de 12 (doze) meses, visando atender às necessidades do Hospital Geral Dr. César Cals (HGCC).",COOPERATIVA DOS MÉDICOS ANESTESIOLOGISTAS DO CEARÁ,24200194,799689125.0,365,-0.720744,91,ALTO,2025-06-17,2026-04-05 18:00:43.371636
1001,1404796,"O objeto do presente instrumento é a contratação de empresa para prestação de serviços contínuos a
serem executados com dedicação exclusiva de mão de obra terceirizada, regidos pela Consolidação da Leis Trabalhistas (CLT) para as categorias do Lote III, condições e quantidades estabelecidas no edital e seus anexos. EMPRESA SERVAL SERVICOS DE
SEGURANCA LTDA.",SERVAL SERVICOS DE SEGURANCA LTDA,22000000,819451476.0,365,-0.720744,91,ALTO,2025-11-03,2026-04-05 18:00:43.371636
1607,1383381,"Aquisição de 44 (quarenta e quatro) veículos operacionais do tipo Camioneta/SUV, de médio porte, com caracterização e blindagem parcial, visando atender às necessidades da Polícia Militar do Estado do Ceará (PMCE). MAPP 455",RENAULT DO BRASIL SA,10200008,808091856.0,365,-0.720744,91,ALTO,2025-08-13,2026-04-05 18:00:43.371636
2384,1367562,"Prestação de serviços especializados na área da saúde relacionado a procedimentos com finalidade diagnóstica e cirurgias na especialidade de cardiologia ofertados pela iniciativa privada, direcionado aos usuários do Sistema Único de Saúde - SUS e regulados pela Central de Regulação do Estado do Ceará ou por unidades da Rede Hospitalar da SESA.",PRONTOCARDIO SERVIÇOS MÉDICOS HOSPITALARES S/A,24200004,813876078.0,365,-0.720744,91,ALTO,2025-04-24,2026-04-05 18:00:43.371636
2156,1372905,Contratação de empresa para prestação de serviços contínuos a serem executados com dedicação exclusiva de mão de obra terceirizada para o IPEM/CE.,QS QUALIDADE EM SERVICOS LTDA,56200012,774016572.0,365,-0.7205,90,ALTO,2025-05-26,2026-04-05 18:00:43.371636
1732,1382671,CONSTRUÇÃO DE UMA EEM NO MUNICÍPIO DE FORTALEZA (ALAMEDAS DAS PALMEIRAS) - CE,FORTEKS ENGENHARIA E SERVICOS ESPECIAIS LTDA,22000000,126579061.0,730,-0.720429,90,ALTO,2025-07-31,2026-04-05 18:00:43.371636
2287,1369222,"CONTRATO nº 112/2025. O objeto do presente instrumento é a execução da obra de CONSTRUÇÃO DE UM CENTRO DE EDUCAÇÃO INFANTIL ¿ CEI, NO MUNICÍPIO DE CROATÁ - CE, nas condições estabelecidas neste contrato, nas Especificações Técnicas do edital e na proposta do CONTRATADO.",M. R. PEREIRA NOBRE ENGENHARIA,22000000,208180262.0,641,-0.719977,90,ALTO,2025-05-05,2026-04-05 18:00:43.371636
423,1411917,"AQUISIÇÃO DE BRENTUXIMABE VEDOTINA, 50MG, PO LIOFILIZADO PARA SOLUCAO INJETAVEL, FRASCO/AMPOLA PARA ATENDER DEMANDAS JUDICIAIS.",CM HOSPITALAR S.A.,24200004,69383376.0,9,-0.719866,90,ALTO,2025-12-22,2026-04-05 18:00:43.371636
1751,1382149,SERVIÇO DE MANUTENÇÃO PREDIAL PARA A UNIDADE PRISIONAL FRANCISCO HÉLIO VIANA DE ARAÚJO - UP PACATUBA- CE.,SALINAS EMPREENDIMENTOS E CONSTRUCOES LTDA ,43200007,336093258.0,455,-0.719654,90,ALTO,2025-07-29,2026-04-05 18:00:43.371636
2130,1373430,Serviço de Manutenção da Unidade Prisional de Triagem e Observação criminológica- UPTOC.,KG CONSTRUÇÕES LTDA - EPP,43200007,276343367.0,485,-0.719218,90,ALTO,2025-05-29,2026-04-05 18:00:43.371636
1304,1398417,CONSTRUÇÃO DE UMA EEM PICI DAS PEDREIRAS NO MUNICÍPIO DE FORTALEZA - CE. CT 380/2025.,CONSORCIO CONSTRUTOR PICI,22000000,119286874.0,730,-0.718969,90,ALTO,2025-09-29,2026-04-05 18:00:43.371636
235,2026000006,"Contratação de empresa para prestação de serviços contínuos a serem executados com dedicação exclusiva de mão de obra terceirizada, regidos pela Consolidação da Leis Trabalhistas (CLT) para atender as necessidades da área de Administrativa da Superintendência Estadual do Meio Ambiente – Semace, nas categorias de: Assistente Administrativo III, Assistentes Técnicos I, II e IV, nas condições e quantidades estabelecidas no edital e seus anexos e na proposta do contratado.",NEW LEAF CONCEITO SERVIÇOS TERCEIRIZADOS LTDA,57200001,460926299.0,314,-0.718934,90,ALTO,2026-02-20,2026-04-05 18:00:43.371636
1809,1381580,Serviço de manutenção preventiva e corretiva em Prédios Públicos - Secretaria de Proteção Social - SPS .,KG CONSTRUÇÕES LTDA - EPP,43200007,251604142.0,549,-0.71876,90,ALTO,2025-07-16,2026-04-05 18:00:43.371636
2148,1372690,"AQUISIÇÃO DE MEDICAMENTO POR MEIO DE DISPENSA DE LICITAÇÃO - ITEM: SUPLEMENTO ALIMENTAR, CALCIO ELEMENTAR 600MG + COLECALCIFEROL 400UI.",PLENAMED DISTRIBUIDORA DE MEDICAMENTOS E PRODUTOS MEDICOS HOSPITALARES LTDA,24200004,402181065.0,184,-0.718585,90,ALTO,2025-05-26,2026-04-05 18:00:43.371636
1839,1380585,"Contrato nº 249/2025. CONCLUSÃO DA CONSTRUÇÃO DE UM CENTRO DE EDUCAÇÃO INFANTIL - CEI, EM AIUABA.",FORTCON SERVICOS E CONSTRUCOES LTDA,22000000,222539934.0,580,-0.718274,90,ALTO,2025-07-11,2026-04-05 18:00:43.371636
329,1412934,"Pavimentação da CE-176 no Trecho: Entr. BR-226 (Independência) - Vila da Cachoeira do Fogo, no Município de Independência - CE, com extensão de 20,90 km.",CONSTRUTORA ALICERCE LTDA,43200007,230500006.0,546,-0.718274,90,ALTO,2026-01-28,2026-04-05 18:00:43.371636
1049,1403497,"Aquisição de expansão de solução de hiperconvergência, em conjunto com os respectivos serviços de implantação, instalação, configuração, integração, suporte técnico, transferência de conhecimento e assistência técnica/manutenção preventiva.",CLM SOFTWARE COMERCIO IMPORTACAO E EXPORTACAO LTDA,46000000,61400500.0,1826,-0.718116,90,ALTO,2025-10-29,2026-04-05 18:00:43.371636
964,1405542,"ATA de registro de preços Nº 114212025, Pregão eletrônico  02752025, que tem como objeto aquisição - GÊNEROS DE ALIMENTAÇÃO APLV",ART MEDICA COM E REP PROD HOST LTDA,24200204,183228432.0,55,-0.718086,90,ALTO,2025-11-06,2026-04-05 18:00:43.371636
2070,1374674,"contratação de empresa para prestação de serviço de mão de obra terceirizada nas áreas de apoio administrativo, limpeza e transportes.
Ocorrerá através da modalidade dispensa de licitação, em razão da situação emergencial e urgente que nos encontramos com o serviço atualmente contratado, decorrente do descumprimento de cláusulas contratuais e obrigações trabalhistas.",CERTA SERVIÇOS EMPRESARIAIS E REPRESENTAÇÕES EIRELI,56200006,738775728.0,365,-0.718017,90,ALTO,2025-06-05,2026-04-05 18:00:43.371636
469,1411587,"O objeto do presente instrumento é a contratação de empresa para prestação de serviços contínuos a serem executados com dedicação exclusiva de mão de obra terceirizada, regidos pela Consolidação das Leis Trabalhistas (CLT) para as categorias, condições e quantidades estabelecidas no edital e seus anexos.",CERTA SERVIÇOS EMPRESARIAIS E REPRESENTAÇÕES EIRELI,31200003,739186164.0,365,-0.718017,90,ALTO,2025-12-11,2026-04-05 18:00:43.371636
722,1409281,"CONTRATAÇÃO DE SERVIÇO DE FORNECIMENTO DE ÁGUA TRATADA E COLETA DE ESGOTO PARA AS MATRÍCULAS N° 00210.9, 01284.5, 39812.8, 02793.9, 03081.9, 01922.9, 01374.4, 54704.4 e 01600.1",SERVIÇO AUTONOMO DE AGUA E ESGOTO DE SOBRAL ,31200002,58389324.0,3652,-0.717311,90,ALTO,2025-11-27,2026-04-05 18:00:43.371636
1588,1389323,CONSTRUÇÃO DE UMA EEM NO MUNICÍPIO DE MARACANAÚ (MUCUNÃ) - CE,CONSORCIO PIO / R&S ESCOLA MACUNA,22000000,105066580.0,730,-0.716733,90,ALTO,2025-08-14,2026-04-05 18:00:43.371636
1901,1379987,CONSTRUÇÃO DE UMA EEM NO MUNICÍPIO DE CAMOCIM (SEDE) - CE.,CONSORCIO CARNEIRO AZEVEDO E MIZE ENGENHARIA,22000000,111503872.0,730,-0.71649,90,ALTO,2025-07-01,2026-04-05 18:00:43.371636
2238,1372495,"O objeto do presente instrumento é a execução da obra de CONSTRUÇÃO DE UMA ESCOLA DE ENSINO MÉDIO, URBANA, TIPO I, COM 12 (DOZE) SALAS DE AULA, NO MUNICÍPIO DE TAUÁ/CE, nas condições estabelecidas neste contrato, nas Especificações Técnicas do edital e na proposta do CONTRATADO - DUPLO M CONSTRUTORA LTDA.",DUPLO M CONSTRUTORA LTDA,22000000,113591105.0,730,-0.71649,90,ALTO,2025-05-13,2026-04-05 18:00:43.371636
1759,1385937,"Contrato nº 253/2025. CONCLUSÃO CONSTRUÇÃO DO CENTRO DE EDUCAÇÃO INFANTIL - CEI, NO MUNICÍPIO DE UMARI - CE",LUZ ENGENHARIA E SERVICOS EIRELI,22000000,209514552.0,580,-0.716333,90,ALTO,2025-07-28,2026-04-05 18:00:43.371636
911,1407065,"Perfuração e Instalação de Poços no ambiente cristalino, em diversos municípios do Estado do Ceará.",TERRA PERFURACOES LTDA - EPP,43200008,383978491.0,304,-0.716203,90,ALTO,2025-11-12,2026-04-05 18:00:43.371636
580,1410509,"AQUISIÇÃO DE ELTROMBOPAGUE OLAMINA, COMPRIMIDO REVESTIDO, 25MG, UNIDADE 1.0 COMPRIMIDO. MARCA: NOVARTIS, ELTROMBOPAGUE OLAMINA, COMPRIMIDO REVESTIDO, 50MG, UNIDADE 1.0 COMPRIMIDO. MARCA: NOVARTIS Solicitação de compra de medicamento para atender à demanda do Componente Especializado da Assistência Farmacêutica (CEAF)",ONCOEXO DISTRIBUIDORA DE MEDICAMENTOS LTDA,24200004,85962562.0,27,-0.715654,90,ALTO,2025-12-04,2026-04-05 18:00:43.371636
859,1407265,"ATA de registro de preços Nº 202507522, Pregão eletrônico  05852025, que tem como objeto aquisição - GÊNEROS DE ALIMENTAÇÃO APLV",ART MEDICA COM E REP PROD HOST LTDA,24200204,142936508.0,44,-0.715575,90,ALTO,2025-11-17,2026-04-05 18:00:43.371636
2084,1374311,"Trata-se do credenciamento do Instituto do Câncer do Ceará - Hospital São Raimundo, inscrito no CNPJ nº: 07.265.515/0005-96, no âmbito do Edital de Credenciamento nº 02/2025, cujo objeto é a prestação de serviços especializados na área da saúde, relacionados a procedimentos com finalidade diagnóstica e cirúrgica na especialidade de cardiologia, ofertados pela iniciativa privada e destinados aos usuários do Sistema Único de Saúde ¿ SUS, regulados pela Central de Regulação do Estado do Ceará ou por unidades da Rede Hospitalar da SESA.",INSTITUTO DO CANCER DO CEARÁ ,24200004,668556134.0,365,-0.715512,89,MÉDIO,2025-06-03,2026-04-05 18:00:43.371636
982,1406093,"Trata-se do requerimento de credenciamento da Santa Casa de Misericórdia de Sobral - Hospital do Coração, inscrito no CNPJ nº 07.818.313/0007-96, no âmbito do Edital de Credenciamento nº 02/2025, cujo objeto é a habilitação de prestadores de serviços de saúde para a realização de cirurgias eletivas em cardiologia, em caráter complementar ao Sistema Único de Saúde (SUS).",SANTA CASA DE MISERICORDIA DE SOBRAL,24200004,668489048.0,365,-0.715512,89,MÉDIO,2025-11-05,2026-04-05 18:00:43.371636
65,1421205,"CT 031/2026 - CODAF - Constitui objeto do presente instrumento a prestação de serviços para implantação de Projetos Produtivos Irrigados ¿ PIMP, contemplando a implementação de 354 (trezentos e cinquenta e quatro) projetos, no valor total de R$ 6.751.401,86 (seis milhões, setecentos e cinquenta e um mil, quatrocentos e um reais e oitenta e seis centavos), destinados ao fortalecimento da produção agrícola e ao desenvolvimento das atividades produtivas no âmbito do projeto.",DANIEL GOMES FELIPE ME,21000000,675140188.0,365,-0.715512,89,MÉDIO,2026-03-17,2026-04-05 18:00:43.371636
1134,1400516,"SERVIÇOS DE MANUTENÇÃO CORRETIVA E PREVENTIVA EM PRÉDIOS PÚBLICOS - SECULT - PAISAGISMO DA PRAÇA VERDE, IRRIGAÇÃO, PINTURAS, MURO DE
PROTEÇÃO, GRADIL E BAR DO AVIÃO.",KG CONSTRUÇÕES LTDA - EPP,43200007,214840351.0,547,-0.715364,89,MÉDIO,2025-10-21,2026-04-05 18:00:43.371636
2485,1369648,APOIO TÉCNICO AO PROJETO DE REGULARIZAÇÃO FUNDIÁRIA NOS MUTIRÕES DA COHAB NO MUNICÍPIO DE FORTALEZA-CE.,INSTITUTO AGROPOLOS DO CEARA,43000000,471687972.0,357,-0.715329,89,MÉDIO,2025-04-08,2026-04-05 18:00:43.371636
1354,1393204,"Contratação de empresa na prestação de serviços de mão de obra terceirizada, cujos empregados sejam regidos pela CONSOLIDAÇÃO DAS LEIS DO TRABALHO (CLT), para atender as
necessidades da Secretaria da Saúde do Estado do Ceará na área de TELEFONISTA do SERVIÇO DE ATENDIMENTO MÓVEL DE URGÊNCIA - SAMU 192 CEARÁ e HGF.",REAL SERVICOS DE LOCACAO DE MAO DE OBRA LTDA,24200004,664461444.0,365,-0.714787,89,MÉDIO,2025-09-19,2026-04-05 18:00:43.371636
1539,1387895,"Contratação de empresa na prestação de serviços de mão de obra terceirizada, cujos empregados sejam regidos pela CONSOLIDAÇÃO DAS LEIS TRABALHISTAS (CLT), para atender as necessidades da(s) área(s) Administrativas e Processamento de Dados da Sede da Secretaria da Administração Penitenciária e Ressocialização do Estado do Ceará de acordo com as especificações e quantitativos previstos neste termo.",SERCON SERVICOS E CONSTRUCOES LTDA,18000000,658899603.0,365,-0.714545,89,MÉDIO,2025-08-26,2026-04-05 18:00:43.371636
652,1409591,"Despesa com serviços de manutenção de instalações físicas de acordo com ATA 34024/2024, para o HMCASG.",KG CONSTRUÇÕES LTDA - EPP,24200214,83237178.0,30,-0.714445,89,MÉDIO,2025-12-01,2026-04-05 18:00:43.371636
187,1422455,"Contratação de empresa para execução dos serviços de implantação e implementação da Unidade de Acolhimento à população LGBTI+, no município de Fortaleza,
no âmbito do Programa Integrado de Prevenção e Redução da Violência do Estado do Ceará - PReVio.",UNIVERSIDADE PATATIVA DO ASSARÉ,30000000,207999397.0,548,-0.714155,89,MÉDIO,2026-02-25,2026-04-05 18:00:43.371636
170,1416940,"A contratação de empresa especializada na prestação de serviços de mão de obra terceirizada, com empregados regidos pela Consolidação das Leis do Trabalho (CLT), para atender às necessidades nas áreas Técnica e Administrativa, Serviços Diversos, Tecnologia da Informação e Transporte da Sede da Secretaria das Mulheres.",NEW LEAF CONCEITO E SERVIÇOS TERCEIRIZADOS LTDA,62000000,638150184.0,365,-0.714062,89,MÉDIO,2026-02-27,2026-04-05 18:00:43.371636
1934,1378019,"O objeto do presente instrumento é a contratação de empresa para prestação de serviços contínuos a
serem executados com dedicação exclusiva de mão de obra terceirizada, regidos pela Consolidação da Leis
Trabalhistas (CLT) para as categorias do Lote Único, condições e quantidades estabelecidas no Termo de
Referência e seus anexos. EMPRESA
FORTAL TERCEIRIZAÇÃO DE MÃO DE OBRA
LTDA.",FORTAL TERCEIRIZAÇÃO DE MÃO DE OBRA LTDA,22000000,630822396.0,365,-0.714062,89,MÉDIO,2025-06-25,2026-04-05 18:00:43.371636
1138,1400095,"O objeto do presente instrumento é a contratação de empresa para prestação de serviços
contínuos a serem executados com dedicação exclusiva de mão de obra terceirizada nas
unidades de ensino e administrativas vinculadas a Secretaria da Educação (LOTE 1), regidos pela
Consolidação da Leis Trabalhistas (CLT) para as categorias, condições e quantidades
estabelecidas no Termo de Referência e seus anexos. EMPRESA SLS
TERCEIRIZAÇÃO DE SERVIÇOS LTDA.",SLS TERCEIRIZAÇÃO DE SERVIÇOS EIRELI-EPP,22000000,632361108.0,365,-0.714062,89,MÉDIO,2025-10-20,2026-04-05 18:00:43.371636
1311,1395517,CONSTRUÇÃO DE UMA EEM TIPO I NO MUNICÍPIO DE RUSSAS (SEDE) - CE. 376/2025.,BWS CONSTRUCOES LTDA ME,22000000,102959995.0,730,-0.7139,89,MÉDIO,2025-09-26,2026-04-05 18:00:43.371636
1598,1385012,"Contratação de empresa especializada para prestação de serviços comuns de intermediação, administração e gerenciamento informatizados, utilizando a tecnologia de cartão eletrônico ou micro-processado, para o fornecimento de combustíveis, em rede de postos credenciados, com vistas ao atendimento das necessidades operacionais da Secretaria da Proteção Animal - SEPA.",LINK CARD ADMINISTRADORA DE BENEFICIOS EIRELI-EPP,70000000,46102459.0,1826,-0.713825,89,MÉDIO,2025-08-13,2026-04-05 18:00:43.371636
1441,1389092,"O  objeto  do  presente  instrumento  é  a  REFORMA  E  AMPLIAÇÃO   DA  CRECHE  DA UNIDADE  PRISIONAL  FEMININA  DESEMBARGADORA  AURI  MOURA  COSTA  -  UPF,  nas condições  estabelecidas neste contrato,  nas Especificações Técnicas  do Edital e na proposta do CONTRATADO.",CONSTRUTORA AC LTDA,18200004,164380794.0,577,-0.713672,89,MÉDIO,2025-09-08,2026-04-05 18:00:43.371636
1094,1401432,"O objeto do presente instrumento é a contratação de empresa para prestação de serviços
contínuos a serem executados com dedicação exclusiva de mão de obra terceirizada, regidos pela
Consolidação da Leis Trabalhistas (CLT) para as categorias, condições e quantidades estabelecidas
no edital e seus anexos.",NORTH SEGURANCA LTDA,22000000,616546464.0,365,-0.713579,89,MÉDIO,2025-10-23,2026-04-05 18:00:43.371636
1183,1400358,"Serviço de alimentação diária, na forma de refeição pronta, destinado à comunidade carcerária (pessoas privadas de liberdade) e servidores das Unidades Prisionais do Sistema Penitenciário do Estado do Ceará, com o fornecimento de material de consumo, nas condições estabelecidas no contrato e no Termo de Referência do edital, e na proposta do CONTRATADO.",I.S.M. GOMES DE MATTOS EIRELI,18000000,609889450.0,365,-0.713579,89,MÉDIO,2025-10-15,2026-04-05 18:00:43.371636
1760,1382398,"Contratação de empresa na prestação de serviços contínuos de mão de obra terceirizada, a serem executados com dedicação exclusiva, cujos empregados sejam regidos pela Consolidação das Leis Trabalhistas (CLT), para atender as necessidades das áreas técnicas - administrativa, Tecnologia da Informação e Comunicação - TIC, transporte, asseio e conservação e saúde da Secretaria dos Direitos Humanos do Estado do Ceará.",LAR ANTONIO DE PADUA,63000000,614370864.0,365,-0.713579,89,MÉDIO,2025-07-28,2026-04-05 18:00:43.371636
1351,1393473,Serviços de Manutenção Preventiva e Corretiva das instalações Físicas Prediais - Comissão Executiva do Vestibular - CEV da UECE.,SALINAS EMPREENDIMENTOS E CONSTRUCOES LTDA ,43200007,201544114.0,546,-0.713431,89,MÉDIO,2025-09-22,2026-04-05 18:00:43.371636
936,1405996,"AQUISIÇÃO DE TENECTEPLASE, 40MG, PO LIOFILIZADO PARA SOLUCAO INJETAVEL, FRASCO/AMPOLA + DILUENTE 8ML, UNIDADE 1.0 FRASCO / AMPOLA. MARCA: METALYSE 40 MG / BOEHRINGER,TENECTEPLASE, 50MG, PO LIOFILIZADO PARA SOLUCAO INJETAVEL, FRASCO/AMPOLA + DILUENTE 10ML, UNIDADE 1.0 FRASCO / AMPOLA. MARCA: METALYSE 50 MG / BOEHRINGER. PARA ATENDER ÀS UNIDADES DE SAÚDE DO ESTADO DO CEARÁ",ONCO PROD DISTRIBUIDORA DE PRODUTOS HOSPITALARES E ONCOLOGICOS LTDA.,24200004,121295452.0,51,-0.713194,89,MÉDIO,2025-11-10,2026-04-05 18:00:43.371636
392,1411833,"Constitui objeto do presente instrumento a contratação de empresa especializada para a prestação de serviços de locações de veículos automotores, incluindo sistema para monitoramento de veículo em tempo real (rastreador), manutenção, seguro e quilometragem livre, atendendo às necessidades da Academia Estadual de Segurança Pública do Ceará (AESP/CE).",CS BRASIL FROTAS S.A.,10200017,100458708.0,730,-0.713176,89,MÉDIO,2026-01-12,2026-04-05 18:00:43.371636
1777,1381986,"Tem por objeto a solicitação de autorização e providências para contratação emergencial de empresa especializada em prestação de serviços terceirizados nas áreas de asseio e conservação, informática (TI) e transporte",FORTAL EMPREENDIMENTOS EIRELI,42000000,582276948.0,365,-0.713096,89,MÉDIO,2025-07-23,2026-04-05 18:00:43.371636
886,1406864,AQUISIÇÃO DE VEÍCULOS SEMIBLINDADOS ATRAVÉS DA ADESÃO A ARP Nº 033/2025 DA SENASP E ORDEM DE COMPRA Nº 96999/2025 PARA ATENDER AS NECESSIDADES DA POLÍCIA CIVIL.,RENAULT DO BRASIL SA,10200007,514240272.0,364,-0.713096,89,MÉDIO,2025-11-13,2026-04-05 18:00:43.371636
1565,1386649,"Contratação de empresa para prestação de serviços contínuos a serem executados com dedicação exclusiva de mão de obra terceirizada, regidos pela Consolidação da Leis Trabalhistas (CLT) para as categorias, condições e quantidades estabelecidas neste termo, edital e seus anexos.",SLS TERCEIRIZAÇÃO DE SERVIÇOS LTDA,31200005,572079126.0,365,-0.712855,89,MÉDIO,2025-08-20,2026-04-05 18:00:43.371636
322,1412950,"CONTRATAÇÃO DE SERVIÇOS EM HORAS/ANO, NA ÁREA DE TÉCNICO DE ENFERMAGEM PARA ATENDER AS NECESSIDADES DESTA UNIDADE HOSPITALAR",COOPERATIVA DE TRABALHO DE ATENDIMENTO PRE-HOSPITALAR LTDA COAPH,10100013,566254584.0,365,-0.712855,89,MÉDIO,2026-01-29,2026-04-05 18:00:43.371636
15,1422737,SERVIÇOS DE MANUTENÇÃO CORRETIVA E PREVENTIVA - COBERTURA DO GP8 DA CEASA.,SALINAS EMPREENDIMENTOS E CONSTRUCOES LTDA ,43200007,245375376.0,487,-0.712819,88,MÉDIO,2026-03-27,2026-04-05 18:00:43.371636
1460,1389832,SERVIÇOS DE MANUTENÇÃO CORRETIVA E PREVENTIVA EM PRÉDIOS PÚBLICOS - CENTRO SOCIOEDUCATIVO CANINDEZINHO- CE.,SALINAS EMPREENDIMENTOS E CONSTRUCOES LTDA ,43200007,196092677.0,546,-0.712707,88,MÉDIO,2025-09-04,2026-04-05 18:00:43.371636
2193,1371840,"AQUISIÇÃO DOS MEDICAMENTOS IMPORTADOS VOSORITIDA, 0,4MG/0,5ML, PO LIOFILIZADO PARA SOLUCAO INJETAVEL, FRASCO/AMPOLA + SERINGA PREENCHIDA (VOXZOGO), VOSORITIDA, 0,56 MG / 0,7ML, PO LIOFILIZADO PARA SOLUCAO INJETAVEL, FRASCO/AMPOLA + SERINGA PREENCHIDA (VOXZOGO) E VOSORITIDA, 1,2MG/0,6ML, PO LIOFILIZADO PARA SOLUCAO INJETAVEL, FRASCO/AMPOLA + SERINGA PREENCHIDA (VOXZOGO) PARA ATENDER DEMANDAS JUDICIAIS.",MULTICARE PHARMACEUTICALS LTDA ,24200004,372494052.0,225,-0.712292,88,MÉDIO,2025-05-20,2026-04-05 18:00:43.371636
1574,1386576,SERVIÇOS DE MANUTENÇÃO CORRETIVA E PREVENTIVA EM PRÉDIOS PÚBLICOS - UNIDADE PRISIONAL GOVERNADOR STÊNIO GOMES - UP STÊNIO GOMES/CE.,KG CONSTRUÇÕES LTDA - EPP,43200007,193448309.0,549,-0.712225,88,MÉDIO,2025-08-19,2026-04-05 18:00:43.371636
1984,1377416,"Contratação de empresa especializada para implantação de solução com inteligência artificial destinada a aprimorar os canais de comunicação com o cidadão, no âmbito do Programa para a Transformação Digital do Governo do Estado do Ceará (Programa Ceará Mais Digital)",EMPRESA DE TECNOLOGIA DA INFORMACAO DO CEARA ETICE,46000000,194370646.0,547,-0.712225,88,MÉDIO,2025-06-18,2026-04-05 18:00:43.371636
198,1416031,MANUTENÇÃO PREDIAL - PREVENTIVA E CORRETIVA NO COMANDO GERAL DA POLÍCIA MILITAR - CISP.,SALINAS EMPREENDIMENTOS E CONSTRUCOES LTDA ,43200007,245494909.0,485,-0.712096,88,MÉDIO,2026-02-24,2026-04-05 18:00:43.371636
967,1405571,"AQUISIÇÃO DE PEMBROLIZUMABE, SOLUCAO INJETAVEL, FRASCO/AMPOLA 4ML, 100MG/4ML PARA ATENDER DEMANDAS JUDICIAIS.",CM HOSPITALAR S.A.,24200004,124618264.0,55,-0.711784,88,MÉDIO,2025-11-06,2026-04-05 18:00:43.371636
1302,1394809,Aquisição de reagentes e insumos para qualificação do sangue do doador e realização de testes pré-transfusionais do paciente com equipamento em comodato para suprir a necessidade da Hemorrede.,GRIFOLS BRASIL LTDA,24200424,508620936.0,365,-0.71165,88,MÉDIO,2025-09-29,2026-04-05 18:00:43.371636
42,1422300,"Realização de cirurgias eletivas em múltiplas especialidades e exames especializados de média e alta complexidade, com a finalidade de atender pacientes em período pré-operatório e/ou pós-operatório, com a premissa de que o exame faz parte da linha de cuidados da cirurgia, em conformidade com as diretrizes do Sistema Único de Saúde (SUS), visando ampliar a oferta assistencial e reduzir a demanda reprimida identificada pela Central de Regulação do Estado do Ceará na região sul do estado, consoante com a necessidade da administração pública, atendendo as normas estabelecidas no edital de credenciamento e na Lei Federal nº 14.133/2021.",INSTITUTO DE SAUDE PLENUS (ISP),24200004,521465045.0,365,-0.71165,88,MÉDIO,2026-03-20,2026-04-05 18:00:43.371636
2361,1367888,"Cláusula 2a
: O presente CONTRATO tem por objeto regular as condições, procedimentos, direitos e obrigações
das PARTES, em relação ao uso do SISTEMA DE DISTRIBUIÇÃO.
Parágrafo Único: As condições específicas do uso do SISTEMA DE DISTRIBUIÇÃO são as descritas na tabela
Condições Específicas, constante no início deste CONTRATO, e as Condições Gerais, são as neste documento
descritas.",COMPANHIA ENERGETICA DO CEARA - ENEL,27000000,517094251.0,365,-0.71165,88,MÉDIO,2025-04-26,2026-04-05 18:00:43.371636
983,1405271,"AQUISIÇÃO DE OCRELIZUMABE, SOLUCAO PARA DILUICAO PARA INFUSAO, FRASCO/AMPOLA 10ML, 30MG/ML PARA ATENDER DEMANDAS JUDICIAIS.",PRODUTOS ROCHE QUIMICOS E FARMACEUTICOS,24200004,129945864.0,56,-0.711543,88,MÉDIO,2025-11-05,2026-04-05 18:00:43.371636
1937,1379063,"Pavimentação da CE-473, Trecho: Carnaubinha - Entr. BR-226 (A) / CE-371 (A) (Milhã), no Município de Milhã - CE.",CONSTRUTORA SAMARIA LTDA,43200007,165000000.0,539,-0.711262,88,MÉDIO,2025-06-25,2026-04-05 18:00:43.371636
789,1408376,"SERVIÇOS DE MANUTENÇÃO CORRETIVA E PREVENTIVA EM PRÉDIOS PÚBLICOS - QUARTEL PM DA CPJM (localizada na AV. VISCONDE DO RIO BRANCO, 2515 - JOAQUIM TÁVORA - FORTALEZA/CE.",KG CONSTRUÇÕES LTDA - EPP,43200007,171914893.0,546,-0.711262,88,MÉDIO,2025-11-24,2026-04-05 18:00:43.371636
2500,1364841,"Contratação de empresa especializada para prestação de serviços de manutenção preventiva e corretiva com fornecimento de peças, bem como serviços de instalação e desinstalação de aparelhos de ar condicionado que compõem o sistema de climatização VRF (Volume Refrigerante Variável), compreendendo todo o material, equipamentos e pessoal necessário para suprir as necessidades da Secretaria da Segurança Pública e Defesa Social (SSPDS), nas condições estabelecidas neste contrato e no Termo de Referência do edital e na proposta do CONTRATADO.",ARFRIO COMÉRCIO E SERVIÇOS DE ARCONDICIONADOS LTDA - ME,10000000,95555256.0,730,-0.710958,88,MÉDIO,2025-04-07,2026-04-05 18:00:43.371636
383,1412421,"Contratação de empresa para prestação de serviços contínuos a serem executados com dedicação exclusiva de mão de obra terceirizada para Área de INFORMÁTICA para atender as necessidades da Perícia Forense do Estado do Ceará nos municípios de Fortaleza, Juazeiro do Norte, Canindé, Tauá, Russas, Crateús, Quixeramobim, Iguatu e Itapipoca.",SLS TERCEIRIZAÇÃO DE SERVIÇOS EIRELI-EPP,10100007,468795924.0,365,-0.710928,88,MÉDIO,2026-01-15,2026-04-05 18:00:43.371636
1966,1377240,"Contratação de empresa para prestação de serviços continua, a serem executadas com dedicação exclusiva de mão de obra terceirizada, regidos pela Constituição das Leis Trabalhistas (CLT), para as categorias, condições e quantidades estabelecidas neste instrumento, no Termo de Referencia ¿ CGCT/SAP e na proposta da Contratada.",EUROSERV BUSINESS & NEGOCIOS TERCEIRIZADOS LTDA,18000000,468467871.0,365,-0.710928,88,MÉDIO,2025-06-23,2026-04-05 18:00:43.371636
1182,1399166,"O objeto do presente instrumento é a contratação de empresa na prestação de serviços
de mão de obra terceirizada, cujos empregados sejam regidos pela consolidação das Leis
trabalhistas (CLT), para atender as necessidades de vigilância, para os prédios da SECULT
e seus equipamentos, nas condições estabelecidas neste contrato, no Termo de Referência
e na proposta do(a) CONTRATADO(A).",SERVNAC SEGURANCA LTDA,27000000,485560104.0,365,-0.710928,88,MÉDIO,2025-10-15,2026-04-05 18:00:43.371636
713,1410062,"Contratação direta da concessionária Enel Ceará, responsável pelo fornecimento e distribuição de energia elétrica às unidades do DETRAN-CE atendidas em baixa e alta tensão, totalizando atualmente 199 postos (25 em alta tensão e 174 em baixa tensão), com possibilidade de expansão para fornecimento/ligação de novas unidades.",COMPANHIA ENERGETICA DO CEARA - ENEL,08200003,33000000.0,3652,-0.710889,88,MÉDIO,2025-11-27,2026-04-05 18:00:43.371636
1071,1402755,"AQUISIÇÃO DE MEDICAMENTO: ELTROMBOPAGUE OLAMINA, COMPRIMIDO REVESTIDO, 25MG  -  ELTROMBOPAGUE OLAMINA, COMPRIMIDO REVESTIDO, 50MG. PARA ATENDER O COMPONENTE ESPECIALIZADO DA ASSISTÊNCIA FARMACÊUTICA - CEAF",ONCOEXO DISTRIBUIDORA DE MEDICAMENTOS LTDA,24200004,143599722.0,64,-0.710829,88,MÉDIO,2025-10-28,2026-04-05 18:00:43.371636
1781,1381532,SERVIÇOSDE MANUTENÇÃO CORRETIVA E PREVENTIVA EM PRÉDIOS PÚBLICOS - HOSPITAL VETERINÁRIO DA UECE.,SALINAS EMPREENDIMENTOS E CONSTRUCOES LTDA ,43200007,155961716.0,549,-0.7103,88,MÉDIO,2025-07-22,2026-04-05 18:00:43.371636
408,1412210,"Contratação de empresa para prestação de serviços contínuos a serem executados com dedicação exclusiva de mão de obra terceirizada, regidos pela Consolidação da Leis Trabalhistas (CLT), para atender as necessidades da área de Administrativa da Superintendência Estadual do Meio Ambiente - Semace, nas categorias de: Assistente Administrativo III, Assistentes Técnicos I, II e IV, de acordo com as especificações e quantitativos previstos neste termo.",NEW LEAF CONCEITO E SERVIÇOS TERCEIRIZADOS LTDA,57200001,460926299.0,365,-0.709967,88,MÉDIO,2025-12-29,2026-04-05 18:00:43.371636
1948,1380025,"CT 062/2025 - CEPAL - Constitui objeto desta contratação, conforme especificações constantes do Anexo I ¿ Termo de Referência, integrante deste instrumento, bem como no Aceite da Empresa CONTRATADA: 1.1.1.  Aquisição de 6 (seis) Servidor 1D ¿ Armazenamento de Objetos ¿ DataCore Swan; 1.1.2. Aquisição de 6 (seis) Servidor 2G ¿ Virtualização VSAN; 1.1.3. Aquisição de 3 (três) Servidor 2C ¿ Virtualização de Desktop 1.1.4. Aquisição de 3 (três) Servidor 2E ¿ Inteligência Artificial.",ZOOM TECNOLOGIA LTDA,21000000,33960000.0,1826,-0.709141,88,MÉDIO,2025-06-24,2026-04-05 18:00:43.371636
1390,1392384,SERVIÇOS DE MANUTENÇÃO CORRETIVA E PREVENTIVA EM PRÉDIOS PÚBLICOS - AUDITÓRIOS DO CAMPUS O ITAPERI.,SALINAS EMPREENDIMENTOS E CONSTRUCOES LTDA ,43200007,147436703.0,546,-0.70862,88,MÉDIO,2025-09-17,2026-04-05 18:00:43.371636
995,1405338,"Aquisição de servidores hiperconvergentes, com assistência técnica de 60 (sessenta) meses.",CLEAR TECNOLOGIA DA INFORMACAO S.A.,46000000,31490940.0,1826,-0.708422,88,MÉDIO,2025-11-04,2026-04-05 18:00:43.371636
923,1406138,"AQUISIÇÃO DE AGUA, SISTEMA FECHADO, FLEXIVEL, INERTE QUIMICAMENTE POLIETILENO, ISENTO DE PVC, SOLUCAO INJETAVEL, PARA INJETAVEL ENDOVENOSA, FRASCO OU BOLSA 500ML,CLORETO DE SODIO SOLUCAO FISIOLOGICA, 0,9% 9MG/ML, SOLUCAO INJETAVEL, FRASCO OU BOLSA 1000ML,CLORETO DE SODIO SOLUCAO FISIOLOGICA, 0,9% 9MG/ML, SOLUCAO INJETAVEL, FRASCO OU BOLSA 250ML,CLORETO DE SODIO SOLUCAO FISIOLOGICA, 0,9% 9MG/ML, SOLUCAO INJETAVEL, FRASCO OU BOLSA 500ML,CLORETO DE SODIO + GLICOSE SOLUCAO, 0,9% 9MG/ML + 5% 50G/ML SOLUCAO GLICOFISIOLOGICA 1:1, SOLUCAO INJETAVEL, FRASCO OU BOLSA 500ML,SOLUCAO DE GLICOSE, 5% 50 MG/ML, SOLUCAO INJETAVEL, FRASCO OU BOLSA 500ML,SOLUCAO DE GLICOSE, 5% 50 MG/ML, SOLUCAO INJETAVEL, FRASCO OU BOLSA 250ML,SOLUCAO DE MANITOL, 20% 200 MG/ML, SOLUCAO INJETAVEL, FRASCO OU BOLSA 250ML. PARA ATENDER ÀS UNIDADES DE SAÚDE DO ESTADO DO CEARÁ - SESA",FRESENIUS KABI BRASIL LTDA,24200004,101411392.0,50,-0.707828,88,MÉDIO,2025-11-11,2026-04-05 18:00:43.371636
1088,1398430,"Provimento de plataforma para virtualização de dados, além da contratação de serviços especializados por demanda, quantificado em USTs (Unidade de Serviço Técnico), de acordo com o contrato nº 092/2025.",EMPRESA DE TECNOLOGIA DA INFORMACAO DO CEARA ETICE,19000000,74960550.0,1096,-0.70754,87,MÉDIO,2025-10-24,2026-04-05 18:00:43.371636
1412,1392857,"Perfuração e Instalação de Poços no ambiente cristalino, em diversos municípios do Estado do Ceará.",TERRA PERFURACOES LTDA - EPP,43200008,442083703.0,365,-0.70733,87,MÉDIO,2025-09-12,2026-04-05 18:00:43.371636
1413,1391409,Serviços de manutenção predial - Muralha do antigo Instituto Penal Paulo Sarasate IPPS.,KG CONSTRUÇÕES LTDA - EPP,43200007,140279568.0,546,-0.706705,87,MÉDIO,2025-09-12,2026-04-05 18:00:43.371636
612,1409325,"Serviços de suporte nas modalidades Dell ProSupport Plus e Dell Post Standard Support  BREAK FIX para servidores e switches da marca Dell, contemplando manutenção preventiva e corretiva, com reposição de peças e substituição de equipamentos quando necessário, além de atualização de versões de software para atendimento integral dos equipamentos conforme
tabela contida no Termo de Referência; Referente ao Contrato 107/2025",DELL COMPUTADORES DO BRASIL LTDA,19000000,94984076.0,669,-0.705855,87,MÉDIO,2025-12-03,2026-04-05 18:00:43.371636
610,1410122,"SERVIÇOS EM HORA/ANO, SOBREAVISOS E PROCEDIMENTOS/DIAGNÓSTICOS DE MÉDICO ANESTESIOLOGISTA PARA ATENDER AS NECESSIDADES DESTA UNIDADE HOSPITALAR",COOPERATIVA DOS MÉDICOS ANESTESIOLOGISTAS DO CEARÁ,10100013,429098178.0,365,-0.705657,87,MÉDIO,2025-12-03,2026-04-05 18:00:43.371636
434,1411847,"Chamada de oportunidade para contratação da plataforma de solução do bem-estar e desenvolvimento socioemocional, com coleta de dados avaliativos e atenção psicológica, incluindo serviços especializados de desenvolvimento,
manutenção evolutiva e adaptativa, treinamento e suporte aos usuários.",GETEDU CONSULTORIA EM FORMACOES PROFISSIONAIS DE INFORMATICA LTDA,30200003,430321000.0,365,-0.705657,87,MÉDIO,2025-12-18,2026-04-05 18:00:43.371636
1712,1382917,AQUISIÇÃO - SERVIÇOS DE TERCEIROS - TÉCNICOS PROFISSIONAIS - EEM DOUTOR JOÃO RIBEIRO RAMOS - SOBRAL - CREDE 6,ACE ASSESSORIA CONTABIL LTDA,22000000,3000.0,11110,-0.705513,87,MÉDIO,2025-08-01,2026-04-05 18:00:43.371636
2077,1374531,SERVIÇOS DE MANUTENÇÃO CORRETIVA E PREVENTIVA NA FACHADA DO HOSPITAL INFANTIL ALBERT SABIN - HIAS/CE.,SALINAS EMPREENDIMENTOS E CONSTRUCOES LTDA ,43200007,143914903.0,497,-0.705144,87,MÉDIO,2025-06-04,2026-04-05 18:00:43.371636
821,1408175,AQUISIÇÃO DE NUTRO PREMIUM 1.5 PARA ATENDER DEMANDAS JUDICIAIS.,R V NUTRICAO E SAUDE LTDA,24200004,79704066.0,40,-0.70501,87,MÉDIO,2025-11-21,2026-04-05 18:00:43.371636
1790,1381071,"Qualificação da Rodovia CE-388, Trecho: Altaneira - Nova Olinda (12,97 km).",A.L. TEIXEIRA PINHEIRO,43200007,234730277.0,449,-0.704662,87,MÉDIO,2025-07-18,2026-04-05 18:00:43.371636
1265,1395797,"AQUISIÇÃO DE PEMBROLIZUMABE, SOLUCAO INJETAVEL, FRASCO/AMPOLA 4ML, 100MG/4ML PARA ATENDER DEMANDAS JUDICIAIS.",CM HOSPITALAR S.A.,24200004,124618264.0,89,-0.704526,87,MÉDIO,2025-10-03,2026-04-05 18:00:43.371636
1755,1382590,Contratação de Empresa para fornecimento de alimentação para as formações do projeto  Inteligentes  do Programa Integrado de Prevenção e Redução de Violência do Estado do Ceará - PReVio,FEDERAÇÃO DE TRIATHLON DO ESTADO DO CEARÁ,30000000,126366507.0,577,-0.704442,87,MÉDIO,2025-07-29,2026-04-05 18:00:43.371636
1776,1380408,"CT 080/2025 - CODECE - O objeto do presente instrumento é a aquisição de equipamentos que compõe o Kit Feira, sendo 1.350 (mil trezentos e cinquenta) Barracas (1,50x1,0x2,20), 162 (cento e sessenta e duas) Balanças Eletrônicas (15kg), 810 (oitocentos e dez) Caixa de Hortifruti, 810 (oitocentos e dez) Caixa Plástica branca vazada, 180 (cento e oitenta) mesas PVC quadradas, 360 (trezentos e sessenta) cadeiras plásticas, cor branca, tipo poltrona, nos termos do Processo Nº 21001.004815/2025-94, nas condições estabelecidas no Termo de Referência do edital e na proposta do CONTRATADO.",OMEGA DISTRIBUIDORA DE PRODUTOS ALIMENTICIOS LTDA,21000000,394011648.0,364,-0.704177,87,MÉDIO,2025-07-23,2026-04-05 18:00:43.371636
1266,1395762,"AQUISIÇÃO DE USTEQUINUMABE, 90MG, SOLUCAO INJETAVEL, SERINGA PREENCHIDA 1ML PARA ATENDER DEMANDAS JUDICIAIS.",JANSSEN - CILAG FARMACEUTICA LTDA,24200004,114503382.0,89,-0.703811,87,MÉDIO,2025-10-03,2026-04-05 18:00:43.371636
2445,1367087,Fornecimento de energia elétrica de Alta Tensão para atendimento à Secretaria da Proteção Social e suas unidades vinculadas.,COMPANHIA ENERGETICA DO CEARA COELCE,47000000,25000000.0,1826,-0.7038,87,MÉDIO,2025-04-14,2026-04-05 18:00:43.371636
858,1407652,"Aquisição de solução SOC - Security Operations Center e respectivo serviço de implantação, posterior monitoramento e suporte técnico.",NTSEC SOLUCOES EM TELEINFORMATICA LTDA,46000000,48521400.0,1157,-0.70336,87,MÉDIO,2025-11-17,2026-04-05 18:00:43.371636
931,1406107,"AQUISIÇÃO DE AGUA, PARA INJETAVEL, SOLUCAO INJETAVEL ENDOVENOSA AMPOLA 10ML,AGUA, FRASCO OU BOLSA 100ML, SISTEMA FECHADO, FLEXIVEL, INERTE QUIMICAMENTE POLIETILENO, ISENTO DE PVC, SOLUCAO INJETAVEL, PARA INJETAVEL, ENDOVENOSA, CLORETO DE SODIO SOLUCAO FISIOLOGICA, 0,9% 9MG/ML, SOLUCAO INJETAVEL, FRASCO OU BOLSA 100ML,CLORETO DE SODIO SOLUCAO FISIOLOGICA, 0,9%, SOLUCAO INJETAVEL, AMPOLA 10.0 MILILITRO. PARA ATENDER ÀS UNIDADES DE SAÚDE DO ESTADO DO CEARÁ - SESA",FARMACE IND QUIMICO FARM CEARENSE       ,24200004,89378742.0,50,-0.703293,87,MÉDIO,2025-11-11,2026-04-05 18:00:43.371636
41,1421318,AQUISIÇÃO DE CARABINA ATRAVÉS DA ORDEM DE COMPRA DE Nº 8259/2026 E ATA DE REGISTRO DE PREÇO Nº 2025/31597 PARA ATENDER AS NECESSIDADES DA POLICIA CIVIL,ISRAEL WEAPON INDUSTRIES (IWI) LTD.,10100002,414904523.0,365,-0.703224,87,MÉDIO,2026-03-20,2026-04-05 18:00:43.371636
2133,1373411,"Trata-se de prestação de serviços especializados na área da saúde relacionado a cirurgias eletivas na especialidade de ortopedia ofertados pela iniciativa privada, direcionado aos usuários do Sistema Único de Saúde - SUS e regulados pela Central de Regulação do Estado do Ceará.",FUNDACAO ANTONIA MARIA DA CONCEICAO,24200004,408410115.0,365,-0.703224,87,MÉDIO,2025-05-28,2026-04-05 18:00:43.371636
1135,1412307,"aquisição de dormentes monobloco para as Linhas Sul em Fortaleza CE e Norte em Sobral/Ce, nas condições estabelecidas neste contrato e no Termo de Referência do edital e na proposta do CONTRATADO.",CAVAN ROCBRA INDUSTRIA E COMERCIO DE PRE MOLDADOS DE CONCRETO S/A,08200007,85500000.0,729,-0.703073,87,MÉDIO,2025-10-21,2026-04-05 18:00:43.371636
1278,1395697,"Aquisição de dispositivos educacionais (tablets), visando atender demanda desta Secretaria da Educação do Estado do Ceará, de acordo com as especificações,
quantidades e exigências contidas no edital, termo de referência. CT 204/2025",MULTILASER INDUSTRIAL  S.A,22000000,398016000.0,365,-0.702749,87,MÉDIO,2025-10-01,2026-04-05 18:00:43.371636
401,1412205,"Aquisição de 15 (quinze) veículos automotores, modelo caminhonete tipo Pick-Up, tração 4x4, diesel, para atender às necessidades da Superintendência de Obras Públicas - SOP.",MITO COMERCIO DE VEICULOS LTDA,43200007,395675655.0,365,-0.702749,87,MÉDIO,2025-12-30,2026-04-05 18:00:43.371636
391,1413497,"SELEÇÃO E CONTRATAÇÃO DE CONSULTORIA PARA FORNECIMENTO, IMPLEMENTAÇÃO E DESENVOLVIMENTO DO SISTEMA INTEGRADO DE AVALIAÇÃO DE RISCO DE REINCIDÊNCIA COM O OBJETIVO DE APOIAR A SUPERINTENDÊNCIA DO SISTEMA ESTADUAL DE ATENDIMENTO SOCIOEDUCATIVO - SEAS, NO ÂMBITO DO PROGRAMA INTEGRADO DE PREVENÇÃO E REDUÇÃO DA VIOLÊNCIA - PReVio",QUALIFY JUST IT SOLUTIONS AND CONSULTING SA,30000000,400843637.0,365,-0.702749,87,MÉDIO,2026-01-12,2026-04-05 18:00:43.371636
2432,1367037,"O objeto da licitação é a contratação de empresa para prestação de serviços contínuos
a serem executados com dedicação exclusiva de mão de obra terceirizada, regidos pela
Consolidação da Leis Trabalhistas (CLT) para as categorias, condições e quantidades
estabelecidas neste termo, edital e seus anexos. EMPRESA VERDE SEGURANÇA
DE VALORES LTDA.",VERDE SEGURANCA DE VALORES LTDA,22000000,399858864.0,365,-0.702749,87,MÉDIO,2025-04-15,2026-04-05 18:00:43.371636
1516,1387821,"Contratação de empresa especializada em fornecimento de serviço de atualização tecnológica de solução Inseyets Online Unlimited Unlocks, do fabricante Cellebrite, para desbloqueio avançado de dispositivos computacionais portáteis com sistemas operacionais Android e IOS, bloqueados por senha, pelo período de subscrição por 3 (três) anos, para os setores de Inteligência desta Segurança Pública e Defesa Social ¿ SSPDS CE, de acordo com as especificações técnicas e quantitativos previstos no Estudo Técnico Preliminar anexo ao Termo de Referência.",TECHBIZ FORENSE DIGITAL LTDA,10200006,44856960.0,1096,-0.702444,87,MÉDIO,2025-08-28,2026-04-05 18:00:43.371636
716,1409340,"Contratação de solução de tecnologia da informação e comunicação de 14 (catorze) licenças de softwares de Design Gráfico, Autodesk AEC (Architecture, Engineering and Construction Collection), com subscrição por 36 (trinta e seis) meses, com direito de atualização e suporte, para a Procuradoria-Geral do Estado - PGE",MCR SISTEMAS E CONSULTORIA LTDA,13000000,48842136.0,1096,-0.702444,86,MÉDIO,2025-11-27,2026-04-05 18:00:43.371636
407,1412174,"ATA de registro de preços Nº 2025/00006 , Pregão eletrônico 20250350, que tem como objeto aquisição - MATERIAL FARMACOLÓGICO",ONCOVIT DISTRIBUIDORA DE MEDICAMENTOS LTDA,24200204,21883752.0,2,-0.702263,86,MÉDIO,2025-12-29,2026-04-05 18:00:43.371636
620,1409890,"AQUISIÇÃO DE  CONTRASTE RADIOLOGICO, 300MG I/ML DE IODO, NAO IONICO DE BAIXA
OSMOLALIDADE, FRASCO 100ML PARA ATENDER À DEMANDA DAS UNIDADES HOSPITALARES E AMBULATORIAIS DA SESA",GE HEALTHCARE DO BRASIL COMÉRCIO E SERVIÇOS PARA EQUIPAMENTOS MÉDICO-HOSPITALARES LTDA,24200004,58977285.0,29,-0.701879,86,MÉDIO,2025-12-02,2026-04-05 18:00:43.371636
283,1414647,"Contrato de prestação dos serviços de transporte diário, para servidores e colaboradores da Secretaria da Administração Penitenciária e Ressocialização, lotados nas unidades prisionais localizadas na Região Metropolitana de Fortaleza, nas condições estabelecidas neste contrato, no Termo de Referência (ITEM 1) do Edital e na proposta do CONTRATADO.",JR SERVIÇOS DE TRANSPORTES LTDA- ME,18000000,379999992.0,365,-0.701087,86,MÉDIO,2026-02-06,2026-04-05 18:00:43.371636
589,1410386,"Contratação de serviços especializados em horas/ano de MÉDICO ESPECIALISTA PARA TELEASSISTÊNCIA, com a finalidade de suprir as necessidades da Coordenadoria de Regulação do Estado  do Ceará - COREG/ SEADE/ SESA nas regiões de saúde: Fortaleza, Sobral e Cariri.",COOPERATIVA DE TRABALHO DE ATENDIMENTO PRE-HOSPITALAR LTDA COAPH,24200004,383768352.0,365,-0.701087,86,MÉDIO,2025-12-04,2026-04-05 18:00:43.371636
1470,1413355,"O fornecimento da energia elétrica de que trata este CONTRATO está subordinado à legislação/regulamentação do serviço de energia elétrica, a qual prevalecerá nos casos omissos ou em eventuais divergências com relação a este CONTRATO, e no que couber à Lei Geral de Licitações. Quaisquer modificações supervenientes na referida legislação/regulamentação, que venham a repercutir neste CONTRATO, considerar-se-ão automática e imediatamente aplicáveis a essa relação jurídica.",COELCE,08200007,387352643.0,365,-0.701087,86,MÉDIO,2025-09-03,2026-04-05 18:00:43.371636
162,1416982,"Contratação de empresa na prestação se serviços de mão de obra terceirizada, cujos empregados sejam regidos pela Consolidação das Leis Trabalhistas, para atender as necessidades nas áreas técnica e administrativas da Casa da Mulher Brasileira.",CERTA SERVIÇOS EMPRESARIAIS E REPRESENTAÇÕES EIRELI,62000000,388955832.0,365,-0.701087,86,MÉDIO,2026-03-02,2026-04-05 18:00:43.371636
988,1405207,"AQUISIÇÃO DE BRENTUXIMABE VEDOTINA, 50MG, PO LIOFILIZADO PARA SOLUCAO INJETAVEL, FRASCO/AMPOLA PARA ATENDER DEMANDAS JUDICIAIS.",CM HOSPITALAR S.A.,24200004,85283733.0,57,-0.700953,86,MÉDIO,2025-11-04,2026-04-05 18:00:43.371636
1472,1390008,LIMPEZA E CONSERVAÇÃO - LICEU ESTADUAL ALFREDO ALMEIDA MACHADO - QUIXERAMOBIM - CREDE 12 -,FRANCISCO ANTONIO VICTOR FERREIRA JUNIOR,22000000,13000.0,9131,-0.700315,86,MÉDIO,2025-09-03,2026-04-05 18:00:43.371636
2112,1373644,"Contrato de prestação de serviços contínuos a serem executado com dedicação exclusiva de mão de obra terceirizada, cujos empregados sejam, regidos pela Consolidação das Leis Trabalhistas (CLT), para as categorias, condições e quantidades estabelecidas neste instrumento, no Termo de Referencia ¿ CGCT/SAP e na proposta da Contratada.",EUROSERV BUSINESS & NEGOCIOS TERCEIRIZADOS LTDA,18000000,375405248.0,365,-0.699902,86,MÉDIO,2025-05-30,2026-04-05 18:00:43.371636
1045,1405372,Contratação emergencial da prestação de serviços de rotas de ônibus para transporte dos servidores e colaboradores deste DETRAN/CE.,MAPE TRANSPORTES LTDA,08200003,365672341.0,365,-0.699428,86,MÉDIO,2025-10-29,2026-04-05 18:00:43.371636
88,1419335,"CT 020/2026 - CODAF - O objeto do presente instrumento é a aquisição de 199 (cento e noventa e nove) ENSILADEIRAS, MOTOR A OLEO DIESEL 10 CV, ACOPLADA A REBOQUE DE 01 EIXO COM DOIS PNEUS, EMBALAGEM 1.0 UNIDADE. MARCA: LABOREMOUS; e 200 (duzentos) TRATORES SOBRE RODAS, TIPO AGRICOLA DE PNEUS, MOTOR DIESEL MINIMO 35 CV, AVULSO 1.0 UNIDADE. MARCA: AGRITECH MOD. 1145, conforme condições estabelecidas neste contrato, na ATA DE REGISTRO DE PREÇOS Nº 2024/00126, ORDEM DE COMPRA/SERVIÇO Nº 08518/2026.",AUTOLOC COMERCIO DE VEICULOS E LOCACOES EIRELI,21000000,367879510.0,365,-0.699428,86,MÉDIO,2026-03-12,2026-04-05 18:00:43.371636
1702,1384149,"RECUPERAÇÃO DO GALPÃO GP-05 DA CEASA, EM MARACANAÚ - CE",CONSORCIO CEASA MARACANAU,43200007,361010108.0,365,-0.699428,86,MÉDIO,2025-08-04,2026-04-05 18:00:43.371636
2452,1366633,"AQUISIÇÃO DO MEDICAMENTO DARATUMUMABE, SOLUCAO PARA DILUICAO INJETAVEL, FRASCO AMPOLA 20ML, 400MG, PARA ATENDER DEMANDAS JUDICIAIS.",JANSSEN - CILAG FARMACEUTICA LTDA,24200004,360714096.0,365,-0.699428,86,MÉDIO,2025-04-11,2026-04-05 18:00:43.371636
1475,1389459,"ELTROMBOPAGUE OLAMINA, COMPRIMIDO REVESTIDO, 25MG, UNIDADE 1.0 COMPRIMIDO. MARCA: NOVARTIS.
ELTROMBOPAGUE OLAMINA, COMPRIMIDO REVESTIDO, 50MG, UNIDADE 1.0  COMPRIMIDO. MARCA: NOVARTIS, Solicitação de compra de medicamento para atender à demanda do Componente Especializado da Assistência Farmacêutica grupo 1B (CEAF).",ONCOEXO DISTRIBUIDORA DE MEDICAMENTOS LTDA,24200004,143599722.0,119,-0.698531,86,MÉDIO,2025-09-03,2026-04-05 18:00:43.371636
1967,1378055,"Execução de obras para construção de uma Unidade Integrada de Segurança - UNISEG, no município de Maranguape - CE, no âmbito do Programa Integrado de
Prevenção e Redução da Violência do Estado do Ceará ¿ PReVio.",JT CONSTRUCAO EIRELI - EPP,30000000,142300839.0,485,-0.698418,86,MÉDIO,2025-06-23,2026-04-05 18:00:43.371636
617,1410619,"Aquisição de kit de livros sobre autismo que atenda às necessidades da Educação Fundamental, para oferecer suporte aos Municípios e às escolas da rede estadual.",SOLERO COMERCIO VAREJISTA LTDA,22000000,348341775.0,365,-0.698246,86,MÉDIO,2025-12-02,2026-04-05 18:00:43.371636
2435,1366169,"Chamada de oportunidade para prestação de serviços compreendendo o provimento de recursos em nuvem, incluindo serviços técnicos avançados de gerenciamento, orquestração da nuvem, sustentação emergencial e
administração dos projetos.",GWCLOUD TECNOLOGIA E SERVICOS S.A.,30200003,332863000.0,364,-0.69801,86,MÉDIO,2025-04-14,2026-04-05 18:00:43.371636
157,1416941,"A contratação tem por objeto a prestação de serviços técnicos especializados para concepção, organização, execução e avaliação de Oficinas Técnicas de Capacitação, no âmbito do Projeto Caravana Interfederativa Ceará Um Só, voltados à capacitação de gestores e servidores públicos municipais, com apoio à Secretaria do Planejamento e Gestão do Estado do Ceará ¿ SEPLAG-CE.","FUNDAÇÃO DE APOIO A CULTURA , A PESQUISA E AO DES. INST. CIENT. E TECNOLÓGICO",46000000,320066673.0,364,-0.69801,86,MÉDIO,2026-03-02,2026-04-05 18:00:43.371636
866,1407071,"AQUISIÇÃO DE MEDICAMENTO: GLICLAZIDA, 60MG, COMPRIMIDO DE LIBERACAO PROLONGADA. PARA ATENDER A PROGRAMAÇÃO PACTUADA INTEGRADA - PPI",T S COMERCIAL DE MEDICAMENTOS E REPRESENTACAO LTDA,24200004,72056325.0,47,-0.697999,86,MÉDIO,2025-11-14,2026-04-05 18:00:43.371636
2029,1377036,"contratação de empresa para prestação de serviços contínuos a serem executados com dedicação exclusiva de mão de obra terceirizada, regidos pela Consolidação da Leis Trabalhistas (CLT) para as categorias.",SLS TERCEIRIZAÇÃO DE SERVIÇOS EIRELI-EPP,56200007,344940192.0,365,-0.697538,86,MÉDIO,2025-06-13,2026-04-05 18:00:43.371636
2214,1370932,Serviços de Manutenção Corretiva e Preventiva do Prédio da da Secretaria dos Direitos Humanos - SEDIH.,SALINAS EMPREENDIMENTOS E CONSTRUCOES LTDA ,43200007,345397956.0,365,-0.697538,86,MÉDIO,2025-05-15,2026-04-05 18:00:43.371636
2110,1374029,"CONTRATAÇÃO DE EMPRESA ESPECIALIZADA NA PRESTAÇÃO DE SERVIÇOS CONTÍNUOS DE VIGILÂNCIA ARMADA, COM DEDICAÇÃO EXCLUSIVA DE MÃO DE OBRA. A SEREM EXECUTADOS EM DIVERSOS CAMPI DA UNIVERSIDADE ESTADUAL VALE DO ACARAÚ - UVA, SITUADOS NO MUNICÍPIO DE SOBRAL - CE",ATTACK SEGURANCA LTDA,31200002,341169744.0,365,-0.697538,86,MÉDIO,2025-05-30,2026-04-05 18:00:43.371636
2334,1368442,Contratação de empresa para a prestação de serviços de mão de obra terceirizada na área de informática do ISSEC.,CENTRAL DE TERCEIRIZAÇÃO DE SERVIÇOS LTDA,46200001,345772368.0,365,-0.697538,86,MÉDIO,2025-04-29,2026-04-05 18:00:43.371636
1388,1392393,SERVIÇOS DE MANUTENÇÃO CORRETIVA E PREVENTIVA EM PRÉDIOS PÚBLICOS - Departamento de Gestão de Pessoas - DEGEP da UECE-CE.,SALINAS EMPREENDIMENTOS E CONSTRUCOES LTDA ,43200007,102946821.0,546,-0.69739,86,MÉDIO,2025-09-17,2026-04-05 18:00:43.371636
1335,1393899,"Aquisição de equipo de transfusão de sangue, visando garantir a segurança dos pacientes atendidos pelo HEMOCE, tanto no ambulatório de transfusão como nos hospitais atendidos pela Hemorrede.",CEI COMÉRCIO EXPORTAÇÃO E IMPORTAÇÃO DE MATERIAL MÉDICO LTDA,24200424,21700000.0,1826,-0.697266,85,MÉDIO,2025-09-23,2026-04-05 18:00:43.371636
1718,1382564,"ELTROMBOPAGUE OLAMINA, COMPRIMIDO REVESTIDO, 25MG /  ELTROMBOPAGUE OLAMINA, COMPRIMIDO REVESTIDO, 50MG - Solicitação de compra de medicamento para atender à demanda do Componente Especializado da Assistência Farmacêutica (CEAF)",ONCOEXO DISTRIBUIDORA DE MEDICAMENTOS LTDA,24200004,154664704.0,152,-0.697129,85,MÉDIO,2025-08-01,2026-04-05 18:00:43.371636
247,1415397,"Contratação de empresa para prestação de serviços contínuos a serem executados com dedicação exclusiva de mão de obra terceirizada, regidos pela Consolidação das Leis Trabalhistas (CLT) para as categorias, condições e quantidades estabelecidas no edital e seus anexos.",CK CONSTRUTORA E SERVICOS EIRELI,18000000,326621736.0,365,-0.696595,85,MÉDIO,2026-02-13,2026-04-05 18:00:43.371636
2273,1370502,"Contratação parcelada de empresa especializada em Tecnologia da Informação para implantação e fornecimento de licença/locação de software de integração, totalmente on-line com workflow digital, criação, controle, tramitação, assinaturas eletrônicas, autenticidade de documentos e assinatura, aplicativo mobile totalmente integrada e infraestrutura de datacenters, conforme adesão a ARP externa n. 003/2024",CENTRODATA TELECOMUNICACOES ECO TECNOLOGY LTDA,56200012,321705934.0,365,-0.696595,85,MÉDIO,2025-05-07,2026-04-05 18:00:43.371636
1547,1387197,"AQUISIÇÃO DE TRASTUZUMABE DERUXTECANA, 100MG, PÓ LIOFILIZADO PARA SOLUÇÃO INJETAVEL, FRASCO/AMPOLA (ENHERTU) PARA ATENDER DEMANDAS JUDICIAIS.",CM HOSPITALAR S.A.,24200004,331777236.0,365,-0.696595,85,MÉDIO,2025-08-25,2026-04-05 18:00:43.371636
1876,1379827,"Contratualização da ATA 17353/2024, por 06 (seis) meses, no valor de R$ 3.290.461,65 para o HMCASG.",ABIOCON COMERCIAL LTDA,24200214,329046165.0,365,-0.696595,85,MÉDIO,2025-07-07,2026-04-05 18:00:43.371636
1701,1382952,Tem por objeto  a contratação de empresa para prestação de serviços contínuos a serem executados com dedicação exclusiva de mão de obra terceirizada,"JAVÉ - YIRÊ CONSULTORIA, EVENTOS, SERVIÇOS E COMÉRCIO LTDA - ME",42000000,318190944.0,365,-0.696595,85,MÉDIO,2025-08-04,2026-04-05 18:00:43.371636
399,1414246,CONTRATO PARA COBERTURA DE CUSTOS EM ASSISTÊNCIA MÉDICO HOSPITALAR NA MODALIDADE COLETIVO EMPRESARIAL  PARA OS EMPREGADOS DO METROFOR,UNIMED FORTALEZA SOCIEDADE COOPERATIVA MEDICA LTDA,08200007,313161673.0,364,-0.696595,85,MÉDIO,2026-01-01,2026-04-05 18:00:43.371636
1296,1397440,AQUISIÇÃO DE INSUMOS PARA PACIENTES LARINGECTOMIZADOS PARA ATENDER DEMANDAS JUDICIAIS.,COLOPLAST DO BRASIL LTDA,24200004,325388288.0,365,-0.696595,85,MÉDIO,2025-09-30,2026-04-05 18:00:43.371636
372,1412531,Serviços de Manutenção/Conservação da Malha Viária do Distrito Operacional de Sobral - CE.,CONSTRUTORA SAMARIA LTDA,43200007,322980000.0,365,-0.696595,85,MÉDIO,2026-01-20,2026-04-05 18:00:43.371636
548,1410562,"AQUISIÇÃO DE MEDICAMENTO: CLOMIPRAMINA, CLORIDRATO, 25MG, COMPRIMIDO REVESTIDO. PARA ATENDER A PROGRAMAÇÃO PACTUADA INTEGRADA - PPI",SANTA BRANCA DISTRIBUIDORA DE MEDICAMENTOS LTDA - EPP,24200004,47002249.0,26,-0.696522,85,MÉDIO,2025-12-05,2026-04-05 18:00:43.371636
1419,1391320,"Aquisição do gás liquefeito de petróleo ¿ GLP (P13), em forma de VALE GÁS (2º lote de 2025).",NACIONAL GAS BUTANO DISTRIBUIDORA LTDA,47000000,113193076.0,111,-0.696514,85,MÉDIO,2025-09-11,2026-04-05 18:00:43.371636
1767,1381657,SERVIÇOS DE LOCAÇÃO DE VEÍCULOS AUTOMOTORES VELADOS DESTINADOS À UTILIZAÇÃO NOS DESEMPENHOS DAS ATIVIDADES DE SEGURANÇA PÚBLICA DO ESTADO DO CEARÁ.,A. C. B. LOCADORA DE VEICULOS LTDA,10200006,21137150.0,1826,-0.696258,85,MÉDIO,2025-07-25,2026-04-05 18:00:43.371636
1256,1397768,Contratação da empresa CAGECE para prestação dos serviços de fornecimento de água e coleta de esgoto sanitário do Estádio Mauro Sampaio - Arena Romeirão.,COMPANHIA DE AGUA E ESGOTO DO CEARA CAGECE,42000000,21000000.0,1826,-0.695822,85,MÉDIO,2025-10-06,2026-04-05 18:00:43.371636
943,1405988,"AQUISIÇÃO: BUDESONIDA, 200MCG, CAPSULA DURA COM PO PARA INALACAO + INALADOR, 60 CAPSULAS  -  FORMOTEROL FUMARATO DIHIDRATADO + BUDESONIDA, 12MCG + 400MCG,
CAPSULA COM PO INALANTE + INALADOR OU DOSES EM DISPOSITIVO INALADOR COM 60 DOSES. PARA ATENDER O COMPONENTE ESPECIALIZADO DA ASSISTÊNCIA FARMACÊUTICA - CEAF",UNI HOSPITALAR CEARA LTDA-EPP,24200004,68087346.0,51,-0.695655,85,MÉDIO,2025-11-10,2026-04-05 18:00:43.371636
1003,1405159,AQUISIÇÃO DE PISTOLAS SEMIAUTOMÁTICAS CALIBRE 9X19MM COM ACESSÓRIOS E PEÇAS DE REPOSIÇÃO PARA ATENDER AS NECESSIDADES DA POLÍCIA CIVIL.,GLOCK AMÉRICA S.A,10200007,303461928.0,364,-0.695653,85,MÉDIO,2025-11-03,2026-04-05 18:00:43.371636
1640,1384352,"Concessão de subvenção econômica pela CONCEDENTE à  BENEFICIÁRIA DA SUBVENÇÃO, para a execução do PROJETO Ventiloar, Sistema de Ventiladores em Série, doravante denominado PROJETO, conforme PLANO DE TRABALHO aprovado pela Funcap e anexo a este Termo de Outorga.",PROJETACAO,31200005,59768447.0,730,-0.695455,85,MÉDIO,2025-08-11,2026-04-05 18:00:43.371636
1774,1381558,"Concessão de subvenção econômica pela CONCEDENTE À BENEFICIÁRIA DA SUBVENÇÃO, para execução do PROJETO   Nazide Pressus: Sistema Ciberfísico Integrado à Realidade Mista para Simulação Pélvica - Validação Tecnológica e Inovação no mercado .",NAZIDE TECNOLOGIA PARA ENSINO EM SAUDE LTDA,31200005,59876629.0,730,-0.695455,85,MÉDIO,2025-07-24,2026-04-05 18:00:43.371636
341,1412708,"AQUISIÇÃO DE MEDICAMENTO PARA ATENDIMENTO JUDICIAL/SESA - ITEM: ALFAOLIPUDASE, 20MG, PO LIOFILIZADO PARA SOLUCAO INJETAVEL, FRASCO AMPOLA",SANOFI MEDLEY FARMACEUTICA LTDA,24200004,228905136.0,339,-0.695407,85,MÉDIO,2026-01-26,2026-04-05 18:00:43.371636
1883,1379952,"Concessão de subvenção econômica pela CONCEDENTE à BENEFICIÁRIA DA SUBVENÇÃO, para a execução do PROJETO ¿Automatização e melhoria do processo de beneficiamento do mel orgânico¿, doravante denominado PROJETO, conforme PLANO DE TRABALHO aprovado pela Funcap e anexo a este Termo de Outorga.",CONEXAO AGRO LTDA,31200005,58746667.0,730,-0.69522,85,MÉDIO,2025-07-06,2026-04-05 18:00:43.371636
1653,1383642,"Concessão de subvenção econômica pela CONCEDENTE à BENEFICIÁRIA DA SUBVENÇÃO, para a execução do PROJETO ¿GeoFlow - Plataforma para Análises Preditivas e Prescritivas Geoespaciais de objetos móveis, trajetórias e rotas de patrulhamento¿, doravante denominado PROJETO, conforme PLANO DE TRABALHO aprovado pela Funcap e anexo a este Termo de Outorga.",NEX2ME TREINAMENTO E DESENVOLVIMENTO DE SOFTWARE LTDA - ME,31200005,59266667.0,730,-0.69522,85,MÉDIO,2025-08-07,2026-04-05 18:00:43.371636
1728,1382592,"Concessão de subvenção econômica pela CONCEDENTE à BENEFICIÁRIA DA SUBVENÇÃO, para a execução do PROJETO ¿Cashback Prev¿, doravante denominado PROJETO, conforme PLANO DE TRABALHO aprovado pela Funcap e anexo a este Termo de Outorga.",CASHBACK PREV,31200005,58476667.0,730,-0.69522,85,MÉDIO,2025-07-31,2026-04-05 18:00:43.371636
1880,1379828,"Concessão de subvenção econômica pela CONCEDENTE à BENEFICIÁRIA DA SUBVENÇÃO, para a execução do PROJETO ¿Teresa 2.0¿, doravante denominado PROJETO, conforme PLANO DE TRABALHO aprovado pela Funcap e anexo a este Termo de Outorga -  TECNOVA III.",AUDO TECNOLOGIA E SAUDE LTDA,31200005,59220667.0,730,-0.69522,85,MÉDIO,2025-07-07,2026-04-05 18:00:43.371636
2015,1376732,Serviço de manutenção preventiva/corretivo da Unidade Prisional Prof. José Sobreira Amorim.,KG CONSTRUÇÕES LTDA - EPP,43200007,312061441.0,365,-0.695182,85,MÉDIO,2025-06-16,2026-04-05 18:00:43.371636
374,1412503,Serviços de Manutenção/Conservação da Malha Viária do Distrito Operacional da Região Metropolitana de Fortaleza - CE.,CONSTRUTORA SAMARIA LTDA,43200007,315800000.0,365,-0.695182,85,MÉDIO,2026-01-20,2026-04-05 18:00:43.371636
1491,1389784,"Contratação de empresa para prestação de serviços contínuos a serem executados com dedicação exclusiva de mão de obra terceirizada, regidos pela Consolidação da Leis Trabalhistas (CLT) para atender as necessidades da(s) área(s) de CONDUÇÃO DE VEÍCULOS OFICIAIS MOTORISTAS.",CENTRAL DE TERCEIRIZAÇÃO DE SERVIÇOS LTDA,08200003,314986452.0,365,-0.695182,85,MÉDIO,2025-09-02,2026-04-05 18:00:43.371636
1616,1384992,"Concessão de subvenção econômica pela CONCEDENTE à BENEFICIÁRIA DA SUBVENÇÃO, para a execução do PROJETO ¿Sistemaintegrado de geração de biogás com captura e conversão de CO2 utilizando hidrogênio verde produzido por eletrólise para uso veicular¿, doravante denominado PROJETO, conforme PLANO DE TRABALHO aprovado pela Funcap e anexo a este Termo de Outorga.",RPR SERVICOS DE ENGENHARIA CONSTRUCOES E DESENVOLVIMENTO LTDA,31200005,60799767.0,730,-0.694515,84,MÉDIO,2025-08-13,2026-04-05 18:00:43.371636
1850,1380468,"Concessão de subvenção econômica pela CONCEDENTE à  BENEFICIÁRIA DA SUBVENÇÃO, para a execução do PROJETO ¿Interação sem emendas - promovendo acesso de novas tecnologias e-health a mercados nacionais¿, doravante denominado PROJETO, conforme PLANO DE TRABALHO aprovado pela Funcap e anexo a este Termo de Outorga.",FFIT SERVICOS DE INOVACAO E TECNOLOGIA LTDA,31200005,62308215.0,730,-0.69448,84,MÉDIO,2025-07-11,2026-04-05 18:00:43.371636
1566,1386494,"Concessão de subvenção econômica pela CONCEDENTE à BENEFICIÁRIA DA SUBVENÇÃO, para a execução do PROJETO ¿Desenvolvimento de Grab Nacional Otimizado para Transporte de Minérios nos Portos Brasileiros¿, doravante denominado PROJETO, conforme PLANO DE TRABALHO aprovado pela Funcap e anexo a este Termo de Outorga.",POLIMATEC,31200005,62366667.0,730,-0.69448,84,MÉDIO,2025-08-20,2026-04-05 18:00:43.371636
1745,1382579,"Concessão de subvenção econômica pela CONCEDENTE à BENEFICIÁRIA DA SUBVENÇÃO, para a execução do PROJETO ¿Sistema inovador de automação e climatização para Jardim Clonal de eucalipto voltado a apoiar atividades de reflorestamento da Troncus Wood¿, doravante denominado PROJETO, conforme PLANO DE TRABALHO aprovado pela Funcap e anexo a este Termo de
Outorga.",TRONCUS WOOD TRANSPORTES E REFLORESTAMENTOS LTDA,31200005,62046667.0,730,-0.69448,84,MÉDIO,2025-07-30,2026-04-05 18:00:43.371636
1687,1382955,"Concessão de subvenção econômica pela CONCEDENTE à BENEFICIÁRIA DA SUBVENÇÃO, para a execução do PROJETO ¿LLMs Aplicados à Saúde Pública: Reabilitação Digital e Coordenação de Cuidado para Melhorar Desfechos e Eficiência de Filas de Cirurgias Ortopédicas¿, doravante denominado PROJETO, conforme PLANO DE TRABALHO aprovado pela Funcap e anexo a este Termo de Outorga.",STRALOO TECNOLOGIA LTDA,31200005,62236667.0,730,-0.69448,84,MÉDIO,2025-08-05,2026-04-05 18:00:43.371636
1829,1380452,"Concessão de subvenção econômica pela CONCEDENTE à BENEFICIÁRIA DA SUBVENÇÃO, para a execução do PROJETO ¿Kit nacional de localização em tempo real de ativos e pessoas em ambientes industriais e varejo, baseado em Ultra Wide Band(UWB)¿, doravante denominado PROJETO, conforme PLANO DE TRABALHO aprovado pela Funcap e anexo a este Termo de Outorga.",ES CONSULTORIA & TREINAMENTO LTDA,31200005,62366667.0,730,-0.69448,84,MÉDIO,2025-07-14,2026-04-05 18:00:43.371636
1877,1379803,"Concessão de subvenção econômica pela CONCEDENTE à BENEFICIÁRIA DA SUBVENÇÃO, para a execução do PROJETO ¿Sensor de energia inteligente não invasivo para aplicação industrial com múltiplos parâmetros de análise e controle¿, doravante denominado PROJETO, conforme PLANO DE TRABALHO aprovado pela Funcap e anexo a este Termo de Outorga - TECNOVA III.",4.0 WAVE SOLUCOES EM GESTAO,31200005,62366667.0,730,-0.69448,84,MÉDIO,2025-07-07,2026-04-05 18:00:43.371636
1836,1380387,"Concessão de subvenção econômica pela CONCEDENTE à BENEFICIÁRIA DA SUBVENÇÃO, para a execução do PROJETO ¿WavingTest: Geração Automática de Testes de Softwares com Inteligência Artificial¿, doravante denominado PROJETO, conforme PLANO DE TRABALHO aprovado pela Funcap e anexo a este Termo de Outorga.",WAVINGTEST INOVACAO EM QUALIDADE DE SOFTWARE LTDA,31200005,62268703.0,730,-0.69448,84,MÉDIO,2025-07-14,2026-04-05 18:00:43.371636
1868,1379941,"Concessão de subvenção econômica pela CONCEDENTE à BENEFICIÁRIA DA SUBVENÇÃO, para a execução do PROJETO ¿Cirurgic3d: Aplicativo gerador de imagens 3D para planejamento cirúrgico¿, doravante denominado PROJETO, conforme PLANO DE TRABALHO aprovado pela Funcap e anexo a este Termo de Outorga.",CIRURGIC SERVICOS DE SAUDE LTDA,31200005,61886667.0,730,-0.69448,84,MÉDIO,2025-07-09,2026-04-05 18:00:43.371636
1849,1380560,"Concessão de subvenção econômica pela CONCEDENTE à  BENEFICIÁRIA DA SUBVENÇÃO, para a execução do PROJETO  ¿Recrutamento de Talentos Tech com IA Generativa¿, doravante denominado 
PROJETO, conforme PLANO DE TRABALHO aprovado pela Funcap e anexo a este  Termo de Outorga.",LOVEL TECHNOLOGY LTDA,31200005,62396667.0,730,-0.69448,84,MÉDIO,2025-07-11,2026-04-05 18:00:43.371636
550,1410600,"AQUISIÇÃO DE  HALOPERIDOL, 5MG, COMPRIMIDO, PROMETAZINA, CLORIDRATO, 25MG, COMPRIMIDO REVESTIDO, PARA ATENDER A PROGRAMAÇÃO PACTUADA INTEGRADA (PPI)",EMMARKA DISTRIBUIDORADE MEDICAMENTOS LTDA,24200004,35346506.0,26,-0.694328,84,MÉDIO,2025-12-05,2026-04-05 18:00:43.371636
1300,1396185,"Contratação de empresa para prestação de serviços contínuos a serem executadas com dedicação exclusiva de mão de obra terceirizada, regidos pela Consolidação das Leis Trabalhistas (CLT) para as categorias, condições e quantidades estabelecidas no Edital e seus anexos",CK CONSTRUTORA E SERVICOS EIRELI,18000000,308455452.0,365,-0.694242,84,MÉDIO,2025-09-29,2026-04-05 18:00:43.371636
380,1411710,"O objeto do presente instrumento é a contratação de SERVIÇOS DE LOCAÇÃO DE VEÍCULOS AUTOMOTORES VELADOS DESTINADOS À UTILIZAÇÃO NOS DESEMPENHOS DAS ATIVIDADES DE SEGURANÇA PÚBLICA DO ESTADO DO CEARÁ, que serão prestados nas condições estabelecidas no Termo de Referência.",CS BRASIL FROTAS S.A.,10000000,66916799.0,730,-0.693776,84,MÉDIO,2026-01-16,2026-04-05 18:00:43.371636
2120,1374259,"Contratação de prestação de serviços técnicos especializados em nuvem, sob demanda, de acordo com as especificações e quantitativos previstos no Termo de Referência",EMPRESA DE TECNOLOGIA DA INFORMACAO DO CEARA ETICE,24200004,300881418.0,365,-0.693773,84,MÉDIO,2025-05-30,2026-04-05 18:00:43.371636
1729,1382574,"Concessão de subvenção econômica pela CONCEDENTE à BENEFICIÁRIA DA SUBVENÇÃO, para a execução do PROJETO ¿Sistema  PavScan 2.0¿, doravante denominado PROJETO, conforme PLANO DE TRABALHO aprovado pela Funcap e anexo a este Termo de Outorga.",TERMITE COMERCIO DE MATERIAIS DE CONSTRUCAO E ENGENHARIA INOVATIVA LTDA,31200005,57994334.0,730,-0.693762,84,MÉDIO,2025-07-31,2026-04-05 18:00:43.371636
398,1414249,CONCESSÃO DE PLANO COLETIVO EMPRESARIAL  DO TIPO AMBULATORIAL E HOSPITALAR PARA OS EMPREGADOS DO METROFOR,UNIMED FORTALEZA SOCIEDADE COOPERATIVA MEDICA LTDA,08200007,294690666.0,364,-0.693724,84,MÉDIO,2026-01-01,2026-04-05 18:00:43.371636
1215,1397853,"ARP de registro de preços Nº 114212025, Pregão eletrônico  02752025, que tem como objeto aquisição - GÊNEROS DE ALIMENTAÇÃO APLV",ART MEDICA COM E REP PROD HOST LTDA,24200204,84395664.0,82,-0.693571,84,MÉDIO,2025-10-10,2026-04-05 18:00:43.371636
2442,1367055,Repasse de obrigações financeira de modo a assegurar o custeio de todas as atividades de saúde a serem desenvolvidas pelo o Consórcio Público de Saúde do Iguatu - CEO IGUATU.,CONSÓRCIO PÚBLICO DE SAÚDE DA MICRORREGIÃO DE IGUATU,24200004,224451108.0,261,-0.693289,84,MÉDIO,2025-04-14,2026-04-05 18:00:43.371636
702,1409257,"AQUISIÇÃO ERTAPENEM (SODICO), FRASCO/AMPOLA, 1G, PIPERACILINA SODICA + TAZOBACTAM SODICA, FRASCO/AMPOLA, 4G + 500MG, SOLICITAÇÃO DE COMPRA PARA ATENDER ÀS UNIDADES DE SAÚDE DO ESTADO DO CEARÁ.",T S COMERCIAL DE MEDICAMENTOS E REPRESENTACAO LTDA,24200004,44480891.0,33,-0.693231,84,MÉDIO,2025-11-28,2026-04-05 18:00:43.371636
427,1411858,"Locação de estrutura física (imóvel) destinado à instalação e funcionamento da Base da Coordenadoria Integrada de Operações Aéreas - CIOPAER em Fortaleza-CE, conforme discriminações constantes no Termo de Referência e documento de formalização da Demanda.",FRAPORT BRASIL SA AEROPORTO DE FORTALEZA,10000000,57457896.0,730,-0.692824,84,MÉDIO,2025-12-19,2026-04-05 18:00:43.371636
1720,1382616,"Concessão de subvenção econômica pela CONCEDENTE à BENEFICIÁRIA DA SUBVENÇÃO, para a execução do PROJETO ¿Plataforma Digital Integrada para Comercialização e Investimento em Energia Renovável¿, doravante denominado PROJETO, conforme PLANO DE TRABALHO aprovado pela Funcap e anexo a este Termo de Outorga.",VIRTUTIS ENERGY,31200005,57290392.0,730,-0.692824,84,MÉDIO,2025-07-31,2026-04-05 18:00:43.371636
2414,1368567,CONCLUSÃO DE UMA QUADRA NA EEFM VICENTE RIBEIRO DO AMARAL NO MUNICÍPIO DE MONSENHOR TABOSA - CE. CT 138/2025.,MT TIMBO CONSTRUCOES LTDA,22000000,118445386.0,485,-0.692819,84,MÉDIO,2025-04-16,2026-04-05 18:00:43.371636
302,1413741,MANUTENÇÃO PREDIAL - PREVENTIVA E CORRETIVA NO MURO DE CONTORNO E GUARITA DA CEASA.,SALINAS EMPREENDIMENTOS E CONSTRUCOES LTDA ,43200007,120083558.0,485,-0.692819,84,MÉDIO,2026-02-04,2026-04-05 18:00:43.371636
1814,1380619,Serviço de manutenção preventiva/corretivo da Unidade Prisional Elias Alves da Silva - UP Itaitinga 4.,KG CONSTRUÇÕES LTDA - EPP,43200007,176797916.0,439,-0.692798,84,MÉDIO,2025-07-16,2026-04-05 18:00:43.371636
1796,1381012,"Concessão de subvenção econômica pela CONCEDENTE à BENEFICIÁRIA DA SUBVENÇÃO, para a execução do PROJETO ¿Sistema Integrado de Microlocalização e Controle de Acesso para Gestão de Ativos e Pessoal em Ambientes Hospitalares¿, doravante denominado PROJETO, conforme PLANO DE TRABALHO aprovado pela Funcap e anexo a este Termo de Outorga.",ICONTROL TECNOLOGIA E ENGENHARIA LTDA,31200005,56156667.0,730,-0.692355,83,MÉDIO,2025-07-17,2026-04-05 18:00:43.371636
1837,1380538,"Concessão de subvenção econômica pela CONCEDENTE à  BENEFICIÁRIA DA SUBVENÇÃO, para a execução do PROJETO ¿Sistema vestivel com IA para monitoramento de atletas via IOT em tempo real¿, doravante denominado PROJETO, conforme PLANO DE TRABALHO aprovado pela Funcap e anexo a este Termo de Outorga.",AVATTUS COMERCIO DE COMPONENTES ELETRONICOS E AUTOMACAO LTDA,31200005,56246667.0,730,-0.692355,83,MÉDIO,2025-07-14,2026-04-05 18:00:43.371636
1743,1382582,"Concessão de subvenção econômica pela CONCEDENTE à BENEFICIÁRIA DA SUBVENÇÃO, para a execução do PROJETO -SigaOferta:CRM Inteligente para Mapeamento de Preferências e Engajamento com Consumidores de Supermercados¿, doravante denominado PROJETO, conforme PLANO DE TRABALHO aprovado pela Funcap e anexo a este Termo de Outorga.", INFOMARKET LTDA ,31200005,56560227.0,730,-0.692355,83,MÉDIO,2025-07-30,2026-04-05 18:00:43.371636
1235,1396966,"O objeto do presente instrumento é a contratação de empresa para prestação de serviços contínuos a
serem executados com dedicação exclusiva de mão de obra terceirizada nas unidades de ensino e
administrativas vinculadas a Secretaria da Educação, regidos pela Consolidação da Leis Trabalhistas (CLT)
para as categorias, Item 1, nas condições e quantidades estabelecidas no termo de referência e seus
anexos. EMPRESA
REAL SERVIÇOS DE LOCAÇÃO DE MÃO DE
OBRA LTDA.",REAL SERVICOS DE LOCACAO DE MAO DE OBRA LTDA,22000000,291878802.0,365,-0.692317,83,MÉDIO,2025-10-08,2026-04-05 18:00:43.371636
99,1419319,"Contratação de entidade de direito privado, sem fins lucrativos, Organização Social qualificada pelo Estado do Ceará para prestação de serviços de qualificação, campanhas de educação permanente para controle populacional de animais domésticos, suporte veterinário, infraestrutura, ciência e tecnologia, produção e divulgação de materiais educativos relacionados à proteção animal, visando atender as necessidades identificadas pela Secretaria Estadual da Proteção Animal ¿ SEPA.",INSTITUTO CENTRO DE ENSINO TECNOLOGICO,70000000,292044372.0,365,-0.692317,83,MÉDIO,2026-03-11,2026-04-05 18:00:43.371636
2319,1373728,GESTÃO DO EQUIPAMENTO PÚBLICO COMPLEXO AMBIENTAL E GASTRONÔMICO DA SABIAGUABA.,INSTITUTO DRAGAO DO MAR,57000000,296612056.0,365,-0.692317,83,MÉDIO,2025-05-02,2026-04-05 18:00:43.371636
1348,1393436,CONSTRUÇÃO DO ACESSO DO COMPLEXO PENITENCIÁRIO ESTADUAL DE ITAITINGA I .,P & J CONSTRUTORA LTDA-EPP,43200007,83127887.0,607,-0.692282,83,MÉDIO,2025-09-22,2026-04-05 18:00:43.371636
1661,1383525,"AQUISIÇÃO DE PEMBROLIZUMABE, SOLUCAO INJETAVEL, FRASCO/AMPOLA 4ML, 100MG/4ML PARA ATENDER DEMANDAS JUDICIAIS.",CM HOSPITALAR S.A.,24200004,125287824.0,146,-0.691933,83,MÉDIO,2025-08-07,2026-04-05 18:00:43.371636
549,1410916,"Locação do Imóvel ,localizado na Rua Professora Ivani Feitosa, nº 23, bairro Tiradentes, Juazeiro do Norte/CE, - Ceará, para atender as necessidades das instalações física da Superintendência Regional de Saúde do Cariri/SRSUL.",JLN HOLDING E PARTICIPAÇÕES LTDA,24200004,17400000.0,1826,-0.691818,83,MÉDIO,2025-12-05,2026-04-05 18:00:43.371636
1166,1399617,"Contratualização da ATA nº 180/2024, por 06 (seis) meses, no valor de R$ 1.833.339,17, para atender as necessidades do HCASG.",MX DISTRIBUIDORA LTDA,24200214,183333917.0,182,-0.691801,83,MÉDIO,2025-10-16,2026-04-05 18:00:43.371636
1920,1378382,"Recuperação da Ponte sobre o Rio São Gonçalo na CE-085, no município de São Gonçalo do Amarante.",CONSTRUTORA SAMARIA LTDA,43200007,265509338.0,359,-0.691623,83,MÉDIO,2025-06-26,2026-04-05 18:00:43.371636
822,1405555,CONCLUSÃO E SERVIÇOS COMPLEMENTARES DA EEM SÃO GONÇALO DO AMARANTE (CÁGADO). CT 406/2025.,REALIZE EMPREENDIMENTOS LIMITADA,22000000,289418748.0,365,-0.691615,83,MÉDIO,2025-11-21,2026-04-05 18:00:43.371636
959,1405683,"Aquisição de infraestrutura de backup, contendo hardware/serviços, licenças e equipamento de proteção de dados, compreendendo um Appliance para Backup de Dados em Disco Seguro com 60 (sessenta) meses de suporte e garantia - Do tipo 1.",CLEAR TECNOLOGIA DA INFORMACAO S.A.,46000000,13101280.0,1826,-0.691496,83,MÉDIO,2025-11-06,2026-04-05 18:00:43.371636
152,1417259,"AQUISIÇÃO DE ALFAOLIPUDASE, 20MG, PO LIOFILIZADO PARA SOLUCAO INJETAVEL, FRASCO/AMPOLA PARA ATENDER DEMANDAS JUDICIAIS.",SANOFI MEDLEY FARMACEUTICA LTDA,24200004,216188184.0,303,-0.691411,83,MÉDIO,2026-03-03,2026-04-05 18:00:43.371636
349,1412617,"Serviços técnicos especializados em Tecnologia da Informação e Comunicação, serviços de nuvem publica e demais itens necessários, tudo para atender às necessidades tecnológicas do PROCON Ceará, com o objetivo da transformação digital do Sistema Estadual de Defesa do Consumidor (PROCON MultiCloud).",EMPRESA DE TECNOLOGIA DA INFORMACAO DO CEARA ETICE,63200002,288803174.0,365,-0.691381,83,MÉDIO,2026-01-23,2026-04-05 18:00:43.371636
1882,1379570,"Contratação de empresa especializada em prestação de serviço de fornecimento de refeição, alimentação e ambientação para eventos, para atender ao
Governo do Estado do Ceará, com atendimento em todo o território do Estado do Ceará, nas condições
estabelecidas neste contrato, no Termo de Referência do edital e na proposta do CONTRATADO.",TORTERIA SERVICOS DE ALIMENTACAO LTDA,30000000,290162058.0,365,-0.691381,83,MÉDIO,2025-07-07,2026-04-05 18:00:43.371636
2271,1369579,"Prestação dos serviços comuns de Engenharia para Manutenção Preventiva e Corretiva das instalações Físicas Prediais e Equipamentos Públicos, no COLÉGIO ESTADUAL LICEU DO CEARÁ com fornecimento de mão de obra, materiais e peças de reposição, por percentual de desconto sobre as tabelas de serviços da SEINFRA 28 e 28.1 para atender as necessidades dos Órgãos e entidades da Administração Pública Estadual do Ceará localizadas na Capital e nas Zonas Sul, Leste e Oeste da Região Metropolitana de Fortaleza nos municípios e bairros . CT 215/2025.",KG CONSTRUÇÕES LTDA - EPP,22000000,283190095.0,365,-0.691381,83,MÉDIO,2025-05-07,2026-04-05 18:00:43.371636
2093,1374282,"Trata-se de prestação de serviços especializados na área da saúde relacionado a cirurgias eletivas na especialidade de ortopedia ofertados pela iniciativa privada, direcionado aos usuários do Sistema Único de Saúde - SUS e regulados pela Central de Regulação do Estado do Ceará.",ASSOC I A S P M I HOSP MAT AGENOR ARAUJO,24200004,279057705.0,365,-0.691147,83,MÉDIO,2025-06-03,2026-04-05 18:00:43.371636
385,1411846,"Serviço de subscrição e suporte de licenças dos softwares Tableau Server Core, Tableau Creator, Tableau Data Management Core, Tableau Data Management Resource Core,
Tableau Server Management Core, Tableau Explorer Cloud e Tableau Creator Cloud.",EMPRESA DE TECNOLOGIA DA INFORMACAO DO CEARA ETICE,19000000,279519586.0,365,-0.691147,83,MÉDIO,2026-01-14,2026-04-05 18:00:43.371636
973,1405845,Serviço de Fornecimento de água tratada e coleta de esgoto ao posto de atendimento do DETRAN de BREJO SANTO/CE,PREFEITURA MUNICIPAL DE BREJO SANTO,08200003,12000.0,3652,-0.690949,83,MÉDIO,2025-11-05,2026-04-05 18:00:43.371636
1512,1388973,"Concessão de subvenção econômica pela concedente à  beneficiaria da subvenção, para a execução do projeto   Bioagave: revolucionário modelo de transição bioenergética para o sertão nordestino , doravante denominado projeto, conforme plano de trabalho aprovado pela Funcap e anexo a este termo de outorga.",BIOCLONE PRODUCAO DE MUDAS LTDA,31200005,52216667.0,730,-0.690903,83,MÉDIO,2025-08-29,2026-04-05 18:00:43.371636
1646,1383730,"TENECTEPLASE, 40MG, PO LIOFILIZADO PARA SOLUCAO INJETAVEL, FRASCO/AMPOLA + DILUENTE 8ML/ TENECTEPLASE, 50MG, PO LIOFILIZADO PARA SOLUCAO INJETAVEL, FRASCO/AMPOLA + DILUENTE 10ML, Solicitação de compra de medicamento para a Rede Hospitalar/SESA",ONCO PROD DISTRIBUIDORA DE PRODUTOS HOSPITALARES E ONCOLOGICOS LTDA,24200004,110018992.0,145,-0.690763,83,MÉDIO,2025-08-08,2026-04-05 18:00:43.371636
2042,1373394,"Pavimentação e Sinalização dos Cruzamentos Rodoferroviários nas CE-564, CE-282, CE-375 e CE-060, nos trechos MVP 02 e MVP 03 da Ferrovia Transnordestina nos Municípios de 
Cedro e Iguatu - CE.",DTC - CONSTRUTORA E EMPREENDIMENTOS IMOBILIARIOS EIRELI,43200007,255337692.0,359,-0.690688,83,MÉDIO,2025-06-11,2026-04-05 18:00:43.371636
448,1411811,Serviços de Manutenção/Conservação da Malha Viária do Distrito Operacional de Limoeiro do Norte - CE.,CONSORCIO CBC INSTTALE - CONSERVA LIMOEIRO,43200007,274999992.0,365,-0.689979,83,MÉDIO,2025-12-16,2026-04-05 18:00:43.371636
920,1406131,"AQUISIÇÃO DE DUPILUMABE, 300MG, 150MG/ML, SOLUCAO INJETAVEL, SERINGA PREENCHIDA 2ML PARA ATENDER DEMANDAS JUDICIAIS.",SANOFI MEDLEY FARMACEUTICA LTDA,24200004,54592938.0,50,-0.689797,83,MÉDIO,2025-11-11,2026-04-05 18:00:43.371636
1230,1397966,"Construção de Uma Areninha Tipo I, no Bairro Bom Jardim, no Município de Fortaleza - CE.",TX CONSTRUCOES EIRELI,43200007,180748522.0,304,-0.689775,82,MÉDIO,2025-10-08,2026-04-05 18:00:43.371636
517,1411096,"AQUISIÇÃO DE AGUA, PARA INJETAVEL, SOLUCAO INJETAVEL ENDOVENOSA AMPOLA 10ML, UNIDADE 1.0 AMPOLA. MARCA: FARMACE, AGUA, FRASCO OU BOLSA 100ML, SISTEMA FECHADO, FLEXIVEL, INERTE QUIMICAMENTE POLIETILENO, ISENTO DE PVC, SOLUCAO INJETAVEL, PARA INJETAVEL, ENDOVENOSA,  CLORETO DE SODIO SOLUCAO FISIOLOGICA, 0,9% 9MG/ML, SOLUCAO INJETAVEL, FRASCO OU BOLSA 100ML, SISTEMA FECHADO, FLEXIVEL, INERTE QUIMICAMENTE POLIETILENO, ISENTO DE PVC, CLORETO DE SODIO SOLUCAO FISIOLOGICA, 0,9%, SOLUCAO INJETAVEL.",FARMACE IND QUIMICO FARM CEARENSE       ,24200004,29059508.0,23,-0.689756,82,MÉDIO,2025-12-08,2026-04-05 18:00:43.371636
2370,1383764,"Tem por objeto a cntratação conjunta dos serviços de fornecimento de energia elétrica para todas as Unidades Consumidoras (Ucs) do Grupo B ¿ baixa tensão de responsabilidade
da SESPORTE.",COMPANHIA ENERGETICA DO CEARA - ENEL,42200001,12300000.0,1826,-0.689477,82,MÉDIO,2025-04-25,2026-04-05 18:00:43.371636
1551,1393683,"Tem por objeto a contratação conjunta dos serviços de fornecimento de energia elétrica para todas as Unidades Consumidoras (Ucs) do Grupo A - alta tensão, grupamento composto de Ucs com fornecimento em tensão igual ou superior a 2,3 KV junto à Companhia Energética do Ceará - ENEL",COMPANHIA ENERGETICA DO CEARA - ENEL,42000000,14173998.0,1826,-0.689109,82,MÉDIO,2025-08-22,2026-04-05 18:00:43.371636
1710,1382516,"CONTRATAÇÃO  DE EMPRESA, ATRAVÉS DA MODALIDADE (DISPENSA DE LICITAÇÃO), COTAÇÃO ELETRÔNICA: Nº 2025/15671,  FUNDAMENTADO, NA LEI 14.133/2021, NO, Art. 75 INCISO VIII, PARA SERVIÇO DE LAVANDERIA - SERVIÇO DE LAVANDERIA EXTERNA COM LOCAÇÃO E CONTROLE DE ENXOVAL, ROUPA/ANO, RECOLHIMENTO, TRANSPORTE, PROCESSAMENTO PESAGEM, LAVAGEM, DESINFECÇÃO, ALVEJAMENTO, SECAGEM, ENGOMAMENTO, EMBALAGEM, ENTREGA DE ROUPAS LIMPAS, LOCAÇÃO DE PECAS, CONTROLE DE ENXOVAL  PELO PERÍODO DE 12 MESES, PARA O HOSPITAL GERAL DR CESAR CALS DE OLIVEIRA",TECLAV - TECNOLOGIA E LAVAGEM INDUSTRIAL LTDA,24200194,162869094.0,182,-0.688998,82,MÉDIO,2025-08-01,2026-04-05 18:00:43.371636
1426,1391143,"Manutenção preventiva e corretiva Predial - Sede da Secretaria da Ciência, Tecnologia e Educação Superior - SECITECE.",KG CONSTRUÇÕES LTDA - EPP,43200007,269450022.0,365,-0.688765,82,MÉDIO,2025-09-11,2026-04-05 18:00:43.371636
1067,1402882,"Contratação de empresa em caráter emergencial para prestação de serviços contínuos a serem executados com dedicação exclusiva de mão de obra terceirizada, regidos pela Consolidação da Leis Trabalhistas (CLT).",SLS TERCEIRIZAÇÃO DE SERVIÇOS EIRELI-EPP,30200003,149472714.0,179,-0.688765,82,MÉDIO,2025-10-28,2026-04-05 18:00:43.371636
2322,1368415,"Contratação de empresa para prestação de serviços contínuos a serem executados com dedicação exclusiva de mão de obra terceirizada, regidos pela Consolidação da Leis Trabalhistas (CLT) para as categorias, condições e quantidades estabelecidas no Termo de Referência e seus anexos.",SLS TERCEIRIZAÇÃO DE SERVIÇOS EIRELI-EPP,30200003,149476398.0,179,-0.688765,82,MÉDIO,2025-04-30,2026-04-05 18:00:43.371636
1080,1403191,"Contratação de empresa para execução do projeto Laboratórios de Juventudes, para
jovens em situação de vulnerabilidade, a ser realizado nos municípios de Fortaleza, Caucaia,
Maracanaú e Maranguape, para atender as necessidades da Casa Civil, atendidos Programa
Integrado de Prevenção e Redução da Violência do Estado do Ceará - PReVio.",UNIVERSIDADE PATATIVA DO ASSARÉ,30000000,79916702.0,516,-0.68871,82,MÉDIO,2025-10-28,2026-04-05 18:00:43.371636
80,1419317,"ELTROMBOPAGUE OLAMINA, COMPRIMIDO REVESTIDO, 25MG - ELTROMBOPAGUE OLAMINA, COMPRIMIDO REVESTIDO, 50MG",ONCOEXO DISTRIBUIDORA DE MEDICAMENTOS LTDA,24200004,190920044.0,294,-0.68863,82,MÉDIO,2026-03-12,2026-04-05 18:00:43.371636
1820,1380586,"Contratação dos serviços de abastecimento de água tratada e coleta de esgoto das Vilas
do Esporte e Lazer de responsabilidade da Secretaria do Esporte do Estado do Ceará -
SESPORTE, junto à Companhia de Água e Esgoto do Ceará (CAGECE)",COMPANHIA DE AGUA E ESGOTO DO CEARA CAGECE,42200001,15000000.0,1826,-0.688597,82,MÉDIO,2025-07-15,2026-04-05 18:00:43.371636
331,1413326,Dispensa de Licitação com o objetivo de Contratação de Mão de Obra Terceirizada tendo em vista a substituição do Contrato 14/2025 e objetivando a não descontinuidade dos serviços prestados,LABOR SERVICOS E MAO DE OBRA ESPECIALIZADA LTDA,21200001,148028037.0,179,-0.688532,82,MÉDIO,2026-01-28,2026-04-05 18:00:43.371636
1864,1412368,Aquisição de Dormentes de Blocos Independentes de Concreto tipo LVT.,EMPAC DO NORDESTE ARTEFATOS DE CONCRETO LTDA,08200007,49700000.0,729,-0.688471,82,MÉDIO,2025-07-09,2026-04-05 18:00:43.371636
1824,1380444,"AQUISIÇÃO DE BETA AGALSIDASE, 35MG, PO LIOFILIZADO PARA SOLUCAO INJETAVEL, FRASCO/AMPOLA 20ML PARA ATENDER DEMANDAS JUDICIAIS.",SANOFI MEDLEY FARMACEUTICA LTDA,24200004,113647999.0,169,-0.688424,82,MÉDIO,2025-07-15,2026-04-05 18:00:43.371636
642,1410301,"Prestação dos serviços de REFORMA DE UMA BARRAGEM NO ASSENTAMENTO CAMARÁ, ASSOCIADO AO MST, MUNICÍPIO DE QUIXERAMOBIM-CE",P M & M ENGENHARIA LTDA,29200001,152495937.0,180,-0.688299,82,MÉDIO,2025-12-01,2026-04-05 18:00:43.371636
933,1406188,CONTRATAÇÃO DE SERVIÇOS DE LINKS DE INTERNET PARA ATENDER AS NECESSIDADES DA POLÍCIA CIVIL.,G10 SERVICOS E CONSULTORIA EM TECNOLOGIA DA INFORMACAO LTDA,10100002,14436000.0,1826,-0.688225,82,MÉDIO,2025-11-11,2026-04-05 18:00:43.371636
279,1414022,"Conclusão dos Serviços de Reforma e Ampliação do Centro de Excelência em Empreendedorismo, Inovação e Desenvolvimento Regional da UECE - Fase 2.","STATUS OBRAS, PROJETOS E INSTALACOES EIRELI- ME",43200007,173557684.0,303,-0.688144,82,MÉDIO,2026-02-09,2026-04-05 18:00:43.371636
425,1411919,"AQUISIÇÃO DE HEMINA, FRASCO/AMPOLA, 350MG, PO LIOFILIZADO PARA SOLUCAO INJETAVEL PARA ATENDER DEMANDAS JUDICIAIS.",LICIMASTER DISTRIBUIDORA DE MEDICAMENTOS E PROD MEDICOS HOSP EIRELI,24200004,15432192.0,9,-0.68792,82,MÉDIO,2025-12-22,2026-04-05 18:00:43.371636
2312,1369340,"Contratação de empresa na prestação de serviços de mão de obra terceirizada, cujos empregados sejam regidos pela CONSOLIDAÇÃO DAS LEIS TRABALHISTAS (CLT), para atender as necessidades da área de vigilância, de acordo com as especificações e quantitativos previstos no Anexo I - Termo de Referência deste edital e na proposta da CONTRATADA.",SERVIARM SERVICO DE VIGILANCIA ARMADA LTDA,47000000,239682216.0,364,-0.687833,82,MÉDIO,2025-05-02,2026-04-05 18:00:43.371636
2371,1412252,"CONTRATAÇÃO DE EMPRESA PARA PRESTAÇÃO DE SERVIÇOS CONTÍNUOS A SEREM EXECUTADOS COM DEDICAÇÃO EXCLUSIVA DE MÃO DE OBRA TERCEIRIZADA, REGIDOS PELA CONSOLIDAÇÃO DA LEIS TRABALHISTAS (CLT) PARA AS CATEGORIAS, CONDIÇÕES E QUANTIDADES ESTABELECIDAS NO EDITAL E SEUS ANEXOS.",SHALON SERV. DE CONSERVAÇÃO LT,08200007,248316044.0,364,-0.687833,82,MÉDIO,2025-04-25,2026-04-05 18:00:43.371636
1016,1404298,Conclusão e Serviços Complementares da Ampliação da Hemodinâmica do Hospital de Messejana - CE.,CONSTRUTORA ASTRAL LTDA,43200007,265599084.0,365,-0.687136,82,MÉDIO,2025-10-31,2026-04-05 18:00:43.371636
333,1413159,"Contratação de empresa para prestação de serviços contínuos a serem executados com dedicação exclusiva de mão de obra terceirizada para a Área de VIGILÂNCIA para as Sedes da Perícia Forense do Estado do Ceará nos municípios de Fortaleza, Itapipoca, Crateús e Russas.",THOMPSON SEGURANCA LTDA                 ,10100007,263490456.0,365,-0.687136,82,MÉDIO,2026-01-27,2026-04-05 18:00:43.371636
130,1417952,"CT 021/2026 - DL 002/2026 - CEPAL - Contratação emergencial de empresa especializada na prestação de serviços de mão de obra terceirizada, cujos empregados sejam regidos pela Consolidação das Leis do Trabalho (CLT), para atender às necessidades da Secretaria do Desenvolvimento Agrário (SDA) na área de Tecnologia da Informação, conforme quantitativos constantes no Contrato nº 092/2024.",LAR ANTONIO DE PADUA,21000000,235657428.0,364,-0.686903,82,MÉDIO,2026-03-05,2026-04-05 18:00:43.371636
509,1411235,"RECURSO DESTINADO A AQUISIÇÃO DE UM EQUIPAMENTO DE TOMOGRAFIA COMPUTADOIZADA, 64 CANAIS, REFERENTE ATA 2025/18118, PREGÃO ELETRÔNICO 2023/ 1973, PARA HSJ",GE HEALTHCARE DO BRASIL COMÉRCIO E SERVIÇOS PARA EQUIPAMENTOS MEDICO-HOSPITALARES LTDA,24200224,27800000.0,23,-0.686729,82,MÉDIO,2025-12-08,2026-04-05 18:00:43.371636
2111,1373815,"Trata-se de realização de cirurgias eletivas de endometriose, conforme as condições estabelecidas no edital e em conformidade com as diretrizes do Sistema Único de Saúde (SUS), tendo em vista a necessidade identificada pela Central de Regulação do Estado do Ceará.",HDOC INTERMEDIACAO DE NEGOCIOS E SERVICOS HOSPITALARES LTDA,24200004,248438581.0,365,-0.686439,81,MÉDIO,2025-05-30,2026-04-05 18:00:43.371636
2398,1368060,Repasse de obrigações financeira de modo a assegurar o custeio de todas as atividades de saúde a serem desenvolvidas pelo o Consórcio Público de Saúde do Juazeiro do Norte - CEO JUAZEIRO DO NORTE,CONSORCIO P DE S DA MICRO JUAZEIRO NORTE,24200004,243351108.0,365,-0.686439,81,MÉDIO,2025-04-23,2026-04-05 18:00:43.371636
1854,1380043,"Contratação de empresa para prestação de serviços terceirizados com dedicação exclusica de mão de obra, cujos empregados sejam regidos pela CLT, para atender às necessidades da área de Informática.",CONCEITO SERVIÇOS TERCEIRIZADOS EIRELI - ME,13200001,249957706.0,365,-0.686439,81,MÉDIO,2025-07-10,2026-04-05 18:00:43.371636
841,1408015,Tem por objeto a contratação da empresa de prestação de serviços de mão de obra terceirizada,MISSAO SERVICOS TECNICOS EIRELI ,42200001,255484457.0,365,-0.686206,81,MÉDIO,2025-11-18,2026-04-05 18:00:43.371636
645,1396468,"O objeto da licitação é a contratação de empresa para prestação de serviços contínuos a serem executados com dedicação exclusiva de mão de obra terceirizada, regidos pela Consolidação da Leis Trabalhistas (CLT) para as categorias, condições e quantidades estabelecidas no termo de referencia, edital e seus anexos.",LAR ANTONIO DE PADUA,10100008,258698916.0,365,-0.686206,81,MÉDIO,2025-12-01,2026-04-05 18:00:43.371636
450,1411854,"Prestação dos serviços comuns de Engenharia para Manutenção Preventiva e Corretiva das instalações Físicas Prediais e Equipamentos Públicos, com fornecimento de mão de obra, materiais e peças de reposição, para a execução de serviços de manutenção no pavimento térreo da Casa do Trabalhador, compreendendo, a execução de reparos, ajustes, substituições, revitalizações e demais intervenções necessárias para garantir a plena funcionalidade, segurança e conservação do referido espaço.",KG CONSTRUÇÕES LTDA - EPP,59200002,253903326.0,365,-0.686206,81,MÉDIO,2025-12-16,2026-04-05 18:00:43.371636
1433,1390805,"AQUISIÇÃO DE BRENTUXIMABE VEDOTINA, 50MG, PO LIOFILIZADO PARA SOLUCAO INJETAVEL, FRASCO/AMPOLA PARA ATENDER DEMANDAS JUDICIAIS.",CM HOSPITALAR S.A.,24200004,82392759.0,113,-0.686114,81,MÉDIO,2025-09-09,2026-04-05 18:00:43.371636
1642,1384186,"ARP de registro de preços Nº 114212025, Pregão eletrônico  02752025, que tem como objeto aquisição GÊNEROS DE ALIMENTAÇÃO",ART MEDICA COM E REP PROD HOST LTDA,24200204,95635968.0,142,-0.685954,81,MÉDIO,2025-08-11,2026-04-05 18:00:43.371636
129,1417664,"ATA de registro de preços Nº 2026/00407 , Pregão eletrônico  2025/1543, que tem como objeto aquisição - aplv",ART MEDICA COM E REP PROD HOST LTDA,24200204,165580272.0,301,-0.68582,81,MÉDIO,2026-03-05,2026-04-05 18:00:43.371636
1734,1382544,"contratação de empresa para prestação de serviços contínuos a serem executados com dedicação exclusiva de mão de obra terceirizada, regidos pela Consolidação da Leis Trabalhistas (CLT) para as categorias.",LABOR SERVICOS E MAO DE OBRA ESPECIALIZADA LTDA,21200001,125625097.0,179,-0.685743,81,MÉDIO,2025-07-31,2026-04-05 18:00:43.371636
465,1411734,"Contratualização da ata n° 253/2025, por 06 (seis) meses, no valor de R$ 1.293.028,75, para atender as necessidades do HCASG",ABIOCON COMERCIAL LTDA,24200214,129302875.0,181,-0.685511,81,MÉDIO,2025-12-12,2026-04-05 18:00:43.371636
2383,1367692,"Aquisição de INSUMOS DIVERSOS PARA TMO para suprir o Centro de Processamento Celular - CPC/HEMOCE, visando garantir a coleta, o processamento e a criopreservação de células progenitoras hematopoiéticas para o transplante de medula óssea",ACTS DO BRASIL LTDA,24200424,235497586.0,365,-0.68551,81,MÉDIO,2025-04-24,2026-04-05 18:00:43.371636
1028,1404822,CONTRATUALIZAÇÃO DE  SALDO REFERENTE A ATA DE REGISTRO DE PREÇO Nº 2025/21791 INSTRUMENTO CONVOCATÓRIO Nº2024/1655 ORDEM DE COMPRA Nº 76129/2025 CUJO OBJETO E PRESTAÇÃO DE SERVIÇOS MÉDICOS ESPECIALIZADOS NA CATEGORIA DE MÉDICO CIRURGIÃO GERAL PARA ATENDER AS NECESSIDADES DO HGCC PELO PERÍODO DE 12 MESES.,COOPERATIVA DOS CIRURG GERAIS DO CEARA,24200194,236210436.0,365,-0.68551,81,MÉDIO,2025-10-30,2026-04-05 18:00:43.371636
1783,1380723,"Aquisição de subscrição de licença de uso de software VMware com direito a suporte técnico do fabricante, manutenção e atualização de versões de acordo com o contrato 060/2025.",SYSTECH SISTEMAS E TECNOLOGIA EM INFORMÁTICA LTDA - ME,19000000,25347520.0,1096,-0.685424,81,MÉDIO,2025-07-22,2026-04-05 18:00:43.371636
1438,1395277,CONSTRUÇÃO DE UMA QUADRA EM UMA EEM NO MUNICÍPIO DE CARIÚS/CE. CT 367/2025.,MARCEL  OLIVEIRA TIMBO ME,22000000,172359935.0,334,-0.685279,81,MÉDIO,2025-09-09,2026-04-05 18:00:43.371636
1202,1398680,"Constitui-se o objeto deste contrato a Prestação de Serviços de Conectividade com Gerência em Nuvem com Serviços de Disponibilização de Solução de Acesso Seguro, Software, Instalação, Configuração e Testes, sob demanda, para a Procuradoria-Geral do Estado do Ceará - PGE.",EMPRESA DE TECNOLOGIA DA INFORMACAO DO CEARA ETICE,13200002,27153834.0,1096,-0.684961,81,MÉDIO,2025-10-13,2026-04-05 18:00:43.371636
903,1406454,"AQUISIÇÃO DE MEDICAMENTO: CLOMIPRAMINA, CLORIDRATO, 25MG, COMPRIMIDO REVESTIDO. PARA ATENDER A PROGRAMAÇÃO PACTUADA INTEGRADA - PPI",SANTA BRANCA DISTRIBUIDORA DE MEDICAMENTOS LTDA - EPP,24200004,48970537.0,49,-0.684927,81,MÉDIO,2025-11-12,2026-04-05 18:00:43.371636
1924,1378068,Aquisição de material permanente (divisórias e portas com instalação) para atender as necessidades da Procuradoria Geral do Estado do Ceara.,MARCENARIA SULAR LTDA,13200002,105607774.0,169,-0.684863,81,MÉDIO,2025-06-26,2026-04-05 18:00:43.371636
1834,1380325,Serviço de manutenção preventiva/corretivo no Prédio anexo SPS.,KG CONSTRUÇÕES LTDA - EPP,43200007,231572631.0,365,-0.684583,81,MÉDIO,2025-07-14,2026-04-05 18:00:43.371636
1290,1395335,"Trata-se do requerimento de credenciamento da Fundação Otilia Correia Saraiva - Hospital do Coração do Cariri, inscrito no Edital de Credenciamento n° 05/2025, cujo o objeto é a prestação de serviços especializados na área da saúde relacionado a procedimentos com finalidade diagnóstica e cirurgias na especialidade de cardiologia pediátrica ofertados pela iniciativa privada, direcionado aos usuários do Sistema Único de Saúde - SUS.",FUNDAÇAO OTILIA CORREIA SARAIVA,24200004,227075179.0,365,-0.684583,81,MÉDIO,2025-10-01,2026-04-05 18:00:43.371636
928,1406379,Aquisição de Mobiliários para NÍVEL CENTRAL/SESA.,MAX MOVE COMERCIO DE MOVEIS E TRANSPORTES LTDA,24200004,233858457.0,365,-0.684583,81,MÉDIO,2025-11-11,2026-04-05 18:00:43.371636
2364,1367853,"AQUISIÇÃO DE INOTUZUMABE OZOGAMICINA, PO LIOFILIZADO PARA SOLUCAO INJETAVEL, 1MG PARA ATENDER DEMANDAS JUDICIAIS.",PFIZER BRASIL LTDA,24200004,82918758.0,123,-0.684375,81,MÉDIO,2025-04-25,2026-04-05 18:00:43.371636
253,1415593,"Contratualização da ATA Nº 3963/2025, por 06 (seis) meses, no valor de R$ 1.098.338,17, para atender as necessidades do HCASG.",ESSE ENE COMÉRCIO E SERVIÇOS LTDA,24200214,109833817.0,181,-0.684121,81,MÉDIO,2026-02-13,2026-04-05 18:00:43.371636
1898,1379301,"Aquisição de gás liquefeito de petróleo ¿GLP (P13), em forma de VALE GÁS,",NACIONAL GAS BUTANO DISTRIBUIDORA LTDA,47000000,112003027.0,182,-0.684121,81,MÉDIO,2025-07-02,2026-04-05 18:00:43.371636
976,1403870,"Serviço de Manutenção Preventiva e Corretiva, Modernização e Assistência Técnica para o Ambiente Físico Seguro do Data Center da SEFAZ-CE, de acordo com o contrato nº 098/2025.",VIRTUAL INFRAESTRUTURA E ENERGIA LTDA EPP,19000000,28416240.0,1096,-0.683803,81,MÉDIO,2025-11-05,2026-04-05 18:00:43.371636
2316,1374699,"O objeto da licitação é a ¿Aquisição de projetores e tela de cinema destinados
ao Cineteatro São Luiz, de acordo com as especificações e quantitativos previstos
no Termo de Referência¿, nas condições estabelecidas neste edital e seus anexos.",F.L.F COMERCIO DE EQUIPAMENTOS CINEMATOGRAFICOS LTDA,27200004,125643963.0,184,-0.683427,81,MÉDIO,2025-05-02,2026-04-05 18:00:43.371636
812,1408079,"AQUISIÇÃO DE MEDICAMENTO: TIOTROPIO (BROMETO), 2,5MCG/DOSE, SOLUCAO PARA INALACAO ORAL, FRASCO 4ML (60 DOSES). PARA ATENDER O COMPONENTE ESPECIALIZADO DA ASSISTÊNCIA FARMACÊUTICA - CEAF",BOEHRINGER INGELHEIM DO BRASIL QUIMICA E FARMACEUTICA LTDA.,24200004,36462075.0,40,-0.683382,80,MÉDIO,2025-11-21,2026-04-05 18:00:43.371636
1577,1386211,"AQUISIÇÃO DE BRENTUXIMABE VEDOTINA, 50MG, PO LIOFILIZADO PARA SOLUCAO INJETAVEL, FRASCO/AMPOLA PARA ATENDER DEMANDAS JUDICIAIS.",CM HOSPITALAR S.A.,24200004,82392759.0,134,-0.683021,80,MÉDIO,2025-08-19,2026-04-05 18:00:43.371636
2147,1372804,Serviços de Manutenção Preventiva e Corretiva na PGE (Edificação/ Muros).,KG CONSTRUÇÕES LTDA - EPP,43200007,143606264.0,245,-0.682932,80,MÉDIO,2025-05-26,2026-04-05 18:00:43.371636
2226,1371116,Serviços de Manutenção Preventiva e Corretiva no Hospital e Maternidade José Martiniano de Alencar.,KG CONSTRUÇÕES LTDA - EPP,43200007,221433283.0,365,-0.682685,80,MÉDIO,2025-05-14,2026-04-05 18:00:43.371636
1299,1396784,"Contrato nº 381/2025. Conclusão e Serviços Complementares de 04 (quatros) Centro de Educação Infantil - CEI, nos respectivos municípios: 01 (um) em Groaíras, 01 (um) em Tamboril (Sucesso) e 02 (dois)em Crateús (Antigo Liceu e Antigo Abrigo).",CONSORCIO PRISMA SALES,22000000,219592724.0,365,-0.682685,80,MÉDIO,2025-09-29,2026-04-05 18:00:43.371636
1768,1381860,"AQUISIÇÃO DO MEDICAMENTO ATALURENO, 125MG, GRANULADO PARA SUPENSAO ORAL, SACHE (TRANSLARNA) PARA ATENDER DEMANDAS JUDICIAIS.",PTC FARMACEUTICA DO BRASIL LTDA.,24200004,218485188.0,365,-0.682685,80,MÉDIO,2025-07-25,2026-04-05 18:00:43.371636
2399,1368552,"Prestação de serviço de monitoramento eletrônico de pessoas através do fornecimento de dispositivos eletrônicos (tornozeleiras eletrônicas) e equipamentos de prevenção à violência doméstica) homologados na ANATEL, e toda infraestrutura necessária para a execução do serviço.",SPACECOMM MONITORAMENTO S/A,18000000,222504000.0,365,-0.682685,80,MÉDIO,2025-04-22,2026-04-05 18:00:43.371636
1562,1386371,"AQUISIÇÃO DE MEDICAMENTO POR MEIO DE DISPENSA DE LICITAÇÃO - ITEM: PREGABALINA, 75MG, COMPRIMIDO OU CAPSULA",DISTRIMEDICA COMERCIO DE PRODUTOS MEDICOS E ODONTOLOGICOS LTDA - ME,24200004,218895936.0,365,-0.682685,80,MÉDIO,2025-08-20,2026-04-05 18:00:43.371636
1072,1402751,"AQUISIÇÃO DE MEDICAMENTO: OMALIZUMABE, SOLUCAO INJETAVEL, 150MG, SERINGA PREENCHIDA. PARA ATENDER O COMPONENTE ESPECIALIZADO DA ASSISTÊNCIA FARMACÊUTICA - CEAF",ONCOEXO DISTRIBUIDORA DE MEDICAMENTOS LTDA,24200004,49241445.0,64,-0.682656,80,MÉDIO,2025-10-28,2026-04-05 18:00:43.371636
1856,1380031,"Solicitação de compra de medicamento para a Rede Hospitalar/SESA: TENECTEPLASE, 40MG, PO LIOFILIZADO
PARA SOLUCAO INJETAVEL, FRASCO/AMPOLA + DILUENTE 8ML/ENECTEPLASE, 50MG, PO LIOFILIZADO PARA SOLUCAO INJETAVEL, FRASCO/AMPOLA + DILUENTE 10ML",ONCO PROD DISTRIBUIDORA DE PRODUTOS HOSPITALARES E ONCOLOGICOS LTDA,24200004,99986215.0,174,-0.682244,80,MÉDIO,2025-07-10,2026-04-05 18:00:43.371636
2047,1374642,"Serviço de manutenção da SECULT-CE, no Centro Dragão do Mar de Arte e Cultura - CDMAC/CE.",KG CONSTRUÇÕES LTDA - EPP,43200007,33382352.0,730,-0.681779,80,MÉDIO,2025-06-11,2026-04-05 18:00:43.371636
1550,1393689,"Tem por objeto a contratação conjunta dos serviços de fornecimento de energia elétrica para todas as Unidades Consumidoras (Ucs) do Grupo A - alta tensão, grupamento composto de Ucs com fornecimento em tensão igual ou superior a 2,3 KV junto à Companhia Energética do Ceará - ENEL",COMPANHIA ENERGETICA DO CEARA - ENEL,42200001,10772239.0,1826,-0.681651,80,MÉDIO,2025-08-22,2026-04-05 18:00:43.371636
1128,1400422,"Serviço de locação de 01 (um) container para nitrogênio líquido, com monitoramento de temperatura e com suporte de manutenção preventiva e corretiva do equipamento, para atender a necessidade da Hemorrede.",MATMED COMERCIO DE PRODUTOS HOSPITALARES LTDA,24200424,10200000.0,1826,-0.681624,80,MÉDIO,2025-10-21,2026-04-05 18:00:43.371636
922,1406115,"AQUISIÇÃO DE GILTERITINIBE HEMIFUMARATO, 40MG, COMPRIMIDO REVESTIDO PARA ATENDER DEMANDAS JUDICIAIS.",ELFA MEDICAMENTOS S.A.,24200004,44655072.0,50,-0.681528,80,MÉDIO,2025-11-11,2026-04-05 18:00:43.371636
2094,1374154,"Constitui objeto deste a contratação do SERVIÇO AUTÔNOMO DE ÁGUA E ESGOTO ¿ SAAE DE
ICÓ, entidade autárquica municipal, para prestação de serviços de fornecimento de água tratada e/ou coleta
de esgoto sanitário para atender a demanda das Unidades Vinculadas à Secretaria da Educação ¿ SEDUC,
no Município de Icó. SERVIÇO
AUTÔNOMO DE ÁGUA E ESGOTO ¿ SAAE
DE ICÓ.",SAAE DE ICO,22000000,9900000.0,1826,-0.681428,80,MÉDIO,2025-06-02,2026-04-05 18:00:43.371636
2227,1372647,"3.1. O objeto do presente contrato é o serviço de locação de dois veículos, sem motorista, tipo Pick-Up e SUV, nas condições estabelecidas no Termo de Referência do edital e na proposta da CONTRATADA.",SERRA EVOLUTE LOCAÇÃO DE VEÍCULOS LT,08000000,9900000.0,1826,-0.681428,80,MÉDIO,2025-05-14,2026-04-05 18:00:43.371636
1647,1385256,"SERVICO DE GESTAO - SERVICO DE APOIO AO DETRAN CE NA GESTAO, MANUTENCAO E OPERACAO DE TRANSITO ATRAVES DA UTILIZACAO DE SOLUCOES INTEGRADAS NAS VIAS SOB SUA JURISDICAO DO DETRAN. Obs.:SERVIÇO - EMERGENCIAL POR 12 MESES",SITRAN SINALIZACAO DE TRANSITO IND LTDA,08200003,215410000.0,365,-0.681371,80,MÉDIO,2025-08-08,2026-04-05 18:00:43.371636
2462,1365544,"Contrato nº 149/2025. O cumprimento deste contrato está vinculado aos termos do edital do Pregão Eletrônico nº 20240019, o Termo de Referência, a proposta do contratado e eventuais anexos dos respectivos documentos os quais constituem parte deste instrumento, independente de sua transcrição.",T D DANTAS SOLUCOES LTDA,22000000,30777500.0,730,-0.681048,80,MÉDIO,2025-04-09,2026-04-05 18:00:43.371636
849,1407723,"AQUISIÇÃO DE SOLUCAO, BOLSA 1000ML, PRESERVACAO DE MULTIPLOS ORGAOS E PROTECAO MIOCARDICA, HISTIDINA, TRIPTOFANO E ALFACETOGLUTARATO, UNIDADE 1.0 BOLSA. PARA ATENDER ÀS UNIDADES DE SAÚDE DO ESTADO DO CEARÁ - SESA",CONTATI COMERCIO REPRESENTACAO LTDA,24200004,39239712.0,43,-0.681026,80,MÉDIO,2025-11-18,2026-04-05 18:00:43.371636
1600,1385658,"Contratação de empresa através da modalidade de licitação INEXIGIBILIDADE, conforme art. 74, inciso I da Lei Federal nº 14.133/2021, em favor da empresa HOSP TRADE DO BRASIL, pelo período de 12 (doze) meses, para os serviços de Manutenção preventiva, corretiva, execução de ensaios de segurança elétrica, calibrações, com reposição total de peças e acessórios originais da marca FANEM, em 186 (Cento e Oitenta e Seis) equipamentos neonatais (Incubadora, Aspirador, Berço Aquecido, Bilispot/Fototerapia, Bilitron/Fototerapia, Biliberço/Fototerapia reversa Refletida, Centrífuga Laboratorial, Incubadora de Transporte, Banho Maria, Estufa e Auto Clave Vertical), pertencentes ao Hospital Geral Dr. César Cals (HGCC).",HOSP TRADE DO BRASIL LTDA,24200194,81248688.0,149,-0.680867,80,MÉDIO,2025-08-13,2026-04-05 18:00:43.371636
310,1413193,"Implantação de Combate à Incêndio e Pânico nas Upas dos seguintes Bairros:  Praia do Futuro, Messejana, Autran Nunes, José Walter , Conjunto Ceará e Canindezinho, no Município de Fortaleza - CE.",MT TIMBO CONSTRUCOES LTDA,43200007,136505199.0,273,-0.68085,80,MÉDIO,2026-02-02,2026-04-05 18:00:43.371636
998,1404711,"AQUISIÇÃO DE TRI-HEPTANOÍNA 100%, SOLUÇÃO ORAL, FRASCO 500ML (DOJOLVI) PARA ATENDER DEMANDAS JUDICIAIS.",ULTRAGENYX BRASIL FARMACEUTICA LTDA,24200004,46790664.0,58,-0.680418,80,MÉDIO,2025-11-03,2026-04-05 18:00:43.371636
254,1416661,"Contratação emergencial de empresa especializada na prestação de serviços de transporte de dados ponto a ponto, com conectividade ao Cinturão Digital do Ceará (CDC)",DB3 SERVICOS DE TELECOMUNICACOES S.A,30200003,97555932.0,179,-0.680353,80,MÉDIO,2026-02-13,2026-04-05 18:00:43.371636
2294,1368994,"AQUISIÇÃO DE PEMBROLIZUMABE, SOLUCAO INJETAVEL, FRASCO/AMPOLA 4ML, 100MG/4ML PARA ATENDER DEMANDAS JUDICIAIS.",CM HOSPITALAR S.A.,24200004,125287824.0,240,-0.680165,80,MÉDIO,2025-05-05,2026-04-05 18:00:43.371636
1253,1395887,"AQUISIÇÃO DE AGUA, SISTEMA FECHADO/ CLORETO DE SODIO SOLUCAO FISIOLOGICA, 0,9% 9MG/ML, SOLUCAO INJETAVEL, FRASCO OU BOLSA 1000ML/ CLORETO DE SODIO SOLUCAO FISIOLOGICA, 0,9% 9MG/ML, SOLUCAO INJETAVEL, FRASCO OU BOLSA 250ML/ CLORETO DE SODIO SOLUCAO FISIOLOGICA, 0,9% 9MG/ML, SOLUCAO INJETAVEL, FRASCO OU BOLSA 500ML/ CLORETO DE SODIO + GLICOSE SOLUCAO, 0,9% 9MG/ML + 5% 50G/ML SOLUCAO GLICOFISIOLOGICA 1:1,/ SOLUCAO DE GLICOSE, 5% 50 MG/ML, SOLUCAO INJETAVEL, FRASCO OU BOLSA 500ML/ SOLUCAO DE GLICOSE, 5% / SOLUCAO DE MANITOL, 20% 200 MG/ML. Solicitação de compra de medicamento para a Rede Hospitalar/SESA",FRESENIUS KABI BRASIL LTDA,24200004,51776054.0,86,-0.680052,80,MÉDIO,2025-10-06,2026-04-05 18:00:43.371636
169,1418276,Aquisição de 10.692 cestas básicas.,PH & B COMERCIO E SERVICOS EIRELI -ME,10100004,145988568.0,307,-0.679977,79,MÉDIO,2026-02-27,2026-04-05 18:00:43.371636
2400,1367004,"CONTRATAÇÃO DE SERVIÇO DE UMA FUNDAÇÃO DE APOIO, AUTORIZADA A REALIZAR SERVIÇO ESPECIALIZADO DE COORDENAÇÃO, ORGANIZAÇÃO, PLANEJAMENTO, GESTÃO ADMINISTRATIVA E FINANCEIRA DOS PROJETOS DE PESQUISAS VINCULADOS AO NÚCLEO DE TECNOLOGIA E QUALIDADE INDUSTRIAL DO CEARÁ ¿ NUTEC",FUNDACAO DE DESENV DA PESQUISA AGROPECUA,31200006,31962250.0,730,-0.679931,79,MÉDIO,2025-04-22,2026-04-05 18:00:43.371636
1319,1393287,"Serviços de subscrição para os 2 (dois) appliances F5 ¿ BIG-IP, modelo i5800, seriais f5-dalz-aiuh e f5-hqzs-qyn contemplando: manutenção dos equipamentos com suporte do fabricante 24X7, atualizações de versão de
firmware e sistema operacional dos componentes da solução (equipamentos físico e instâncias virtuais ¿ vCMP), suporte aos produtos F5 BIG-IP Container Ingress Service, BIG-IP Application Secutiry Manager-ASM, BIG-IP Access Policy Manager-AFM, BIG-IP DNS, SSL Inspector, IP IntelIigence, BIG-IQ Centralized Management, BIG-IP Virtual Editions fornecidos pelo fabricante pelo prazo de 36 (trinta e seis) meses. de acordo com o contrato 077/2025.",NTSEC SOLUCOES EM TELEINFORMATICA LTDA,19000000,21900000.0,1096,-0.679811,79,MÉDIO,2025-09-25,2026-04-05 18:00:43.371636
1213,1399389,"Aquisição de cadeiras giratórias e cadeiras fixas, para atender às necessidades das escolas da Rede
Pública Estadual de Ensino do Estado do Ceará.",SERRA MOBILE INDUSTRIA E COMERCIO LTDA,22000000,214453494.0,365,-0.679794,79,MÉDIO,2025-10-10,2026-04-05 18:00:43.371636
2081,1374380,"SERINGA, SEM AGULHA, BICO LUER SLIP SEM TRAVA, DESCARTAVEL 1ML. SERINGA, SEM AGULHA, BICO LUER SLIP, DESCARTAVEL 5ML, SERINGA, SEM AGULHA, BICO LUER LOCK, EM DESCARTAVEL 3ML, SERINGA, SEM AGULHA, BICO LUER LOCK, DESCARTAVEL 5ML,SERINGA, SEM AGULHA, BICO LUER SLIP, DESCARTAVEL 10ML,SERINGA, SEM AGULHA, BICO LUER LOCK,DESCARTAVEL 10ML, SERINGA, SEM AGULHA, BICO LUER SLIP, DESCARTAVEL 20ML. SERINGA, DESCARTAVEL 60ML +/- 10ML,SERINGA, SEM AGULHA GRADUADA DE 0.1 EM 0.1ML, NUMERADA DE 0.5 EM 0.5ML AO LONGO DO EIXO LONGITUDINAL, PISTAO COM PODER DE PRESSAO NA ASPIRACAO, BICO LUER SLIP, DESCARTAVEL 3ML.",INJEX INDUSTRIAS CIRURGICAS LTDA,24200004,110516506.0,210,-0.679785,79,MÉDIO,2025-06-04,2026-04-05 18:00:43.371636
989,1405184,"AQUISIÇÃO DE HEMINA , FRASCO AMPOLA, 350MG, PO LIOFILIZADO PARA SOLUCAO INJETAVEL PARA ATENDER DEMANDAS JUDICIAIS.",LICIMASTER DISTRIBUIDORA DE MEDICAMENTOS E PROD MEDICOS HOSP EIRELI,24200004,46296576.0,57,-0.67972,79,MÉDIO,2025-11-04,2026-04-05 18:00:43.371636
1858,1380050,"Construção de 1 (uma) Areninha Tipo I, no Bairro Messejana, em Fortaleza - CE.",CONSORCIO PORTHOS & CM,43200007,213734561.0,365,-0.679104,79,MÉDIO,2025-07-10,2026-04-05 18:00:43.371636
786,1408459,"Pavimentação da Rodovia de Acesso e de Restauração da Rodovia CE-352, nos trechos: Entr. CE-040 - Entr. CE-352 e Entr. Rua Juvenal Colaço - Praia das Fontes, no município de Beberibe - CE.",TUTTI ENGENHARIA CIVIL LTDA -EPP,43200007,116350000.0,449,-0.678648,79,MÉDIO,2025-11-24,2026-04-05 18:00:43.371636
443,1411852,"Prestação dos serviços comuns de Engenharia para Manutenção Preventiva e Corretiva das instalações Físicas Prediais e Equipamentos Públicos, com fornecimento de mão de obra, materiais e peças de reposição, para a execução de serviços de manutenção no pavimento superior da Casa do Trabalhador, compreendendo, a execução de reparos, ajustes, substituições, revitalizações e demais intervenções necessárias para garantir a plena funcionalidade, segurança e conservação do referido espaço",KG CONSTRUÇÕES LTDA - EPP,59200002,211866509.0,365,-0.678645,79,MÉDIO,2025-12-16,2026-04-05 18:00:43.371636
430,1411930,"Contratação de empresa especializada para prestar o serviço de georreferenciamento do município de Quixeramobim/CE, em uma área de 296.965,44 hectares.",TOPODATUM TOPOGRAFIA LTDA - ME,21200003,211736045.0,365,-0.678645,79,MÉDIO,2025-12-19,2026-04-05 18:00:43.371636
2181,1371984,"Dispensa de Licitação, cujo objeto é a Contratação de serviços em horas/ano, na categoria de Médico Generalista e Médico Especialista, para atender as necessidades das unidades de saúde da Rede SESA.",COOPERATIVA DE TRABALHO DE ATENDIMENTO PRE-HOSPITALAR LTDA COAPH,24200004,211499136.0,365,-0.678645,79,MÉDIO,2025-05-21,2026-04-05 18:00:43.371636
806,1408461,"AQUISIÇÃO DE MEDICAMENTO: INSULINA GLARGINA, 100UI/ML, SOLUCAO INJETAVEL, CARPULE 3ML + SISTEMA OU CANETA DE APLICACAO. PARA ATENDER A PROGRAMAÇÃO PACTUADA INTEGRADA - PPI",SANOFI MEDLEY FARMACEUTICA LTDA,24200004,28723744.0,37,-0.678403,79,MÉDIO,2025-11-24,2026-04-05 18:00:43.371636
1492,1390568,"CONSTRUÇÃO DE UMA ESCOLA QUILOMBOLA, COM 12 SALAS, NO DISTRITO DA SERRA DO EVARISTO, MUNICÍPIO DE BATURITÉ/CE. CT 361/2025.",FHS CONSTRUTORA LTDA,22000000,68758349.0,607,-0.678375,79,MÉDIO,2025-09-02,2026-04-05 18:00:43.371636
831,1407936,"AQUISIÇÃO DE MEDICAMENTO: LEVOMEPROMAZINA, MALEATO COMPRIMIDO REVESTIDO, 100MG. PARA ATENDER A PROGRAMAÇÃO PACTUADA INTEGRADA - PPI",EMMARKA DISTRIBUIDORADE MEDICAMENTOS LTDA,24200004,31157906.0,42,-0.678038,79,MÉDIO,2025-11-19,2026-04-05 18:00:43.371636
1303,1394833,"Contratação de Manutenção Predial (serviço comum de engenharia para manutenção preventiva e corretiva das instalações físicas prediais em imóveis, com o fornecimento de mão de obra especializada, materiais e peças de reposição), conforme Ordem de Compra nº 58369/2025, Ata de Registro de Preços nº 2024/34024 e Pregão Eletrônico nº 20240001-SOP.",KG CONSTRUÇÕES LTDA - EPP,13200001,29991287.0,730,-0.677999,79,MÉDIO,2025-09-29,2026-04-05 18:00:43.371636
1437,1390723,"AQUISIÇÃO DE DARATUMUMABE, SC, 1.800MG, SOLUÇÃO INJETÁVEL, FRASCO/AMPOLA 15ML PARA ATENDER DEMANDAS JUDICIAIS.",JANSSEN - CILAG FARMACEUTICA LTDA,24200004,59469687.0,113,-0.677982,79,MÉDIO,2025-09-09,2026-04-05 18:00:43.371636
2240,1370402,"Contratação de Empresa para prestação de serviços de mão de obra terceirizada nas áreas administrativas, de informática, de transporte e de asseio e conservação da Funcap, a fim de atender as necessidades da Fundação.",SLS TERCEIRIZAÇÃO DE SERVIÇOS EIRELI-EPP,31200005,55350072.0,104,-0.677715,79,MÉDIO,2025-05-13,2026-04-05 18:00:43.371636
578,1410333,"AQUISIÇÃO DE IDEBENONA, 150MG, COMPRIMIDO REVESTIDO PARA ATENDER DEMANDAS JUDICIAIS.",CHEMICALTECH IMP EXP PROD FARMA E HOSP,24200004,25367254.0,27,-0.677209,79,MÉDIO,2025-12-04,2026-04-05 18:00:43.371636
984,1405278,"AQUISIÇÃO DE RISDIPLAM, 0,75MG/ML, PO PARA SOLUCAO ORAL, FRASCO 80 ML + 2 SERINGAS 6ML + 2 SERINGAS 12ML PARA ATENDER DEMANDAS JUDICIAIS.",PRODUTOS ROCHE QUIMICOS E FARMACEUTICOS,24200004,38822427.0,56,-0.677121,79,MÉDIO,2025-11-05,2026-04-05 18:00:43.371636
940,1405915,"AQUISIÇÃO DE IMUNOGLOBULINA DE COELHO ANTITIMOCITOS HUMANOS, 25MG, PO LIOFILIZADO PARA SOLUCAO INJETAVEL, FRASCO AMPOLA, UNIDADE 1.0 FRASCO / AMPOLA. MARCA: THYMOGLOBULINE. PARA ATENDER ÀS UNIDADES DE SAÚDE DO ESTADO DO CEARÁ - SESA",ELFA MEDICAMENTOS S.A.,24200004,32718021.0,51,-0.676858,79,MÉDIO,2025-11-10,2026-04-05 18:00:43.371636
439,1411799,"solicitação de aquisição de 01 (um) Mamógrafo Digital, por meio da Ata de Registro de Preços nº 2025/30680, destinado ao Hospital Geral de Fortaleza ¿ HGF.",VMI TECNOLOGIAS LTDA,24200004,12330000.0,14,-0.67684,79,MÉDIO,2025-12-17,2026-04-05 18:00:43.371636
462,1411700,"Aquisição de servidores, incluindo garantia pelo período de 84 (oitenta e quatro) meses, de acordo com as especificações técnicas e quantitativos máximos previstos no termo de referencia, para atender as necessidades da Secretária da Saúde do Estado do Ceará ¿ SESA",ZOOM TECNOLOGIA LTDA,24200004,39680000.0,62,-0.67667,79,MÉDIO,2025-12-12,2026-04-05 18:00:43.371636
1508,1388863,"Aquisição de Material permanente (08 (oito) equipamento de vídeo broncoscópio), para o HMCASG.",OLYMPUS OPTICAL DO BRASIL LTDA.,24200214,205967296.0,365,-0.676592,79,MÉDIO,2025-08-29,2026-04-05 18:00:43.371636
1052,1403350,"AQUISIÇÃO DE HALOPERIDOL, 5MG, COMPRIMIDO, HALOPERIDOL, DECANOATO - 50MG/ML, SOLUCAO INJETAVEL AMPOLA 1ML E PROMETAZINA, CLORIDRATO, 25MG, COMPRIMIDO REVESTIDO PARA ATENDER À PROGRAMAÇÃO PACTUADA INTEGRADA (PPI).",EMMARKA DISTRIBUIDORADE MEDICAMENTOS LTDA,24200004,39015279.0,63,-0.676441,79,MÉDIO,2025-10-29,2026-04-05 18:00:43.371636
957,1405579,"3.1. O objeto do presente instrumento é a contratação de serviços comuns de
organização e realização de eventos de pequeno, médio e grande porte para a Secretaria
da Cultura do Estado do Ceará e seus Equipamentos Culturais, nas condições
estabelecidas no Termo de Referência.
3.2. Os itens e respectivos quantitativos objeto desta contratação estão descritos na
planilha anexa a este instrumento contratual.",SOLUCTION LOGISTA E EVENTOS LTDA - ME,27000000,205326630.0,365,-0.676363,78,MÉDIO,2025-11-06,2026-04-05 18:00:43.371636
109,1418543,"Contratação de serviços em horas/ano e procedimentos da categoria de PERFUSIONISTA, para atender as necessidades das unidades de saúde da Rede SESA",COOPERATIVA DE TRABALHO MULTIPROFISSIONAL DE SAUDE DO ESTADO DO CEARA,24200214,205575036.0,365,-0.676363,78,MÉDIO,2026-03-09,2026-04-05 18:00:43.371636
974,1405162,"O objeto do presente contrato é a prestação de serviços contínuos, a serem executadas com dedicação exclusiva de mão de obra terceirizada, regidos pela Consolidação das Leis Trabalhistas (CLT), para as categorias, condições e quantidades estabelecidas neste instrumento, no Termo de Referência - CGCT/SAP e na proposta da Contratada.",NEW LEAF CONCEITO E SERVIÇOS TERCEIRIZADOS LTDA,18000000,205172196.0,365,-0.676363,78,MÉDIO,2025-11-05,2026-04-05 18:00:43.371636
2189,1372074,"Dispensa de Licitação, cujo objeto é a Contratação de serviços em horas/ano, na categoria de Médico Generalista e Médico Especialista, para atender as necessidades das unidades de saúde da Rede SESA.",COOPERATIVA DE TRABALHO DE ATENDIMENTO PRE-HOSPITALAR LTDA COAPH,24200224,203916298.0,365,-0.676363,78,MÉDIO,2025-05-21,2026-04-05 18:00:43.371636
1316,1394473,"Constitui objeto deste a contratação do SERVIÇO AUTÔNOMO DE ÁGUA E ESGOTO ¿ SAAE DE
LIMOEIRO DO NORTE, entidade autárquica municipal, para prestação de serviços de fornecimento de
água tratada e/ou coleta de esgoto sanitário para atender a demanda das Unidades Vinculadas à Secretaria
da Educação ¿ SEDUC, no Município de Limoeiro do Norte. SERVIÇO
AUTÔNOMO DE ÁGUA E ESGOTO ¿ SAAE DE LIMOEIRO DO NORTE.",SERVIÇO AUTÔNOMO DE ÁGUA E ESGOTO DE LIMOEIRO DO NORTE,22000000,9000000.0,1826,-0.676355,78,MÉDIO,2025-09-25,2026-04-05 18:00:43.371636
397,1414205,CONCESSÃO DE PLANO COLETIVO EMPRESARIAL  DO TIPO AMBULATORIAL E HOSPITALAR PARA OS EMPREGADOS DO METROFOR,HAPVIDA ASSISTÊNCIA MÉDICA LTDA,08200007,201991638.0,364,-0.676134,78,MÉDIO,2026-01-01,2026-04-05 18:00:43.371636
371,1412505,"Aquisição de 50 (cinquenta) licenças do software AUTODESK AEC - Architecture, Engineering and Construction Collection, a partir da adesão como carona a Ata de Registro de Preço de nº 40/2024 do Ministério da Gestão e da Inovação em Serviços Públicos - MGI .",MCR SISTEMAS E CONSULTORIA LTDA,43200007,17443620.0,1096,-0.676117,78,MÉDIO,2026-01-20,2026-04-05 18:00:43.371636
986,1405191,"AQUISIÇÃO DE MEDICAMENTO: PAROXETINA, (CLORIDRATO), 20 MG, COMPRIMIDO REVESTIDO. PARA ATENDER A PROGRAMAÇÃO PACTUADA INTEGRADA - PPI",HUB HEALTH DISTRIBUIDORA DE PRODUTOS HOSPITALARES LTDA,24200004,33619965.0,57,-0.675976,78,MÉDIO,2025-11-04,2026-04-05 18:00:43.371636
1675,1383048,"AQUISIÇÃO DE MEDICAMENTO: FORMOTEROL FUMARATO DIHIDRATADO + BUDESONIDA, 12MCG + 400MCG, CAPSULA COM PO INALANTE + INALADOR OU DOSES EM DISPOSITIVO INALADOR
COM 60 DOSES. PARA ATENDER O COMPONENTE ESPECIALIZADO DA ASSISTÊNCIA FARMACÊUTICA - CEAF",UNI HOSPITALAR CEARA LTDA-EPP,24200004,71153445.0,147,-0.675931,78,MÉDIO,2025-08-06,2026-04-05 18:00:43.371636
669,1409447,"Serviço continuado de rotas fixas de transporte e eventuais deslocamentos eventuais, por quilômetro rodado, para os servidores, empregados públicos, terceirizados e demais pessoas a serviço dos órgãos e entidades do Estado do Ceará, no percurso ida e volta do trabalho.",FRETAR LOGISTICA E TRANSPORTE LTDA,46000000,188264005.0,364,-0.675906,78,MÉDIO,2025-11-28,2026-04-05 18:00:43.371636
748,1408786,"AQUISIÇÃO DE MEDICAMENTO: MEPOLIZUMABE, 100MG/ML, SOLUCAO INJETAVEL, CANETA APLICADORA. PARA ATENDER O COMPONENTE ESPECIALIZADO DA ASSISTÊNCIA FARMACÊUTICA - CEAF",T S COMERCIAL DE MEDICAMENTOS E REPRESENTACAO LTDA,24200004,25322875.0,35,-0.675883,78,MÉDIO,2025-11-26,2026-04-05 18:00:43.371636
1146,1399951,"AQUISIÇÃO DE SINVASTATINA, 20MG, COMPRIMIDO REVESTIDO PARA ATENDER À PROGRAMAÇÃO PACTUADA INTEGRADA (PPI).",ELFA MEDICAMENTOS S.A.,24200004,43200878.0,72,-0.67583,78,MÉDIO,2025-10-20,2026-04-05 18:00:43.371636
1297,1394892,"Contratualização da ATA 2024/11103, por 06 (seis) meses, no valor de R$ 922.798,08 para atender as necessidades do HCASG.",ESSE ENE COMÉRCIO E SERVIÇOS LTDA,24200214,92279808.0,181,-0.675643,78,MÉDIO,2025-09-30,2026-04-05 18:00:43.371636
846,1407701,CONTRATAÇÃO DE SERVIÇO DE MANUTENÇÕ TÉCNICA ESPECIALIZADA (PREVENTIVA E CORRETIVA) DO SISTEMA GUARDIÃO.,DIGITRO TECNOLOGIA S.A.,10100002,28783212.0,729,-0.675587,78,MÉDIO,2025-11-18,2026-04-05 18:00:43.371636
1343,1395738,"Contrato nº 368/2025. Conclusão da Construção dos Centros de Educação Infantil ¿ CEI, localizados no Município de Caucaia (Grilo) e no Município de Fortaleza (Conjunto Esperança) - CE",ATITUDE CONSTRUTORA LTDA,22000000,196373714.0,365,-0.675448,78,MÉDIO,2025-09-22,2026-04-05 18:00:43.371636
1841,1380553,Contrato nº 276/2025. CONSTRUÇÃO DE UM CENTRO DE EDUCAÇÃO INFANTIL (CEI) NO MUNICÍPIO DE POTENGI- CE,LUZ ENGENHARIA E SERVICOS EIRELI,22000000,197278732.0,365,-0.675448,78,MÉDIO,2025-07-11,2026-04-05 18:00:43.371636
953,1405684,"Contratação dos serviços de lavanderia externa com locação, controle e processamento de enxoval, e oferecimento de mão de obra qualificada, por 12 (meses), para atender as necessidades do HCASG",HITECK BENEFICIAMENTO TEXTIL LTDA,24200214,193875000.0,365,-0.675448,78,MÉDIO,2025-11-07,2026-04-05 18:00:43.371636
2421,1366729,"Constitui o objeto deste contrato o patrocínio concedido ao(à) PATROCINADO(A)
para a realização do projeto  SUPER CLÁSSICO DAS AMÉRICAS , que acontecerá nos dias
17 a 21 de abril de 2025, na cidade de Fortaleza - CE, consistindo na promoção e realização de
evento esportivo na modalidade futsal, envolvendo o campeão brasileiro de 2024 e conhecido
clube de futebol argentino. O evento ocorrerá no Centro de Formação Olímpica no dia 20 de
abril de 2025 às 08:30, sendo uma excelente oportunidade para divulgação e incentivar a prática
esportiva, inclusive com a participação de alunos das escolas públicas no treinamento, conforme
Formulário de Patrocínio em anexo, parte integrante deste instrumento, independentemente de
sua transcrição.",EXPRESSO TURISMO LTDA,30000000,37610482.0,59,-0.675298,78,MÉDIO,2025-04-16,2026-04-05 18:00:43.371636
1252,1395903,"AQUISIÇÃO DE AGUA, PARA INJETAVEL, SOLUCAO INJETAVEL ENDOVENOSA AMPOLA 10ML/ CLORETO DE SODIO SOLUCAO FISIOLOGICA, 0,9% 9MG/ML, SOLUCAO INJETAVEL,
FRASCO OU BOLSA 100ML/ CLORETO DE SODIO SOLUCAO FISIOLOGICA, 0,9%, SOLUCAO INJETAVEL, AMPOLA
10.0 MILILITRO. Solicitação de compra de medicamento para a Rede Hospitalar/SESA",FARMACE IND QUIMICO FARM CEARENSE       ,24200004,46461752.0,86,-0.675076,78,MÉDIO,2025-10-06,2026-04-05 18:00:43.371636
2265,1369524,"AQUISIÇÃO DE MEDICAMENTO: ATALURENO, 250MG, GRANULADO PARA SUPENSAO ORAL, SACHE. PARA ATENDER DEMANDA JUDICIAL/SESA",PTC FARMACEUTICA DO BRASIL LTDA.,24200004,113898288.0,237,-0.674768,78,MÉDIO,2025-05-08,2026-04-05 18:00:43.371636
963,1405820,"O presente contrato tem por objeto a aquisição de material instrucional da ATA DE REGISTRO DE PREÇOS Nº
021/2024 - SEDUC/PA, oriunda do Edital do PREGÃO ELETRÔNICO SRP Nº 90010/2024/SEDUC - ESTADO DO PARÁ- SECRETARIA DE ESTADO DE EDUCAÇÃO - SEDUC/PA, para atendimento às
turmas de EJA Médio da rede estadual do Ceará,",FAZER EDUCACAO LTDA.,22000000,199157500.0,365,-0.674763,78,MÉDIO,2025-11-06,2026-04-05 18:00:43.371636
1608,1385091,"Apoio a Secretaria do Meio Ambiente e Mudança do Clima - SEMA, na gestão do Programa Vem Pro Parque.",INSTITUTO DRAGAO DO MAR,57000000,198609096.0,365,-0.674763,78,MÉDIO,2025-08-13,2026-04-05 18:00:43.371636
1219,1397905,"Prestação de serviços especializados na área da saúde relacionado a cirurgias eletivas na especialidade de ortopedia ofertados pela iniciativa privada, direcionado aos usuários do Sistema Único de Saúde - SUS e regulados pela Central de Regulação do Estado do Ceará",FUNDACAO LEANDRO BEZERRA DE MENEZES,24200004,189193415.0,365,-0.674535,78,MÉDIO,2025-10-09,2026-04-05 18:00:43.371636
1917,1378623,"Contratação da empresa GENTE SERVIÇOS E LOCAÇÃO DE MÃO DE OBRA LTDA ¿ CNPJ n° 27.550.473/0001-19, sediada à Rua Pinto Madeira, nº 1057, bairro Centro, Fortaleza/CE, CEP 60.150-000, para a prestação de serviços contínuos a serem executados com dedicação exclusiva de mão de obra terceirizada, regidos pela Consolidação da Leis Trabalhistas (CLT) ÁREA DE APOIO ADMINISTRATIVO, TÉCNICO E DE GESTÃO.",GENTE SERVICOS E LOCACAO DE MAO DE OBRA LTDA,46200001,188752597.0,365,-0.674535,78,MÉDIO,2025-06-27,2026-04-05 18:00:43.371636
1753,1382178,Aquisição de gêneros alimentícios por 12 (doze) meses para suprir as necessidades do HMCASG.,BMP DE SOUSA COMERCIAL EIRELI,24200214,188770325.0,365,-0.674535,78,MÉDIO,2025-07-29,2026-04-05 18:00:43.371636
829,1386183,"Contrato nº 341/2025. Aquisição e montagem de equipamentos para composição de parques infantis visando equipar os Centros de Educação Infantil ¿ CEI, de acordo com as especificações e quantitativos previstos neste Termo de Referência.",OMEGA DISTRIBUIDORA DE PRODUTOS ALIMENTICIOS LTDA,22000000,189104706.0,365,-0.674535,78,MÉDIO,2025-11-19,2026-04-05 18:00:43.371636
1991,1376657,"Contratação direta de empresa especializada na prestação de serviços contínuos terceirizados, cujos empregados sejam regidos pela CLT, nas áreas de apoio técnico-administrativo, operacional, de transportes e tecnologia da informação - TIC, para atender às necessidades da Superintendência Estadual de Defesa do Consumidor - PROCON Ceará, pelo período de 12 (doze) meses, tudo nos termos da Lei Federal nº 14.133/2021.",DIAMANTES TERCEIRIZACAO EM SERVICOS DE LIMPEZA EIRELI,63200002,182878416.0,364,-0.674488,77,MÉDIO,2025-06-17,2026-04-05 18:00:43.371636
2037,1380159,CONCLUSÃO DE UMA QUADRA NA EEM ADAIL BARRETO NO MUNICÍPIO DE CARIÚS - CE.,MORETTO CONSTRUCOES E SERVICOS EIRELI,22000000,106210785.0,424,-0.674395,77,MÉDIO,2025-06-12,2026-04-05 18:00:43.371636
514,1411104,"AQUISIÇÃO DE AGUA, SISTEMA FECHADO, FLEXIVEL, INERTE QUIMICAMENTE POLIETILENO, CLORETO DE SODIO SOLUCAO FISIOLOGICA, 0,9% 9MG/MLCLORETO DE SODIO SOLUCAO FISIOLOGICA, 0,9% 9MG/ML,CLORETO DE SODIO + GLICOSE SOLUCAO, 0,9% 9MG/ML + 5% 50G/ML SOLUCAO DE GLICOSE, 5% 50 MG/ML, SOLUCAO INJETAVEL, SOLUCAO DE GLICOSE, 5% 50 MG/ML, SOLUCAO INJETAVEL,SOLUCAO DE MANITOL, 20% 200 MG/ML, SOLUCAO INJETAVEL.",FRESENIUS KABI BRASIL LTDA,24200004,17610248.0,23,-0.674285,77,MÉDIO,2025-12-08,2026-04-05 18:00:43.371636
621,1410117,"AQUISIÇÃO DE DUPILUMABE, 200MG (175MG/ML), SOLUCAO INJETAVEL, SERINGA PREENCHIDA 1,14 ML + SISTEMA DE SEGURANCA (DUPIXENT) PARA ATENDER DEMANDAS JUDICIAIS.",SANOFI MEDLEY FARMACEUTICA LTDA,24200004,90197028.0,182,-0.674273,77,MÉDIO,2025-12-02,2026-04-05 18:00:43.371636
653,1409717,"AQUISIÇÃO DE FLUOXETINA, 20 MG, CAPSULA OU COMPRIMIDO PARA ATENDER À PROGRAMAÇÃO PACTUADA INTEGRADA (PPI).",MEDFUTURA DISTRIBUIDORA DE MEDICAMENTOS E PRODUTOS DE SAUDE LTDA,24200004,22420244.0,30,-0.67419,77,MÉDIO,2025-12-01,2026-04-05 18:00:43.371636
1886,1379656,"prestação de serviços de computação em nuvem pública, no modelo Software como Serviço (Software as a Service - SaaS), para o fornecimento de licença do software Google",EMPRESA DE TECNOLOGIA DA INFORMACAO DO CEARA ETICE,53000000,8604144.0,1826,-0.673968,77,MÉDIO,2025-07-04,2026-04-05 18:00:43.371636
2484,1365787,"Locação do Imóvel ,localizado na Av. Maria Letícia Leite Pereira, SN, Bairro Cidade Universitária, Juazeiro do Norte - Ceará, para atender as necessidades das instalações física da Superintendência Regional de Saúde do Cariri/SRSUL.",ARARUNA EMPREENDIMENTOS LTDA,24200004,16200000.0,1096,-0.673936,77,MÉDIO,2025-04-08,2026-04-05 18:00:43.371636
823,1409828,"Contratação de empresa concessionária de serviço público de energia elétrica, visando ao fornecimento contínuo de energia para a manutenção das atividades da Escola de Gestão Pública do Estado do Ceará ¿ EGPCE",COELCE,46100003,8365716.0,3652,-0.673931,77,MÉDIO,2025-11-21,2026-04-05 18:00:43.371636
213,1415586,AQUISIÇÃO DE PNEUMÁTICOS PARA VEÍCULOS DA PMCE.,AVO COMERCIO ATACADISTA DE PNEUMATICOS LTDA,10100003,127532438.0,311,-0.673809,77,MÉDIO,2026-02-23,2026-04-05 18:00:43.371636
1140,1400247,"AQUISIÇAO DE TENECTEPLASE, 40MG, PO LIOFILIZADO PARA SOLUCAO INJETAVEL, FRASCO/AMPOLA + DILUENTE 8ML,  Solicitação de compra de medicamento para a Rede Hospitalar/SESA",ONCO PROD DISTRIBUIDORA DE PRODUTOS HOSPITALARES E ONCOLOGICOS LTDA.,24200004,39517374.0,72,-0.673775,77,MÉDIO,2025-10-20,2026-04-05 18:00:43.371636
1473,1389532,"AQUISIÇÃO DE DUPILUMABE, 300MG, 150MG/ML, SOLUCAO INJETAVEL, SERINGA PREENCHIDA 2ML PARA ATENDER DEMANDAS JUDICIAIS.",SANOFI MEDLEY FARMACEUTICA LTDA,24200004,56477092.0,119,-0.673694,77,MÉDIO,2025-09-03,2026-04-05 18:00:43.371636
508,1411037,"Solicitação de compra de medicamento para a Rede Hospitalar/SESA, LANREOTIDA (ACETATO), 120MG, SOLUCAO INJETAVEL DE LIBERACAO PROLONGADA, SERINGA PREENCHIDA COM 0,5ML, UNIDADE 1.0 SERINGA PREENCHIDA.",UNI HOSPITALAR LTDA,24200004,15734066.0,23,-0.673675,77,MÉDIO,2025-12-08,2026-04-05 18:00:43.371636
266,1414766,ELABORAÇÃO DE ESTUDO DE ALTERNATIVAS E CONCEPÇÃO E PROJETO EXECUTIVO PARA OS SISTEMAS DE ABASTECIMENTO DE AGUA EM MUNICIPIOS DO CEARA NAS SEGUINTES LOCALIDADES RURAIS: PEDRA DE FOGO EM MUCAMBO; BARRA EM AIUABA; FORQUILHA EM ERERE: ANJINHOS EM SANTANA DO CARIRI; PAI JOÃO EM ARATUBA: COMPLEXO FURNAS EM ARACOIABA; RETALHO EM TRAIRI.,NAVOR ENGENHARIA LTDA,43000000,54951581.0,624,-0.673523,77,MÉDIO,2026-02-12,2026-04-05 18:00:43.371636
265,1414772,ELABORAÇÃO DE ESTUDO DE ALTERNATIVAS E CONCEPÇÃO E PROJETO EXECUTIVO PARA OS SISTEMAS DE ABASTECIMENTO DE AGUA EM MUNICIPIOS DO CEARA NAS SEGUINTES LOCALIDADES RURAIS: PEDRA DE FOGO EM MUCAMBO; BARRA EM AIUABA; FORQUILHA EM ERERE: ANJINHOS EM SANTANA DO CARIRI; PAI JOÃO EM ARATUBA: COMPLEXO FURNAS EM ARACOIABA; RETALHO EM TRAIRI.,IBI ENGENHARIA CONSULTIVA S/S,43000000,54951582.0,624,-0.673523,77,MÉDIO,2026-02-12,2026-04-05 18:00:43.371636
1069,1403150,"SOLICITAÇÃO DE AQUISIÇÃO DE MATERIAL MÉDICO HOSPITALAR POR MEIO DE DISPENSA DE LICITAÇÃO POR UM PERÍODO DE 12 (DOZE) MESES - ITEM: LANCETA, REALIZACAO DE PUNCAO DIGITAL.",ACCUMED PRODUTOS MEDICO HOSPITALARES LTDA,24200004,188107248.0,365,-0.673395,77,MÉDIO,2025-10-28,2026-04-05 18:00:43.371636
566,1410695,"O objeto do presente instrumento é a AQUISIÇÃO COM INSTALAÇÃO E
MONTAGEM DE SISTEMAS INTEGRADOS DE PROJEÇÃO CINEMATOGRÁFICA
DIGITAL PROFISSIONAL, incluindo todos os equipamentos, hardwares, softwares,
telas e acessórios necessários para compor um sistema padrão DCI e resolução 2K,
com sonorização padrão Dolby 5.1; equipamentos de informática; e solução de
tecnologia assistiva visual e auditiva, com fornecimento e instalação, para a
implantação de Complexos de Exibição Cinematográfica nos municípios de Canindé,
Cedro, Aquiraz, Crateús, Itaitinga e Tauá, nas condições estabelecidas neste contrato
e no Termo de Referência do edital e na proposta do CONTRATADO.",CONVERGINT COMERCIO E SERVICOS DE TECNOLOGIA LTDA,27000000,188088372.0,365,-0.673395,77,MÉDIO,2025-12-05,2026-04-05 18:00:43.371636
420,1412952,"Contratação direta para prestação de serviços técnicos especializados, sob demanda, para desenvolvimento e implantação de processos, serviços e sistemas com o uso da plataforma Sydle One (Plataforma Digital Corporativa all-in-one), em projetos de automação, robotização, inteligência artificial e outros.",EMPRESA DE TECNOLOGIA DA INFORMACAO DO CEARA ETICE,46000000,83953300.0,182,-0.673361,77,MÉDIO,2025-12-23,2026-04-05 18:00:43.371636
917,1406515,"AQUISIÇÃO DE VEÍCULOS HÍBRIDOS, CARACTERIZADOS OU NÃO, COM ACESSÓRIOS PARA ATENDER NECESSIDADES DO DETRAN/CE VEÍCULO HÍBRIDO SUV ZERO KM - 8 - UND, conforme item 2.4.1 ¿
Item 04 do Grupo 02 (Da especificação detalhada deste Termo de Referência)",PRESTIGE BLINDAGEM EM AUTOMOVEIS LTDA ,08200003,186176512.0,365,-0.67312,77,MÉDIO,2025-11-12,2026-04-05 18:00:43.371636
1391,1392375,"Aquisição Material de Consumo, Uniforme e Acessórios, CAMISAS e GORROS, dos Projetos Sociais do Corpo de Bombeiros Militar do Estado do Ceará - CBMCE.",TARGET BONES E SERIGRAFIA LTDA - ME,10100004,51518688.0,105,-0.673037,77,MÉDIO,2025-09-17,2026-04-05 18:00:43.371636
1721,1382428,SOLICITAÇÃO DE AQUISIÇÃO DE MEDICAMENTO POR MEIO DE DISPENSA DE LICITAÇÃO - ITEM: CALCIPOTRIOL 50 MCG/G POMADA (BIS) 30 G,LEO PHARMA LTDA,24200004,185020209.0,365,-0.672892,77,MÉDIO,2025-07-31,2026-04-05 18:00:43.371636
1840,1380330,Contrato nº 275/2025. CONSTRUÇÃO DE UM CENTRO DE EDUCAÇÃO INFANTIL (CEI) NO MUNICÍPIO DE IPAUMIRIM - CE,LUZ ENGENHARIA E SERVICOS EIRELI,22000000,183833628.0,365,-0.672892,77,MÉDIO,2025-07-11,2026-04-05 18:00:43.371636
2028,1376205,"DISPENSA  DE LICITAÇÃO DE SERVIÇOS ESPECIALIZADOS EM HORAS/ANO DE NUTRICIONISTAS, POR UM PRAZO DE 12 (DOZE) MESES, PARA ATENDIMENTO AOS PACIENTES DO SUS DO HOSPITAL GERAL DE FORTALEZA - HGF/SESA",COOPERATIVA DE TRABALHO DOS PROFISSIONAIS DE ENFERMAGEM E DE SAUDE DO NORDESTE DO ESTADO DO CEARA - COOPERNORDESTE / CE,24200184,185321664.0,365,-0.672892,77,MÉDIO,2025-06-13,2026-04-05 18:00:43.371636
2475,1366933,"Contratação de serviços de plataforma em nuvem para gerenciamento de uma solução de gestão de documentos e processos, compreendendo o provimento de recursos em nuvem, serviços técnicos especializados de gestão e manutenção de documentos e processos.",EMPRESA DE TECNOLOGIA DA INFORMACAO DO CEARA ETICE,08200003,181696435.0,365,-0.672665,77,MÉDIO,2025-04-09,2026-04-05 18:00:43.371636
2291,1369006,"AQUISIÇÃO DE TENECTEPLASE, 40MG, PO LIOFILIZADO PARA SOLUCAO INJETAVEL, FRASCO/AMPOLA + DILUENTE 8ML, TENECTEPLASE, 50MG, PO LIOFILIZADO
PARA SOLUCAO INJETAVEL, FRASCO/AMPOLA + DILUENTE 10ML. PARA ATENDER A UNIDADES DE SAÚDE O ESTADO.",ONCO PROD DISTRIBUIDORA DE PRODUTOS HOSPITALARES E ONCOLOGICOS LTDA,24200004,108004436.0,240,-0.672644,77,MÉDIO,2025-05-05,2026-04-05 18:00:43.371636
252,1416673,"Contratação emergencial de serviços de transporte de dados ponto a ponto, com conectividade ao Cinturão Digital do Ceará ¿ CDC",BRISANET SERVICOS DE TELECOMUNICACOES S.A.,30200003,78736195.0,179,-0.672283,77,MÉDIO,2026-02-13,2026-04-05 18:00:43.371636
1136,1402040,"Implantação do Núcleo de Ação pela Paz (NAPAZ) em Jangurussu, no município de Fortaleza - CE.",JL CONSTRUÇÕES PROJETOS E CONSULTORIA LTDA - EPP,43200007,136158901.0,335,-0.672069,76,MÉDIO,2025-10-21,2026-04-05 18:00:43.371636
1857,1380773,"CONTRATAÇÃO DE EMPRESA DE CONSULTORIA PARA: (I) ELABORAÇÃO DE DIAGNÓSTICOS SENSORIAIS PARTICIPATIVOS, (II) SISTEMATIZAÇÃO DE ESTRATÉGIAS DE INTERVENÇÃO URBANA DE PREVENÇÃO À VIOLÊNCIA E (III) PROJETOS EXECUTIVOS DE REQUALIFICAÇÃO DE ESPAÇOS PÚBLICOS NO ÂMBITO DO PROGRAMA INTEGRADO DE PREVENÇÃO E REDUÇÃO DE VIOLÊNCIA - PReVio",QUANTA CONSULTORIA LTDA,30000000,97055573.0,215,-0.671922,76,MÉDIO,2025-07-10,2026-04-05 18:00:43.371636
1859,1380874,"Contratação de Empresa de Consultoria para: (I) Elaboração De Diagnósticos Sensoriais Participativos, (ii) Sistematização De Estratégias De Intervenção Urbana De Prevenção À Violência E (iii)
Projetos Executivos De Requalificação De Espaços Públicos No Âmbito Do Programa Integrado De Prevenção E Redução De Violência - Previo.",COOPERATIVA DE TRABALHO DE CONSULTORES E ASSESSORES A GESTAO SOCIO-AMBIENTAL,30000000,97055573.0,215,-0.671922,76,MÉDIO,2025-07-10,2026-04-05 18:00:43.371636
655,1409582,"AQUISIÇÃO DE MEDICAMENTO: PARACETAMOL + CODEINA FOSFATO, 500MG + 30MG, COMPRIMIDO. PARA ATENDER A PROGRAMAÇÃO PACTUADA INTEGRADA - PPI",UNIAO QUIMICA FARMACEUTICA NACIONAL S A,24200004,20479068.0,30,-0.671913,76,MÉDIO,2025-12-01,2026-04-05 18:00:43.371636
1962,1377672,"Contratação de empresa na prestação de serviços de mão de obra terceirizada, cujos empregados sejam regidos pela CONSOLIDAÇÃO DAS LEIS TRABALHISTAS (CLT), para atender as necessidades de vigilância, para os prédios da SEPLAG, Estacionamento, Cohab, Copai, Capela, Centro de Documentação e Centro de Convivência.",B1 VIGILANCIA LTDA,46000000,176769024.0,364,-0.671906,76,MÉDIO,2025-06-24,2026-04-05 18:00:43.371636
2377,1367516,"Contratação de empresa para o fornecimento de energia elétrica em alta tensão, na modalidade tarifária Horosazonal Verde (A4), para atendimento das demandas de diversas unidades da Secretaria da Saúde, pelo período de 12 (doze) meses, no valor total de R$ 1.647.993,12 (um milhão, seiscentos e quarenta e sete mil, novecentos e noventa e três reais e doze centavos).",COMPANHIA ENERGETICA DO CEARA - ENEL,24200004,164799312.0,366,-0.671814,76,MÉDIO,2025-04-24,2026-04-05 18:00:43.371636
1181,1399057,"AMOXICILINA, 500MG, CAPSULA. PARA ATENDER A PROGRAMAÇÃO PACTUADA INTEGRADA - PPI",HOSPDROGAS COMERCIAL LTDA,24200004,35680008.0,77,-0.671727,76,MÉDIO,2025-10-15,2026-04-05 18:00:43.371636
734,1409042,"AQUISIÇÃO DE ANFOTERICINA B, 50MG, PO LIOFILIZADO PARA SOLUCAO INJETAVEL, FRASCO/AMPOLA, UNIDADE 1.0 FRASCO / AMPOLA. MARCA: ANFORICIN/CRISTÁLIA.",ELFA MEDICAMENTOS S.A.,24200004,23063523.0,34,-0.671412,76,MÉDIO,2025-11-27,2026-04-05 18:00:43.371636
1006,1404721,"Prestação de Serviços de Computação em Nuvem, englobando serviços nas modalidades de IaaS, PaaS e SaaS, bem como a prestação de serviços de MANUTENÇÃO, SUPORTE
TÉCNICO, ATUALIZAÇÃO, CONSULTORIA, EVOLUÇÃO, GERAÇÃO E IMPLANTAÇÃO dos sistemas desta SPS.",EMPRESA DE TECNOLOGIA DA INFORMACAO DO CEARA ETICE,47000000,177365823.0,365,-0.671225,76,MÉDIO,2025-10-31,2026-04-05 18:00:43.371636
703,1409478,"AQUISIÇÃO DE COMPRESSA, GAZE ESTERIL, COR BRANCA, ABSORVENTE, ISENTA DE AMIDO, ALVEJANTE OPTICO E CONTAMINANTES, ACABAMENTO SEM REBARBAS E SEM SOLTAR FIOS, PRONTA PARA USO, ESTERIL, 15CMX30CM ABERTA, 7,5CMX7,5CM FECHADA 11 FIOS/CM2, EM 8 CAMADAS, COMPRESSA, TIPO CAMPO OPERATORIO, ESTERIL, 25X28CM, 20G DE PESO POR UNIDADE MIN, EM 100% ALGODAO, COR BRANCA, PRE-LAVADA, COM FILAMENTO RADIOPACO EMBUTIDO NA TRAMA ABSORVENTE, ISENTA DE AMIDO, ALVEJANTE OPTICO E CONTAMINANTES, ACABAMENTO SEM REBARBAS E SEM SOLTAR FIO, ALCA MEDINDO 18CM +/-1CM.",BELIEVE FARMA COMERCIO DE MEDICAMENTOS E MATERIAIS HOSPITALARES LTDA,24200004,22763422.0,33,-0.671185,76,MÉDIO,2025-11-28,2026-04-05 18:00:43.371636
705,1409389,"AQUISIÇÃO DE MATERIAL LABORATORIAL (REAGENTE, DOSAGEM DE ACIDO URICO,ADENOSINA DEAMINASE ADA, ALBUMINA ,HEMOGLOBINA GLICADA, BILIRRUBINA DIRETA OU INDIRETA, CAPACIDADE DE LIGACAO DE FERRO, COLESTEROL, HDL COLESTEROL, FOSFORO INORGANICO, MICROALBUMINÚRIA, FATOR REUMATOIDE, ) PARA O HOSPITAL GERAL DE FORTALEZA-HGF/SESA.",ESSE ENE COMÉRCIO E SERVIÇOS LTDA,24200184,22784072.0,33,-0.671185,76,MÉDIO,2025-11-28,2026-04-05 18:00:43.371636
1485,1390880,"Contratação de serviços contínuos a serem executados com dedicação exclusiva de mão de obra terceirizada, regidos pela (CLT).",SERCON SERVICOS E CONSTRUCOES LTDA,30200001,180946752.0,365,-0.670998,76,MÉDIO,2025-09-02,2026-04-05 18:00:43.371636
1904,1379220,"Trata-se de prestação de serviços especializados na área da saúde relacionado a cirurgias eletivas na especialidade de ortopedia ofertados pela iniciativa privada, direcionado aos usuários do Sistema Único de Saúde - SUS e regulados pela Central de Regulação do Estado do Ceará",SOCIEDADE BENEFICENTE SAO CAMILO-CRATEUS,24200004,180607485.0,365,-0.670998,76,MÉDIO,2025-07-01,2026-04-05 18:00:43.371636
1329,1393852,"Pregão para contratação de empresa para prestação de serviços contínuos a serem executados com dedicação exclusiva de mão de obra terceirizada na área de TI.
Em substituição ao contrato n° 026/2024 celebrado com a empresa SLS TERCEIRIZAÇÃO DE SERVIÇOS LTDA, oriundo de dispensa de licitação.",SLS TERCEIRIZAÇÃO DE SERVIÇOS EIRELI-EPP,56200006,180021768.0,365,-0.670998,76,MÉDIO,2025-09-24,2026-04-05 18:00:43.371636
2262,1370459,"AQUISIÇÃO DE GÊNEROS ALIMENTÍCIOS (PREGÃO)  PARA MERENDA DOS ALUNOS DA EEFM ALMIRANTE TAMANDARÉ, FORTALEZA (SEFOR 2)",BMP DE SOUSA COMERCIAL EIRELI,22000000,55755.0,11110,-0.670709,76,MÉDIO,2025-05-09,2026-04-05 18:00:43.371636
615,1410104,"AQUISIÇÃO DE  AGUA, PARA INJETAVEL, SOLUCAO INJETAVEL ENDOVENOSA AMPOLA 10ML,  AGUA, FRASCO OU BOLSA 100ML,  CLORETO DE SODIO SOLUCAO FISIOLOGICA, 0,9% 9MG/ML, SOLUCAO INJETAVEL,
FRASCO OU BOLSA 100ML, CLORETO DE SODIO SOLUCAO FISIOLOGICA, 0,9%, SOLUCAO INJETAVEL, AMPOLA
10.0 MILILITRO
 PARA ATENDER À DEMANDA DAS UNIDADES HOSPITALARES E AMBULATORIAIS DA SESA",FARMACE IND QUIMICO FARM CEARENSE       ,24200004,17043064.0,28,-0.670625,76,MÉDIO,2025-12-03,2026-04-05 18:00:43.371636
2118,1373750,"CONSTRUÇÃO DA UNIDADE INTEGRADA DE SEGURANÇA - UNISEG, NO BAIRRO JÓQUEI CLUBE EM FORTALEZA/CE, NO ÂMBITO DO PROGRAMA INTEGRADO DE PREVENÇÃO E REDUÇÃO DA VIOLÊNCIA DO ESTADO DO CEARÁ - PREVIO.",IGC EMPREENDIMENTOS IMOBILIARIOS LTDA,30000000,176924379.0,365,-0.670544,76,MÉDIO,2025-05-30,2026-04-05 18:00:43.371636
539,1410614,"AQUISIÇÃO DE  SAIS PARA REIDRATACAO ORAL, GLICOSE, CLORETO DE SODIO, CLORETO DE POTASSIO, CITRATO DE SODIO DI-HIDRATADO, 27,9G, PO, PARA ATENDER A PROGRAMAÇÃO PACTUADA INTEGRADA (PPI)",ELFA MEDICAMENTOS S.A.,24200004,14605725.0,26,-0.670398,76,MÉDIO,2025-12-05,2026-04-05 18:00:43.371636
563,1410754,"Solicitação de compra de material médico hospitalar para a Rede Hospitalar/SESA, COMPRESSA, GAZE ESTERIL, COR BRANCA, ABSORVENTE, ISENTA DE AMIDO, ALVEJANTE OPTICO E CONTAMINANTES, ACABAMENTO SEM REBARBAS E SEM SOLTAR FIOS, PRONTA PARA USO, ESTERIL, 15CMX30CM ABERTA, 7,5CMX7,5CM FECHADA 11 FIOS/CM2, EM 8 CAMADAS, PACOTE 5.0 UNIDADE; COMPRESSA, TIPO CAMPO OPERATORIO, ESTERIL, 25X28CM, 20G DE PESO POR UNIDADE MINIMO, 100% ALGODAO, COR BRANCA, PRE LAVADA, COM FILAMENTO RADIOPACO EMBUTIDO NA TRAMA ABSORVENTE, ISENTA DE AMIDO, ALVEJANTE OPTICO E CONTAMINANTES, ACABAMENTO SEM REBARBAS E SEM SOLTAR FIO, ALCA MEDINDO 18CM +/-1CM, PRONTA PARA USO, ESTERIL, PACOTE 5.0 UNIDADES.",BELIEVE FARMA COMERCIO DE MEDICAMENTOS E MATERIAIS HOSPITALARES LTDA,24200004,14695516.0,26,-0.670398,76,MÉDIO,2025-12-05,2026-04-05 18:00:43.371636
803,1408503,"ATA de registro de preços Nº2025/00006 Pregão eletrônico 20250350,que tem como objeto aquisição -MATERIAL FARMACOLÓGICO",ONCOVIT DISTRIBUIDORA DE MEDICAMENTOS LTDA,24200204,21883752.0,37,-0.670097,76,MÉDIO,2025-11-24,2026-04-05 18:00:43.371636
1853,1380339,Contrato nº 263/2025. CONSTRUÇÃO DE UM CENTRO DE EDUCAÇÃO INFANTIL (CEI) NO MUNICÍPIO DE BANABUIÚ - CE,LUZ ENGENHARIA E SERVICOS EIRELI,22000000,175693589.0,365,-0.67009,76,MÉDIO,2025-07-10,2026-04-05 18:00:43.371636
761,1409681,"LOCAÇÃO DE 20 VEÍCULOS SUV, 110CV PARA ADAGRI",CS BRASIL FROTAS S.A.,56200006,25673760.0,730,-0.670014,76,MÉDIO,2025-11-25,2026-04-05 18:00:43.371636
2471,1365552,"O objeto do contrato nº 148/2025, é a prestação dos eventuais serviços de apoio logístico em Hospedagem e Fornecimento de Alimentação, Locação de Espaço, Confecção e Material de Divulgação, para atender à Rede Pública Estadual de Ensino, nos ITENS 21, 22, 23, 24 E 25 DO GRUPO 04 - CONFECÇÃO E BRINDES, nas condições estabelecidas neste contrato e no Termo de Referência do edital e na proposta do CONTRATADO.",SPALLA EVENTOS E SERVIÇOS LTDA,22000000,25665105.0,730,-0.670014,76,MÉDIO,2025-04-09,2026-04-05 18:00:43.371636
1347,1393297,"AQUISIÇÃO DE FORMOTEROL FUMARATO DIHIDRATADO + BUDESONIDA, 12MCG + 400MCG, CAPSULA COM PO INALANTE + INALADOR OU DOSES EM DISPOSITIVO INALADOR COM 60 DOSES PARA ATENDER À DEMANDA DO COMPONENTE ESPECIALIZADO DA ASSISTÊNCIA FARMACÊUTICA (CEAF)",UNI HOSPITALAR CEARA LTDA-EPP,24200004,45467994.0,100,-0.669923,76,MÉDIO,2025-09-22,2026-04-05 18:00:43.371636
2092,1374422,"CONTRATAÇÃO DE EMPRESA PARA CONSTRUÇÃO DE UMA UNIDADE INTEGRADA DE SEGURANÇA - UNISEG - EM ITAPIPOCA - CE, NO ÂMBITO DO PROGRAMA INTEGRADO DE
PREVENÇÃO E REDUÇÃO DA VIOLÊNCIA DO ESTADO DO CEARÁ - PREVIO.",MORETTO CONSTRUCOES E SERVICOS EIRELI,30000000,172482649.0,365,-0.669864,76,MÉDIO,2025-06-03,2026-04-05 18:00:43.371636
648,1409725,"AQUISIÇÃO DE CARBONATO DE LITIO, 300MG, SIMPLES OU REVESTIDO PARA ATENDER À PROGRAMAÇÃO PACTUADA INTEGRADA (PPI).",HUB HEALTH DISTRIBUIDORA DE PRODUTOS HOSPITALARES LTDA,24200004,19645488.0,30,-0.669618,75,MÉDIO,2025-12-01,2026-04-05 18:00:43.371636
643,1409563,Fornecimento dos serviços de abastecimento de água e de esgotamento sanitário na Ematerce do município de Granja -Ce,SAAE SERV AUTONOMO AGUA ESGOTO GRANJA,21200001,10000.0,1826,-0.669551,75,MÉDIO,2025-12-01,2026-04-05 18:00:43.371636
778,1408579,"PRESTAÇÃO DE SERVIÇO DE FORNECIMENTO DE ÁGUA TRATADA E COLETA DE ESGOTO SANITÁRIO EM PRÉDIO DA EMATERCE, LOCALIZADO NO MUNICÍPIO DE ICAPUÍ-CE",SERVIÇO AUTONOMO DE AGUA E ESGOTO DE ICAPUI,21200001,10000.0,1826,-0.669551,75,MÉDIO,2025-11-25,2026-04-05 18:00:43.371636
2378,1367560,"AQUISIÇÃO DE BRENTUXIMABE VEDOTINA, 50MG, PO LIOFILIZADO PARA SOLUCAO INJETAVEL, FRASCO/AMPOLA PARA ATENDER DEMANDAS JUDICIAIS.",CM HOSPITALAR S.A.,24200004,102629577.0,251,-0.669328,75,MÉDIO,2025-04-24,2026-04-05 18:00:43.371636
1207,1405572,"CONCLUSÃO DA CONSTRUÇÃO DA ESCOLA FAMILIAR AGRÍCOLA - EFA, NA ÁREA RURAL DE CAIÇARA, NO MUNICÍPIO DE CRUZ - CE. CT 398/2025.",ZONA NORTE CONSTRU?OES LTDA -EPP,22000000,51233670.0,608,-0.669278,75,MÉDIO,2025-10-10,2026-04-05 18:00:43.371636
626,1409948,"REAGENTE, DOSAGEM DE ALBUMINA, DE BILIRRUBINA TOTAL, DE BILIRRUBINA DIRETA OU INDIRETA, DE CALCIO, AUTOMACAO EM BIOQUIMICA, DE CAPACIDADE DE LIGACAO DE FERRO,, CREATINAFOSFOQUINASE CK, AUTOMACAO EM BIOQUIMICA, CONTROLES, CALIBRADOR, UNIDADE 1.0 TESTE. MARCA: ROCHE",ESSE ENE COMÉRCIO E SERVIÇOS LTDA,24200184,18488041.0,29,-0.669191,75,MÉDIO,2025-12-02,2026-04-05 18:00:43.371636
1478,1390496,"Contratação de empresa especializada na prestação de serviços terceirizados, com dedicação exclusiva de mão de obra, para atender às necessidades operacionais e administrativas na área de tecnologia da informação da Escola de Gestão Pública do Estado do Ceará - EGPCE, conforme condições, quantidades, especificações e demais exigências estabelecidas neste Termo de Referência e seus anexos.",SLS TERCEIRIZAÇÃO DE SERVIÇOS LTDA,46100003,158928864.0,364,-0.669184,75,MÉDIO,2025-09-03,2026-04-05 18:00:43.371636
692,1409369,"AQUISIÇÃO DE PEGASPARGASE , 750U/ML, SOLUCAO INJETAVEL FRASCO AMPOLA 5ML, UNIDADE 1.0 FRASCO / AMPOLA. MARCA: ONCASPAR/SEVIER. SOLICITAÇÃO DE COMPRA PARA ATENDER ÀS UNIDADES DE SAÚDE DO ESTADO DO CEARÁ.", ONCO PROD DISTRIBUIDORA DE PRODUTOS HOSPITALARES E ONCOLOGICOS LTDA.,24200004,20745655.0,33,-0.669144,75,MÉDIO,2025-11-28,2026-04-05 18:00:43.371636
898,1406612,"AQUISIÇÃO DE MEDICAMENTO: LEVODOPA + BENSERAZIDA(CLORIDRATO), 100MG + 25 MG, CAPSULA DE LIBERACAO PROLONGADA. PARA ATENDER A PROGRAMAÇÃO PACTUADA INTEGRADA - PPI",ONMED DISTRIBUIDORA DE MEDICAMENTOS LTDA,24200004,26651625.0,49,-0.66913,75,MÉDIO,2025-11-12,2026-04-05 18:00:43.371636
918,1406215,Aquisição de Equipamentos de Tecnologia,K2 IT LTDA,46000000,26960250.0,50,-0.668904,75,MÉDIO,2025-11-11,2026-04-05 18:00:43.371636
1132,1400330,"AQUISIÇÃO DE ERTAPENEM (SODICO), FRASCO/AMPOLA, 1G, PO LIOFILIZADO PARA SOLUCAO INJETAVEL, PIPERACILINA SODICA + TAZOBACTAM SODICA, FRASCO/AMPOLA, 4G + 500MG, PO LIOFILIZADO PARA SOLUCAO INJETAVEL, Solicitação de compra de medicamento para a Rede Hospitalar/SESA",T S COMERCIAL DE MEDICAMENTOS E REPRESENTACAO LTDA,24200004,32011155.0,71,-0.668779,75,MÉDIO,2025-10-21,2026-04-05 18:00:43.371636
977,1405152,"O objeto do presente contrato é a prestação de serviços contínuos, a serem executadas com dedicação exclusiva de mão de obra terceirizada, regidos pela Consolidação das Leis Trabalhistas (CLT), para as categorias, condições e quantidades estabelecidas neste instrumento, no Termo de Referência - CGCT/SAP e na proposta da Contratada.",IMPACTO SERVIÇOS TERCEIRIZADOS LTDA,18000000,171258504.0,365,-0.668732,75,MÉDIO,2025-11-05,2026-04-05 18:00:43.371636
978,1405374,"AQUISIÇÃO DE MEDICAMENTO: VALSARTANA, SACUBITRIL, 50MG, COMPRIMIDO REVESTIDO. PARA ATENDER O COMPONENTE ESPECIALIZADO DA ASSISTÊNCIA FARMACÊUTICA - CEAF",ONCOEXO DISTRIBUIDORA DE MEDICAMENTOS LTDA,24200004,28219688.0,56,-0.668711,75,MÉDIO,2025-11-05,2026-04-05 18:00:43.371636
1560,1386734,"Contratualização da Ata Nº 2025/08467 oriundo do PE 20220698 referente a serviços em horas de Técnico de Enfermagem, junto à arrematante COOPERATIVA DE TRABALHO DE ATENDIMENTO PRE E HOSPITALAR LTDA - COAPH, no valor total de R$16.528.813,80 (dezesseis milhões, quinhentos e vinte e oito mil, oitocentos e treze reais e oitenta centavos), afim de atender às necessidades do Hospital do Infantil Albert Sabin, HIAS/SESA por periodo de 12 meses.",COOPERATIVA DE TRABALHO DE ATENDIMENTO PRE-HOSPITALAR LTDA COAPH,24200204,165288138.0,365,-0.668506,75,MÉDIO,2025-08-21,2026-04-05 18:00:43.371636
628,1409921,"Contratação de empresa especializada, na prestação dos serviços de faturamento e processamento de contas médicas do SUS - Sistema de Informação Hospitalar (SIH) e Sistema de Informação Ambulatorial (SIA), com cessão de licença de uso e prestação de serviço de implantação, treinamento, suporte técnico e manutenção de Software de faturamento, incluindo equipe técnica operacional, por 12 (doze) meses, para atender as necessidades do Hospital de Messejana Dr.Carlos Alberto Studart Gomes/SESA.",INSYSTEM CONSULTORIA E SISTEMAS EM SAUDE LTDA - ME,24200214,164275452.0,365,-0.668506,75,MÉDIO,2025-12-02,2026-04-05 18:00:43.371636
286,1414680,"Contrato de prestação dos serviços de transporte diário, para servidores e colaboradores da Secretaria da Administração Penitenciária e Ressocialização, lotados nas unidades prisionais localizadas na Região Metropolitana de Fortaleza, nas condições estabelecidas neste contrato, no Termo de Referência do Edital e na proposta do CONTRATADO.",TRANSCEARA LTDA,18000000,164999952.0,365,-0.668506,75,MÉDIO,2026-02-06,2026-04-05 18:00:43.371636
1925,1379620,"CONTRATAÇÃO DE EMPRESA PARA CONSTRUÇÃO DE UMA UNIDADE INTEGRADA DE SEGURANÇA - UNISEG - EM CAUCAIA I - CE, NO ÂMBITO DO PROGRAMA INTEGRADO DE PREVENÇÃO E REDUÇÃO DA VIOLÊNCIA DO ESTADO DO CEARÁ - PREVIO.",JT CONSTRUCAO EIRELI - EPP,30000000,165717788.0,365,-0.668506,75,MÉDIO,2025-06-26,2026-04-05 18:00:43.371636
28,1422348,"O objeto do presente instrumento é a contratação de empresa para prestação de serviços
contínuos a serem executados com dedicação exclusiva de mão de obra terceirizada, regidos pela
Consolidação da Leis Trabalhistas (CLT) para as categorias, condições e quantidades
estabelecidas no edital e seus anexos.  EMPRESA SEGURO SEGURANÇA
LTDA.",SEGURO SEGURANÇA LTDA,22000000,161655366.0,365,-0.668506,75,MÉDIO,2026-03-24,2026-04-05 18:00:43.371636
1004,1404719,"Contratação de mão de obra terceirizada para as Áreas Administrativas e de Asseio e Conservação para as Sedes da Perícia Forense do Estado do Ceará nos municípios de Juazeiro do Norte, Iguatu, Fortaleza, Itapipoca, Quixeramobim, Canindé, Sobral, Crateús, Tauá e Russas.",SLS TERCEIRIZAÇÃO DE SERVIÇOS EIRELI-EPP,10100007,164018700.0,365,-0.668506,75,MÉDIO,2025-11-03,2026-04-05 18:00:43.371636
889,1406910,AQUISIÇÃO DE FORTINI PLUS PARA ATENDER DEMANDAS JUDICIAIS.,ART MEDICA COM E REP PROD HOST LTDA,24200004,26769366.0,48,-0.668452,75,MÉDIO,2025-11-13,2026-04-05 18:00:43.371636
1167,1400912,"INEXIGIBILIDADE DE LICITAÇÃO PARA AQUISIÇÃO DE IMPLANTE COCLEAR MARCA COCHLEAR, POR UM PERÍODO DE 12 (DOZE) MESES, PARA  ATENDER ÀS NECESSIDADES DO HOSPITAL GERAL DE FORTALEZA (HGF), VINCULADO À SECRETARIA DA SAÚDE DO ESTADO DO CEARÁ (SESA).",POLITEC IMPORTACAO E COMERCIO LTDA.,24200184,167112192.0,365,-0.668279,75,MÉDIO,2025-10-16,2026-04-05 18:00:43.371636
1556,1387256,"Contratação de 2 (duas) agências de publicidade e propaganda para prestação de serviços de publicidade, compreendendo o conjunto de atividades realizadas integradamente que tenham por objetivo o estudo, o planejamento, a conceituação, a concepção, a criação, a execução interna, a intermediação e a supervisão da execução externa e a distribuição de publicidade aos veículos e demais meios de divulgação, com o intuito de atender ao princípio da publicidade, bem como ao direito à informação, de difundir ideias, princípios, iniciativas ou instituições ou de informar o público em geral, cuja especificação se deu estritamente conforme as necessidades administrativas desta unidade contratante, não implicando indevida restrição à ampla competitividade do certame.",EBM QUINTTO COMUNICAÇÃO LTDA,08200003,166790000.0,365,-0.668279,75,MÉDIO,2025-08-21,2026-04-05 18:00:43.371636
1677,1383084,"Contratação de empresa para prestação de serviços contínuos a serem executados com dedicação exclusiva de mão de obra terceirizada para a Área de Serviços Gerais para os municípios de Juazeiro do Norte, Iguatu, Fortaleza, Quixeramobim e Canindé da Perícia Forense do Estado do Ceará, regidos pela Consolidação das Leis Trabalhistas (CLT).",SLS TERCEIRIZAÇÃO DE SERVIÇOS LTDA,10100007,160850212.0,365,-0.668279,75,MÉDIO,2025-08-05,2026-04-05 18:00:43.371636
1561,1387245,"Contratação de 2 (duas) agências de publicidade e propaganda para prestação de serviços de publicidade, compreendendo o conjunto de atividades realizadas integradamente que tenham por objetivo o estudo, o planejamento, a conceituação, a concepção, a criação, a execução interna, a intermediação e a supervisão da execução externa e a distribuição de publicidade aos veículos e demais meios de divulgação, com o intuito de atender ao princípio da publicidade, bem como ao direito à informação, de difundir ideias, princípios, iniciativas ou instituições ou de informar o público em geral, cuja especificação se deu estritamente conforme as necessidades administrativas desta unidade contratante, não implicando indevida restrição à ampla competitividade do certame.",AGIL COMUNICAÇÃO E MARKETING LTDA,08200003,166790000.0,365,-0.668279,75,MÉDIO,2025-08-21,2026-04-05 18:00:43.371636
1761,1382419,Contrato nº 269/2025. CONSTRUÇÃO DE UM CENTRO DE EDUCAÇÃO INFANTIL (CEI) NO MUNICÍPIO DE ANTONINA DO NORTE - CE,LUZ ENGENHARIA E SERVICOS EIRELI,22000000,157560206.0,365,-0.668053,75,MÉDIO,2025-07-28,2026-04-05 18:00:43.371636
31,1422121,ARP 04/2026-MERENDA ESCOLAR - EEM DEPUTADO FRANCISCO DE ALMEIDA MONTE - SEFOR 1,BOA VISTA COMERCIAL E SERVIÇOS LTDA - EPP,22000000,67410.0,11111,-0.668022,74,MÉDIO,2026-03-23,2026-04-05 18:00:43.371636
9,1423273,"AQUISIÇÃO DE USTEQUINUMABE, 90MG, SOLUCAO INJETAVEL, SERINGA PREENCHIDA 1ML PARA ATENDER DEMANDAS JUDICIAIS.",JANSSEN - CILAG FARMACEUTICA LTDA,24200004,100872027.0,276,-0.667938,74,MÉDIO,2026-03-30,2026-04-05 18:00:43.371636
567,1411132,"AQUISIÇÃO DE BELIMUMABE, 120MG, PO LIOFILIZADO PARA SOLUCAO INJETAVEL (BENLYSTA) PARA ATENDER DEMANDAS JUDICIAIS.",T S COMERCIAL DE MEDICAMENTOS E REPRESENTACAO LTDA,24200004,159280128.0,365,-0.667827,74,MÉDIO,2025-12-05,2026-04-05 18:00:43.371636
294,1413721,SERVIÇO AUTÔNOMO DE ÁGUA E ESGOTO DE BANABUIÚ -CE,SERV AUTON DE AGUA E ESGOTO DE BANABUIU,21200001,13000.0,1826,-0.667743,74,MÉDIO,2026-02-05,2026-04-05 18:00:43.371636
451,1411767,"AQUISIÇÃO DE MATERIAL MÉDICO HOSPITALAR, (PROTESE, HASTE UMERAL REVERSO; ADAPTADOR UMERAL; CABECA UMERAL; PLACA DE GLENOIDE E POLIETILENO UMERAL) PARA O HOSPITAL GERAL DE FORTALEZA-HGF/SESA.",AGF MEDICAL LTDA,24200184,7446934.0,15,-0.667272,74,MÉDIO,2025-12-16,2026-04-05 18:00:43.371636
2457,1365970,"AQUISIÇÃO DE MATERIAL MÉDICO HOSPITALAR POR MEIO DE DISPENSA DE LICITAÇÃO - ITEM 1: CATETER, 3,0FR - ITEM 2: CATETER, MONO LUMEN - ITEM 3: CATETER, 4-0FR - ITEM 4: CATETER, 5-0FR - ITEM 5: CATETER, 5-0FR",BECTON DICKINSON IND. CIRURGICAS LTDA,24200004,100647801.0,264,-0.667234,74,MÉDIO,2025-04-11,2026-04-05 18:00:43.371636
410,1412018,"AQUISIÇÃO DE MATERIAL TÉCNICO HOSPITALAR PARA O HOSPITAL GERAL DE FORTALEZA (MICRO, MOLAS PARA ANEURISMA CEREBRAL, DESCARTAVEIS, COM FORMATO COMPLEXO, CARACTERISTICA DE MACIA, SUPERMACIA E RESISTENTE AO ESTIRAMENTO, TAMANHO ENTRE 2MM ATE 24MM OU 25MM DE DIAMETRO, COM COMPRIMENTOS VARIADOS, APLICACAO EMBOLIZACAO DE ANEURISMA CEREBRAL/FISTULAS ARTERIO;  SISTEMA, DESTACAMENTO ULTRA RAPIDO, < 15 SEGUNDOS, ELETRICO OU MECANICO, PERMITA DESTACAR MOLAS, CIRCUITO FECHADO)",MASTERMEDIC COMERCIO DE PROD.MED. HOSPITALARES LTDA,24200184,4360200.0,8,-0.666682,74,MÉDIO,2025-12-23,2026-04-05 18:00:43.371636
586,1410522,"AQUISIÇÃO DE MEDICAMENTO: BENZILPENICILINA BENZATINA, 1.200.000UI, PO PARA SUSPENSAO INJETAVEL OU SUSPENSAO INJETAVEL INTRAMUSCULAR, FRASCO/AMPOLA COM OU SEM DILUENTE. PARA ATENDER A PROGRAMAÇÃO PACTUADA INTEGRADA - PPI",T S COMERCIAL DE MEDICAMENTOS E REPRESENTACAO LTDA,24200004,13647625.0,27,-0.666554,74,MÉDIO,2025-12-04,2026-04-05 18:00:43.371636
932,1408209,CONTRATAÇÃO DIRETA DO SERVIÇO AUTÔNOMO DE ÁGUA E ESGOTO (SAAE) PARA ATENDER A RESIDÊNCIA UNIVERSITÁRIA,SERVIÇO AUTONOMO DE AGUA E ESGOTO DE SOBRAL ,31200002,7216296.0,3652,-0.665771,74,MÉDIO,2025-11-11,2026-04-05 18:00:43.371636
1517,1379217,"A prestação dos serviços para contratação de empresa especializada no fornecimento de subscrições de software da linha Red Hat, Treinamento oficial de produtos Red Hat com opção de certificação, e Serviços Técnicos especializados da Red Hat, nas condições estabelecidas neste contrato e no Termo de Referência do edital e na proposta do CONTRATADO","PMGT - PROJETOS DE MODERNIZACAO, GESTAO E TECNOLOGIAS S/A",24200004,36785600.0,91,-0.665597,74,MÉDIO,2025-08-28,2026-04-05 18:00:43.371636
1638,1384359,"AQUISIÇÃO DE MEDICAMENTO: GLICLAZIDA, 60MG, COMPRIMIDO DE LIBERACAO PROLONGADA. PARA ATENDER A PROGRAMAÇÃO PACTUADA INTEGRADA - PPI",T S COMERCIAL DE MEDICAMENTOS E REPRESENTACAO LTDA,24200004,53649585.0,142,-0.665342,74,MÉDIO,2025-08-11,2026-04-05 18:00:43.371636
869,1407017,"AQUISIÇÃO DE MEDICAMENTO: ESPIRONOLACTONA, 25MG, SIMPLES OU REVESTIDO. PARA ATENDER A PROGRAMAÇÃO PACTUADA INTEGRADA - PPI",SANTA BRANCA DISTRIBUIDORA DE MEDICAMENTOS LTDA - EPP,24200004,24667248.0,47,-0.665233,74,MÉDIO,2025-11-14,2026-04-05 18:00:43.371636
13,1423550,"CONTRATAÇÃO DE INSTITUIÇÃO ESPECIALIZADA PARA O APOIO E A EXECUÇÃO DA CAPACITAÇÃO DOS SERVIDORES EM NÍVEL DE DOUTORADO (PROFISSIONAL), COM O DESENVOLVIMENTO DE ESTUDOS E PESQUISAS APLICADAS À POLÍTICA PÚBLICA DE SANEAMENTO BÁSICO, NO ÂMBITO DO PROGRAMA DE PÓS-GRADUAÇÃO EM PLANEJAMENTO E POLÍTICAS PÚBLICAS (PPPPP).",INSTITUTO DE ESTUDOS PESQ E PROJ DA UECE,43200008,7200000.0,1826,-0.664917,74,MÉDIO,2026-03-30,2026-04-05 18:00:43.371636
1805,1380695,"AQUISIÇÃO DE MEDICAMENTO: MEPOLIZUMABE, 100MG/ML, SOLUCAO INJETAVEL, CANETA APLICADORA. PARA ATENDER O COMPONENTE ESPECIALIZADO DA ASSISTÊNCIA FARMACÊUTICA - CEAF",T S COMERCIAL DE MEDICAMENTOS E REPRESENTACAO LTDA,24200004,65801187.0,167,-0.664812,74,MÉDIO,2025-07-17,2026-04-05 18:00:43.371636
547,1410554,"AQUISIÇÃO DE MEDICAMENTO: CARVEDILOL, 25MG, COMPRIMIDO SIMPLES OU REVESTIDO. PARA ATENDER A PROGRAMAÇÃO PACTUADA INTEGRADA - PPI",SANTA BRANCA DISTRIBUIDORA DE MEDICAMENTOS LTDA - EPP,24200004,13050866.0,26,-0.664723,74,MÉDIO,2025-12-05,2026-04-05 18:00:43.371636
2470,1365735,"Contrato nº 166/2025. O objeto do presente instrumento é a prestação de serviço de apoio logístico em Hospedagem e Fornecimento de Alimentação, Locação de Espaço, Ornamentação, Confecção e Material de Divulgação, para atender a Rede Pública Estadual de Ensino, nas condições estabelecidas neste contrato, no Termo de Referência do Edital e na proposta da CONTRATADA",GROW UP LTDA,22000000,25000000.0,730,-0.664476,74,MÉDIO,2025-04-09,2026-04-05 18:00:43.371636
1389,1393631,Aquisição de Gêneros de Alimentação para Merenda Escolar - EEMTI AUTON ARAGÃO - IPU - CREDE 5,L F S COMERCIO E IMPORTACAO DE ALIMENTOS LTDA,22000000,5378081.0,12,-0.664386,74,MÉDIO,2025-09-17,2026-04-05 18:00:43.371636
433,1411827,"Contratação de produtos e serviços por meio de pacote de serviços dos CORREIOS, para a Procuradoria-Geral do Estado do Ceará - PGE",EMPRESA BRAS DE CORREIOS E TELEGRAFOS ,13000000,6000000.0,1826,-0.664321,74,MÉDIO,2025-12-18,2026-04-05 18:00:43.371636
1756,1382084,MANUTENÇÃO CORRETIVA E PREVENTIVA EM PRÉDIOS PÚBLICOS - SEDE DA SEPLAG - CE.,KG CONSTRUÇÕES LTDA - EPP,43200007,155249451.0,365,-0.664236,74,MÉDIO,2025-07-29,2026-04-05 18:00:43.371636
941,1405946,"O objeto da licitação é o Registro de Preço para futuras e eventuais aquisições de Material de
Consumo - Expediente (Papéis).",ALD COMERCIO DE MATERIAIS EM GERAL LTDA,22000000,23355322.0,51,-0.664076,74,MÉDIO,2025-11-10,2026-04-05 18:00:43.371636
403,1412402,"Contratação de empresa para construção da Unidade Integrada de Segurança - UNISEG, no município de Iguatu, no âmbito do Programa Integrado de Prevenção e Redução da Violência do Ceará - PReVio",O.K. EMPREENDIMENTOS CONSTRUÇÕES E SERVIÇOS LTDA,30000000,149100138.0,365,-0.664012,74,MÉDIO,2025-12-30,2026-04-05 18:00:43.371636
467,1411725,"CONTRATAÇÃO DE EMPRESA PARA CONSTRUÇÃO DA UNIDADE INTEGRADA DE SEGURANÇA - UNISEG, NO MUNICÍPIO DO CRATO/CE , NO ÂMBITO DO PROGRAMA INTEGRADO DE
PREVENÇÃO E REDUÇÃO DA VIOLÊNCIA DO ESTADO DO CEARÁ - PREVIO.",CONSTRUTORA EVOLUTIA LTDA - ME,30000000,150953424.0,365,-0.664012,74,MÉDIO,2025-12-11,2026-04-05 18:00:43.371636
2190,1371842,"Dispensa de Licitação, cujo objeto é a Contratação de serviços em horas/ano, na categoria de Médico Generalista e Médico Especialista, para atender as necessidades das unidades de saúde da Rede SESA.",COOPERATIVA DE TRABALHO DE ATENDIMENTO PRE-HOSPITALAR LTDA COAPH,24200194,151303304.0,365,-0.664012,74,MÉDIO,2025-05-21,2026-04-05 18:00:43.371636
1500,1386490,"Contratualização da ATA 2024/34002, por 12 (doze) meses, no valor de R$ 15.108.864,50, para suprir as necessidades do HMCASG.",COOPCLINIC - COOPERATIVA DE TRABALHO DE CLINICA MEDICA DO CEARA LTDA,24200214,151088645.0,365,-0.664012,74,MÉDIO,2025-09-01,2026-04-05 18:00:43.371636
881,1406912,AQUISIÇÃO DE KETOCAL PARA ATENDER DEMANDAS JUDICIAIS.,ART MEDICA COM E REP PROD HOST LTDA,24200004,23121987.0,48,-0.663851,74,MÉDIO,2025-11-13,2026-04-05 18:00:43.371636
1201,1398407,Reforma da Fachada do Edifício da Academia Estadual de Segurança Pública - AESP/CE .,P & J CONSTRUTORA LTDA-EPP,43200007,148407495.0,365,-0.663787,73,MÉDIO,2025-10-13,2026-04-05 18:00:43.371636
1670,1383772,"Contratualização da ATA 2024/19969 por 06 (seis) meses, no valor de R$ 1.177.734,84, para suprir as necessidades do HMCASG.",ST JUDE MEDICAL BRASIL LTDA,24200214,147205077.0,365,-0.663787,73,MÉDIO,2025-08-06,2026-04-05 18:00:43.371636
2502,1365553,"Trata-se da contratualização da Ata Nº 2024/06106, oriundo do PE 20220665, referente a serviços em horas / ano de FARMACEUTICO HOSPITALAR junto à arrematante Cooperativa de Trabalho de Atendimento Pré e Hospitalar LTDA - COAPH, no valor de R$ 1.470.180,87 (um milhão, quatrocentos e setenta mil, cento e oitenta reais e oitenta e sete centavos), para atendimento às necessidades do Hospital do Infantil Albert Sabin, HIAS/SESA por período de 12 (doze) meses.",COOPERATIVA DE TRABALHO DE ATENDIMENTO PRE-HOSPITALAR LTDA COAPH,24200204,147018087.0,365,-0.663787,73,MÉDIO,2025-04-07,2026-04-05 18:00:43.371636
721,1409041,"AQUISIÇÃO DE MEDICAMENTO: ACIDO ACETILSALICILICO, 100MG, COMPRIMIDO SIMPLES OU REVESTIDO. PARA ATENDER A PROGRAMAÇÃO PACTUADA INTEGRADA - PPI",NUTRIENTES MED DISTRIBUIDORA DE MEDICAMENTOS LTDA - ME,24200004,16798656.0,34,-0.663332,73,MÉDIO,2025-11-27,2026-04-05 18:00:43.371636
2137,1373433,"Prestação de serviços especializados na área da saúde relacionado a cirurgias eletivas na especialidade de ortopedia ofertados pela iniciativa privada, direcionado aos usuários do Sistema Único de Saúde - SUS e regulados pela Central de Regulação do Estado do Ceará.",HOSPITAL MATERNIDADE SAO VICENTE DE PAULO,24200004,146959067.0,365,-0.66289,73,MÉDIO,2025-05-28,2026-04-05 18:00:43.371636
97,1419191,AQUISIÇÃO DE EQUIPAMENTOS/SERVIÇOS DE TECNOLOGIA DA INFORMAÇÃO PARA ATENDER AS NECESSIDADES DA FUNECE,NTSEC SOLUCOES EM TELEINFORMATICA LTDA,31200001,10203977.0,1096,-0.66247,73,MÉDIO,2026-03-11,2026-04-05 18:00:43.371636
1371,1386923,"RECURSO DESTINADO A CONTRATUALIZAÇÃO PARA  SERVIÇOS ESPECIALIZADOS  DE MÉDICOS CARDIOLOGISTAS  PARA ATENDER AS NECESSIDADES DO HSJ, REFERENTE ATA DE RAGISTRO DE PREÇO 2024/34002, PREGÃO 2022/0690, JUNTO A COOPERATIVA DE TRABALHO DE CLINICA MÉDICA DO CEARÁ LTDA - COOPCLINIC",COOPCLINIC - COOPERATIVA DE TRABALHO DE CLINICA MEDICA DO CEARA LTDA,24200224,146490624.0,365,-0.662441,73,MÉDIO,2025-09-18,2026-04-05 18:00:43.371636
239,1415486,"Aquisição de gêneros de alimentação, destinado atender a merenda escolar da EEMTI Antônio Vidal Malveira - TABULEIRO DO NORTE - CREDE 10",COMERCIAL PRAIA E MAR EIRELI,22000000,2452204.0,11108,-0.662316,73,MÉDIO,2026-02-19,2026-04-05 18:00:43.371636
1394,1392045,"AQUISIÇÃO DE CONTRASTE RADIOLOGICO, 300MG I/ML DE IODO, NAO IONICO DE BAIXA OSMOLALIDADE, FRASCO 100ML, SOLUCAO INJETAVEL PARA ATENDER ÀS UNIDADES HOSPITALARES E AMBULATORIAIS DA SESA",GE HEALTHCARE DO BRASIL COMÉRCIO E SERVIÇOS PARA EQUIPAMENTOS MÉDICO-HOSPITALARES LTDA,24200004,41353005.0,106,-0.661958,73,MÉDIO,2025-09-16,2026-04-05 18:00:43.371636
2481,1365971,"AQUISIÇÃO DO MEDICAMENTO PIRFENIDONA, 267 MG CAPSULA (EGURINEL) PARA ATENDER DEMANDAS JUDICIAIS.",ONCOEXO DISTRIBUIDORA DE MEDICAMENTOS LTDA,24200004,69046619.0,183,-0.661612,73,MÉDIO,2025-04-08,2026-04-05 18:00:43.371636
165,1416776,"AQUISIÇÃO DE MEDICAMENTO PARA ATENDER O COMPONENTE ESPECIALIZADO DA ASSISTÊNCIA FARMACÊUTICA - CEAF - ITEM: ELTROMBOPAGUE OLAMINA, COMPRIMIDO REVESTIDO, 50MG",ONCOEXO DISTRIBUIDORA DE MEDICAMENTOS LTDA,24200004,93661568.0,307,-0.661302,73,MÉDIO,2026-02-27,2026-04-05 18:00:43.371636
2486,1366266,"Contratação de empresa para prestação de serviços contínuos a serem executados com dedicação exclusiva de mão de obra terceirizada, regidos pela Consolidação da Leis Trabalhistas (CLT) para as categorias da área de Tecnologia da Informação, observando as  condições e quantidades estabelecidas no termo de referência, edital e seus anexos.",NEW LEAF CONCEITO E SERVIÇOS TERCEIRIZADOS LTDA,69000000,22933458.0,730,-0.661146,73,MÉDIO,2025-04-08,2026-04-05 18:00:43.371636
649,1409937,"Constitui objeto deste a contratação do SERVIÇO AUTÔNOMO DE ÁGUA E ESGOTO ¿ SAAE DE
JUCÁS, entidade autárquica municipal, para prestação de serviços de fornecimento de água tratada e/ou coleta de esgoto sanitário para atender a demanda das Unidades Vinculadas à Secretaria da Educação ¿
SEDUC, no Município de Jucás. SERVIÇO AUTÔNOMO DE ÁGUA E
ESGOTO ¿ SAAE DE JUCÁS.",SAAE DE JUCAS,22000000,5400000.0,1826,-0.660922,73,MÉDIO,2025-12-01,2026-04-05 18:00:43.371636
2129,1375832,"Contratação de empresa para a prestação de serviços de Locação de Veículos para atender as necessidades de deslocamento dos Diretores, Coordenadores, Orientadores de Célula e equipes técnicas, no desempenho de suas atividades diárias, nas viagens ao interior do Estado, região metropolitana e capital, em áreas onde estão sendo desenvolvidas ações da EGPCE, cujos projetos necessitam de permanente acompanhamento.",PONTUAL RENT A CAR LTDA,46100003,9643311.0,1096,-0.660732,73,MÉDIO,2025-05-29,2026-04-05 18:00:43.371636
2030,1410720,"Prestação de Serviços Especializados de Consultoria Técnica para Atualização do Plano Diretor Rodoviário do Estado do Ceará, Programa InfraRodoviário Ceará.",CONSORCIO COMOL/ESTRATEGICA,43200007,35568783.0,599,-0.660714,73,MÉDIO,2025-06-13,2026-04-05 18:00:43.371636
1054,1403345,"AQUISIÇÃO DE MEDICAMENTO: FLUOXETINA, 20 MG, CAPSULA OU COMPRIMIDO. PARA ATENDER A PROGRAMAÇÃO PACTUADA INTEGRADA - PPI",MEDFUTURA DISTRIBUIDORA DE MEDICAMENTOS E PRODUTOS DE SAUDE LTDA,24200004,26536972.0,63,-0.660637,73,MÉDIO,2025-10-29,2026-04-05 18:00:43.371636
81,1419303,"MEPOLIZUMABE, 100MG, PÓ LIOFILIZADO PARA SOLUÇÃO INJETÁVEL, FRASCO AMPOLA",T S COMERCIAL DE MEDICAMENTOS E REPRESENTACAO LTDA,24200004,90149435.0,294,-0.66062,73,MÉDIO,2026-03-12,2026-04-05 18:00:43.371636
85,1419578,"AQUISIÇÃO DE NUTRO PREMIUM 1,5 PARA ATENDER DEMANDAS JUDICIAIS.",R V NUTRICAO E SAUDE LTDA,24200004,93296522.0,294,-0.66062,73,MÉDIO,2026-03-12,2026-04-05 18:00:43.371636
1498,1389016,"Construção de Ciclovia na CE-263, no Município de Jaguaruana - CE.",CONSORCIO MARQUINHOS COSAMPA CONSTRUCOES,43200007,86875563.0,239,-0.660528,73,MÉDIO,2025-09-01,2026-04-05 18:00:43.371636
16,1422663,"O objeto do presente instrumento é a contratação de empresa para prestação de serviços contínuos a serem executados com dedicação exclusiva de mão de obra terceirizada, regidos pela Consolidação da Leis Trabalhistas (CLT) para as categorias de vigilância.",SATELITE SEGURANCA PRIVADA LTDA,13000000,141298092.0,365,-0.660204,73,MÉDIO,2026-03-26,2026-04-05 18:00:43.371636
18,1422543,"Execução das atividades de operacionalização do Programa de Microcrédito Produtivo Orientado ¿ CEARÁ CREDI, operado com recursos do Fundo de Investimento de Microcrédito Produtivo do Ceará ¿ FIMPCE.",INSTITUTO DE DESENVOLVIMENTO DO TRABALHO - IDT,59200001,138960000.0,365,-0.660204,73,MÉDIO,2026-03-26,2026-04-05 18:00:43.371636
857,1407541,Aquisição de material médico hospitalar por 12 (doze) meses para atender as necessidades do HCASG.,BIOLINE FIOS CIRURGICOS LTDA,24200214,139406256.0,365,-0.660204,73,MÉDIO,2025-11-17,2026-04-05 18:00:43.371636
1086,1402760,"Aquisição de Material de Consumo ( Material de Construção e Reforma Diversos ( areia, brita, cerâmica e outros). para um período de 12 (doze) meses, no valor de R$ 1.401.007,73, para atender ao HCASG.",PUMA LICITACOES LTDA,24200214,140100773.0,365,-0.660204,73,MÉDIO,2025-10-24,2026-04-05 18:00:43.371636
830,1408633,"Execução de obras para construção de uma Unidade Integrada de Segurança - UNISEG, no município de Juazeiro do Norte - CE, no âmbito do Programa Integrado
de Prevenção e Redução da Violência do Estado do Ceará - PReVio.",IGC EMPREENDIMENTOS IMOBILIARIOS LTDA,30000000,142580553.0,365,-0.660204,73,MÉDIO,2025-11-19,2026-04-05 18:00:43.371636
518,1411437,"Contratação de empresa para prestação de serviços contínuos a serem executados com dedicação exclusiva de mão de obra terceirizada, regidos pela Consolidação da Leis Trabalhistas (CLT) para as categorias,
condições e quantidades estabelecidas no termo de referência, edital e seus anexos para atender as necessidades da área de Vigilância Patrimonial nas sedes dos Núcleos de Ação
Pela Paz - NAPAZ.",SOERGO SEGURANCA LTDA,30000000,142753416.0,365,-0.660204,73,MÉDIO,2025-12-08,2026-04-05 18:00:43.371636
826,1407975,"PROCESSO LICITATÓRIO PARA CONTRATUALIZAÇÃO DE SERVIÇOS PRESTADOS DE MÉDICOS ESPECIALISTA CIRURGIÃO GERAL PARA HORAS SEMANA DIURNO, SEMANA NOTURNO , FINAIS DE SEMANA, PARA HOSPITAL SÃO JOSÉ, REFERENTE ATA DE REGISTRO DE PREÇO 2025/21791, PREGÃO ELETRÔNICA 2024/1655, JUNTO A COOPERATIVA DOS CIRURGIÕES GERAIS DO CEARÁ LTDA- COOCIRURGE",COOPERATIVA DOS CIRURG GERAIS DO CEARA,24200224,140741256.0,365,-0.660204,73,MÉDIO,2025-11-19,2026-04-05 18:00:43.371636
2438,1366259,CONTRATAÇÃO DE SERVIÇOS BANCÁRIOS REFERENTE AO PROGRAMA AGENTE JOVEM AMBIENTAL (AJA).,BANCO DO BRASIL S/A,57000000,5851296.0,1461,-0.659992,72,MÉDIO,2025-04-14,2026-04-05 18:00:43.371636
1887,1379463,"AQUISIÇÃO DE DARATUMUMABE, SC, 1.800MG, SOLUCAO INJETAVEL FRASCO AMPOLA 15ML PARA ATENDER DEMANDAS JUDICIAIS.",JANSSEN - CILAG FARMACEUTICA LTDA,24200004,65224818.0,180,-0.659791,72,MÉDIO,2025-07-04,2026-04-05 18:00:43.371636
2461,1365763,"Contratação de empresa especializada na execução de serviços técnicos de informática, inerentes à locação de software e capacitação de servidores, com o objetivo de oferecer suporte às atividades de
planejamento financeiro; registro contábil, orçamentário e financeiro; administração de contratos; realização de pagamentos; e emissão de relatórios de auditoria financeira e de outros relatórios relacionados com os recursos decorrente do Contrato de Empréstimo no âmbito do PROGRAMA DE SANEAMENTO DAS LOCALIDADES LITORÂNEAS DO CEARÁ ¿ PROSATUR/CE.",SOFTPLAN PLANEJAMENTO E SISTEMAS LTDA,36000000,6297870.0,1461,-0.659701,72,MÉDIO,2025-04-10,2026-04-05 18:00:43.371636
2290,1368957,Serviços de Manutenção Preventiva e Corretiva na PGE (Instalações elétricas).,KG CONSTRUÇÕES LTDA - EPP,43200007,62435387.0,179,-0.659568,72,MÉDIO,2025-05-05,2026-04-05 18:00:43.371636
293,1413529,"ATA de registro de preços Nº 114212025, Pregão eletrônico  02752025, que tem como objeto aquisição - GÊNEROS DE ALIMENTAÇÃO",ART MEDICA COM E REP PROD HOST LTDA,24200204,100813728.0,329,-0.659442,72,MÉDIO,2026-02-05,2026-04-05 18:00:43.371636
2127,1373739,"Trata-se de realização de cirurgias eletivas de endometriose, conforme as condições estabelecidas no edital e em conformidade com as diretrizes do Sistema Único de Saúde (SUS), tendo em vista a necessidade identificada pela Central de Regulação do Estado do Ceará.",FUNDAÇAO OTILIA CORREIA SARAIVA,24200004,137296574.0,365,-0.659311,72,MÉDIO,2025-05-29,2026-04-05 18:00:43.371636
1782,1381408,"Realização de cirurgias eletivas de endometriose, conforme as condições estabelecidas no edital e em conformidade com as diretrizes do Sistema Único de Saúde (SUS), tendo em vista a necessidade identificada pela Central de Regulação do Estado do Ceará",SOCIEDADE BENEFICENTE SÃO CAMILO,24200004,137296574.0,365,-0.659311,72,MÉDIO,2025-07-22,2026-04-05 18:00:43.371636
2176,1372307,"Solicitação de credenciamento oriundo da Fundação Antônia Maria da Conceição - Hospital Santé, inscrito no CNPJ sob o nº 06.747.463/0002-89 relacionado ao Edital de Chamamento Público - Credenciamento nº 04/2025 cujo objeto refere-se à realização de cirurgias eletivas de endometriose, conforme as condições estabelecidas no edital e em conformidade com as diretrizes do Sistema Único de Saúde (SUS), tendo em vista a necessidade identificada pela Central de Regulação do Estado do Ceará.",FUNDACAO ANTONIA MARIA DA CONCEICAO,24200004,137296574.0,365,-0.659311,72,MÉDIO,2025-05-22,2026-04-05 18:00:43.371636
1457,1389658,"MEPOLIZUMABE, 100MG/ML, SOLUCAO INJETAVEL, CANETA APLICADORA, EMBALAGEM 1.0 UNIDADE. MARCA: NUCALA/GLAXOSMITHKLINEBRASIL LTDA, Solicitação de compra de medicamento para atender à demanda do Componente Especializado da Assistência Farmacêutica grupo 1B (CEAF).",T S COMERCIAL DE MEDICAMENTOS E REPRESENTACAO LTDA,24200004,43555345.0,118,-0.659156,72,MÉDIO,2025-09-04,2026-04-05 18:00:43.371636
44,1421593,AGF ALIMENTAÇÃO ESCOLAR - EEMTI ANTÔNIO SALES - SEFOR 1,COOPERATIVA AGROPECUARIA DE AGRICULTORES FAMILIARES ,22000000,343740.0,34374,-0.659104,72,MÉDIO,2026-03-18,2026-04-05 18:00:43.371636
915,1406491,"AQUISIÇÃO DE LANADELUMABE, 150 MG/ML, SOLUCAO INJETAVEL, SERINGA PREENCHIDA, 2ML PARA ATENDER DEMANDAS JUDICIAIS.",CM HOSPITALAR S.A.,24200004,20824955.0,49,-0.658942,72,MÉDIO,2025-11-12,2026-04-05 18:00:43.371636
947,1406015,"AQUISIÇÃO DE MEDICAMENTO: MESALAZINA, 800 MG, COMPRIMIDO REVESTIDO    -    MICOFENOLATO SODICO, 360MG, COMPRIMIDO REVESTIDO LIBERACAO RETARDADA. PARA ATENDER O COMPONENTE ESPECIALIZADO DA ASSISTÊNCIA FARMACÊUTICA - CEAF",SANTA BRANCA DISTRIBUIDORA DE MEDICAMENTOS LTDA - EPP,24200004,21612764.0,51,-0.658719,72,MÉDIO,2025-11-10,2026-04-05 18:00:43.371636
1384,1393816,GÊNEROS DE ALIMENTAÇÃO - EEMTI JACOB NOBRE DE OLIVEIRA BENEVIDES - BANABUIU - CREDE 12,BOA VISTA COMERCIAL E SERVIÇOS LTDA - EPP,22000000,4722374.0,12,-0.65862,72,MÉDIO,2025-09-17,2026-04-05 18:00:43.371636
1402,1393842,GENEROS ALIMENTICIOS - EEMTI PROFESSORA MARIA EDILCE DIAS FERNANDES - IBICUITINGA - CREDE 12,BOA VISTA COMERCIAL E SERVIÇOS LTDA - EPP,22000000,4664764.0,12,-0.65862,72,MÉDIO,2025-09-16,2026-04-05 18:00:43.371636
421,1411924,"Consultoria Para Avaliação de Trechos de Rodovias Estaduais Utilizando a Metodologia iRAP com Enfoque na Avaliação de Risco na Infraestrutura Viária
Estadual, no âmbito do Programa de Qualificação da Infraestrutura Rodoviária Estadual - InfraRodoviária Ceará.",CONSORCIO RODOVIAS SEGURAS,43200007,79951378.0,240,-0.658344,72,MÉDIO,2025-12-22,2026-04-05 18:00:43.371636
945,1405877,"AQUISIÇÃO DE MEDICAMENTO: METILFENIDATO CLORIDRATO, 10MG, COMPRIMIDO. PARA ATENDER A PROGRAMAÇÃO PACTUADA INTEGRADA - PPI",SANTA BRANCA DISTRIBUIDORA DE MEDICAMENTOS LTDA - EPP,24200004,20500854.0,51,-0.658274,72,MÉDIO,2025-11-10,2026-04-05 18:00:43.371636
116,1419643,GÊNEROS DE ALIMENTAÇÃO - EEMTI GENERAL EUDORO CORRÊA - SEFOR 1,OMEGA DISTRIBUIDORA DE PRODUTOS ALIMENTICIOS LTDA,22000000,148174.0,11111,-0.658252,72,MÉDIO,2026-03-06,2026-04-05 18:00:43.371636
2501,1365130,SERVIÇOS DE FORNECIMENTO DE ENERGIA ELÉTRICA PARA ATENDER AS NECESSIDADES DA FUNECE/CECITEC.,COMPANHIA ENERGETICA DO CEARA COELCE,31200001,4583094.0,1826,-0.658001,72,MÉDIO,2025-04-07,2026-04-05 18:00:43.371636
697,1409393,"AQUISIÇÃO DE MEDICAMENTO: METFORMINA CLORIDRATO, 500 MG, COMPRIMIDO SIMPLES OU REVESTIDO. PARA ATENDER A PROGRAMAÇÃO PACTUADA INTEGRADA - PPI",PRATI DONADUZZI & CIA LTDA,24200004,13267760.0,33,-0.657791,72,MÉDIO,2025-11-28,2026-04-05 18:00:43.371636
1673,1383178,"AQUISIÇÃO DE MEDICAMENTO: LOSARTANA POTASSICA, 50MG, COMPRIMIDO REVESTIDO. PRA ATENDER A PROGRAMAÇÃO PACTUADA INTEGRADA - PPI",PRATI DONADUZZI & CIA LTDA,24200004,46088208.0,147,-0.657765,72,MÉDIO,2025-08-06,2026-04-05 18:00:43.371636
1002,1405213,"CONTRATAÇÃO DE EMPRESA PARA CONSTRUÇÃO DE UMA UNIDADE INTEGRADA DE SEGURANÇA - UNISEG - EM SOBRAL - CE, NO ÂMBITO DO PROGRAMA INTEGRADO DE
PREVENÇÃO E REDUÇÃO DA VIOLÊNCIA - PREVIO.",MORETTO MAQUINAS E CONSTRUÇOES LTDA,30000000,127582131.0,365,-0.657752,72,MÉDIO,2025-11-03,2026-04-05 18:00:43.371636
1127,1397857,"Contratação de serviços especializados em horas, sobreaviso e procedimentos/ano, de MÉDICO CIRURGIÃO GERAL, para atender as necessidades das unidades de saúde da Rede SESA, de acordo com as especificações e quantitativos previstos neste termo.",COOPERATIVA DOS CIRURG GERAIS DO CEARA,24200004,129255656.0,365,-0.657752,72,MÉDIO,2025-10-21,2026-04-05 18:00:43.371636
2162,1372346,"Contratação de empresa para prestação de serviços contínuos a serem executados com dedicação exclusiva de mão de obra terceirizada para as Áreas Administrativas, de Asseio e Informática do Núcleo Regional de Russas da Perícia Forense do Estado do Ceará, regidos pela Consolidação das Leis Trabalhistas (CLT).",CK CONSTRUTORA E SERVICOS EIRELI,10100007,129375876.0,365,-0.657752,72,MÉDIO,2025-05-23,2026-04-05 18:00:43.371636
842,1407661,"AQUISIÇÃO DE OMALIZUMABE, SOLUCAO INJETAVEL, 150MG, SERINGA PREENCHIDA, UNIDADE 1.0 SERINGA PREENCHIDA. MARCA: NOVARTIS - OMALIZUMABE. PARA ATENDER ÀS UNIDADES DE SAÚDE DO ESTADO DO CEARÁ - SESA",ONCOEXO DISTRIBUIDORA DE MEDICAMENTOS LTDA,24200004,18988068.0,43,-0.657613,72,MÉDIO,2025-11-18,2026-04-05 18:00:43.371636
1422,1391086,"AQUISIÇÃO DE AGUA, PARA INJETAVEL, SOLUCAO INJETAVEL ENDOVENOSA AMPOLA 10ML/CLORETO DE SODIO SOLUCAO FISIOLOGICA, 0,9% 9MG/ML, SOLUCAO INJETAVEL,
FRASCO/BOLSA 100ML/CLORETO DE SODIO SOLUCAO FISIOLOGICA, 0,9%, SOLUCAO INJETAVEL, AMPOLA 10.0 MILILITRO. PARA ATENDER A UNIDADES DE SAUDE DO ESTADO DO CEARA.",FARMACE IND QUIMICO FARM CEARENSE       ,24200004,40793686.0,111,-0.657613,71,MÉDIO,2025-09-11,2026-04-05 18:00:43.371636
2078,1374579,"Trata-se de prestação de serviços especializados na área da saúde relacionado a cirurgias eletivas na especialidade de ortopedia ofertados pela iniciativa privada, direcionado aos usuários do Sistema Único de Saúde - SUS e regulados pela Central de Regulação do Estado do Ceará.",INST MADRE TERESA DE APOIO A VIDA IMTAVI,24200004,125761501.0,365,-0.657529,71,MÉDIO,2025-06-04,2026-04-05 18:00:43.371636
1789,1381372,"Trata-se do requerimento de credenciamento do Instituto de Educação, Saúde e Assistência Social do Estado do Ceará - IESA (Hospital São Vicente), inscrito no CNPJ nº 19.142.700/0002-20, no Edital de Credenciamento nº 02/2025, cujo objeto é a prestação de serviços especializados na área da saúde, relacionados a procedimentos com finalidade diagnóstica e cirúrgica na especialidade de cardiologia, ofertados pela iniciativa privada e destinados aos usuários do Sistema Único de Saúde ¿ SUS, regulados pela Central de Regulação do Estado do Ceará ou por unidades da Rede Hospitalar da SESA;","IESA - INSTITUTO DE EDUCACAO, SAUDE E ASSISTENCIA SOCIAL DO ESTADO DO CEARA",24200004,125814274.0,365,-0.657529,71,MÉDIO,2025-07-21,2026-04-05 18:00:43.371636
1803,1380724,"Aquisição de Material para serviços de manutenção no Hospital Infantil Albert Sabin-HIAS e anexos, de acordo com as especificações e quantitativos previstos neste Termo.",PUMA LICITACOES LTDA,24200204,125427286.0,365,-0.657529,71,MÉDIO,2025-07-17,2026-04-05 18:00:43.371636
2252,1371249,"AQUISIÇÃO DE GÊNEROS ALIMENTÍCIOS DA AGRICULTURA FAMILIAR EM PROL DOS ALUNOS DA EEEP FRANCISCO PAIVA TAVARES, (CREDE 7 - CANINDÉ)",ASSOCIACAO COMUNITARIA DOS PEQUENOS TRABALHADORES RURAIS IPUEIRA DA VACA II,22000000,6457786.0,10957,-0.657516,71,MÉDIO,2025-05-12,2026-04-05 18:00:43.371636
740,1408995,"AQUISIÇÃO DE FENTANILA , (CITRATO) 0,05 MG/ML, SOLUCAO INJETAVEL FRASCO AMPOLA OU AMPOLA 10ML E HEPARINA SODICA, SUINA, 5.000UI/0,25ML, SOLUCAO INJETAVEL SUBCUTANEA, AMPOLA 0,25MLPARA ATENDER ÀS DEMANDAS DAS UNIDADES HOSPITALARES E AMBULATORIAIS DA SESA",EMMARKA DISTRIBUIDORADE MEDICAMENTOS LTDA,24200004,13879062.0,35,-0.657346,71,MÉDIO,2025-11-26,2026-04-05 18:00:43.371636
1273,1395268,"AQUISIÇÃO DE MEDICAMENTO: PROPOFOL, SERINGA PREENCHIDA 50ML, 10MG/ML, EMULSAO INJETAVEL  -  PROPOFOL, SERINGA PREENCHIDA 50ML, 20MG/ML, EMULSAO INJETAVEL. PARA ATENDER A REDE HOSPITALAR / SESA",ELFA MEDICAMENTOS S.A.,24200004,31646368.0,90,-0.657337,71,MÉDIO,2025-10-02,2026-04-05 18:00:43.371636
2012,1415094,AQUISIÇÃO DE MATERIAL DE CONSUMO (EXPEDIENTE) PARA ATENDER AS NECESSIDADES DA FUNECE,FRANCISCA SOUSA NETA - ME,31200001,1200.0,563,-0.657237,71,MÉDIO,2025-06-16,2026-04-05 18:00:43.371636
760,1408819,"Prestação de serviços, por Centros de Formação de Condutores (CFC), referentes à realização de Cursos de Formação Teórico-Técnico e Prática de Direção Veicular, visando a formação e capacitação de candidatos à obtenção da primeira habilitação no âmbito do programa CNH Popular.",CENETRAN CENTRO DE EDUCACAO DE TRANSITO LTDA,08200003,13921176.0,36,-0.657124,71,MÉDIO,2025-11-25,2026-04-05 18:00:43.371636
1223,1398266,"Contratar através da modalidade Inexigibilidade de licitação, a empresa, Companhia Energética do Ceará, para Prestação dos Serviços de fornecimento de energia elétrica Horasazonal Azul nas instalações do Centro Integrado Multifuncional ¿ CIM, do Corpo de Bombeiros Militar do Ceará - CBMCE.",COMPANHIA ENERGETICA DO CEARA - ENEL,10100004,3000000.0,1826,-0.656792,71,MÉDIO,2025-10-09,2026-04-05 18:00:43.371636
1084,1405232,"O objeto do presente instrumento é a prestação dos serviços de cobertura securitária (seguro coletivo
contra acidentes pessoais), vinte e quatro horas por dia: MORTE POR ACIDENTE e INVALIDEZ
PERMANENTE TOTAL OU PARCIAL POR ACIDENTE, para assegurar estudantes cumprindo estágio
curricular, nas condições estabelecidas neste contrato e no Termo de Referência do edital e na proposta do
CONTRATADO. EMPRESA SEGURADORA S.A
INFINITE",SEGURADORA S. A. INFINITE,22000000,3000000.0,1826,-0.656792,71,MÉDIO,2025-10-24,2026-04-05 18:00:43.371636
777,1408653,"AQUISIÇÃO DE MEDICAMENTO: METFORMINA CLORIDRATO, 500 MG, COMPRIMIDO SIMPLES OU REVESTIDO. PARA ATENDER A PROGRAMAÇÃO PACTUADA INTEGRADA - PPI",PRATI DONADUZZI & CIA LTDA,24200004,13267320.0,36,-0.656411,71,MÉDIO,2025-11-25,2026-04-05 18:00:43.371636
2010,1375286,"Tem por objeto serviços de manutenção preventiva e corretiva, com reposição de peças nos 02 (dois) gruposgeradores do Estádio Mauro Sampaio - Arena Romeirão em Juazeiro do Norte/Ce",VIP SERVICOS ODONTO MEDICOS LTDA,42000000,3237600.0,1826,-0.656363,71,MÉDIO,2025-06-16,2026-04-05 18:00:43.371636
1888,1379406,"AGUA, PARA INJETAVEL, SOLUCAO INJETAVEL ENDOVENOSA AMPOLA 10ML, AGUA, PARA INJETAVEL, ENDOVENOSA, FRASCO BOLSA 100ML, CLORETO DE SODIO SOLUCAO FISIOLOGICA, 0,9% 9MG/ML, SOLUCAO INJETAVEL, FRASCO/BOLSA 100ML,CLORETO DE SODIO SOLUCAO FISIOLOGICA, 0,9%. PARA ATENDER A UNIDADES DE SAUDE DO ESTADO DO CEARA/SESA",FARMACE IND QUIMICO FARM CEARENSE       ,24200004,55860478.0,180,-0.65623,71,MÉDIO,2025-07-04,2026-04-05 18:00:43.371636
2260,1370460,"AQUISIÇÃO DE GÊNEROS ALIMENTÍCIOS (PREGÃO)  PARA MERENDA DOS ALUNOS DA EEFM ALMIRANTE TAMANDARÉ, FORTALEZA (SEFOR 2)",OMEGA DISTRIBUIDORA DE PRODUTOS ALIMENTICIOS LTDA,22000000,3199702.0,11110,-0.656204,71,MÉDIO,2025-05-09,2026-04-05 18:00:43.371636
367,1412520,"AQUISIÇÃO DE USTEQUINUMABE, 90MG, SOLUCAO INJETAVEL, SERINGA PREENCHIDA 1ML, UNIDADE 1.0 SERINGA PREENCHIDA. MARCA: JANSSEN. PARA ATENDER A DEMANDA JUDICIAL/SESA",JANSSEN - CILAG FARMACEUTICA LTDA,24200004,100872027.0,344,-0.656159,71,MÉDIO,2026-01-21,2026-04-05 18:00:43.371636
110,1419197,"Aquisição de 01(um) imóvel rural, de aproximadamente 300,0000 (Trezentos) hectares, localizado no município de TAMBORIL/CE.",ANA MARIA AQUINO DE PAIVA,21200003,30600954.0,90,-0.656004,71,MÉDIO,2026-03-09,2026-04-05 18:00:43.371636
435,1410283,"Serviços de Contratação direta, por inexigibilidade de licitação, para aquisição de vales-transportes eletrônicos urbanos e metropolitanos, destinados a atender à demanda de deslocamento dos servidores públicos.",SINDICATO DAS EMPRESAS DE TRANSPORTES   DE PASSAGEIROS DO ESTADO DO CEARA,10100003,3767400.0,1826,-0.655837,71,MÉDIO,2025-12-17,2026-04-05 18:00:43.371636
125,1417663,"ATA de registro de preços Nº 2025/11421, Pregão eletrônico  2025/0275, que tem como objeto aquisição - APLV",ART MEDICA COM E REP PROD HOST LTDA,24200204,79584076.0,301,-0.655736,71,MÉDIO,2026-03-05,2026-04-05 18:00:43.371636
924,1406119,"AQUISIÇÃO DE ALFAOLIPUDASE, 20MG, PÓ LIOFILIZADO PARA SOLUÇÃO INJETÁVEL, FRASCO/AMPOLA (XENPOZYME) PARA ATENDER DEMANDAS JUDICIAIS.",SANOFI MEDLEY FARMACEUTICA LTDA,24200004,20030272.0,50,-0.655581,71,MÉDIO,2025-11-11,2026-04-05 18:00:43.371636
456,1411821,"CONTRATAÇÃO DE EMPRESA PARA MANTER O ABASTECIMENTO DE AGUA, PARA A UNIDADE DE LIMOEIRO DO NORTE, FAFIDAM.",SERVIÇO AUTÔNOMO DE ÁGUA E ESGOTO DE LIMOEIRO DO NORTE,31200001,3484776.0,1826,-0.65543,71,MÉDIO,2025-12-15,2026-04-05 18:00:43.371636
2391,1367609,AQUISIÇÃO DE 21 CENTRAIS DE AR CONDICIONADO 18.000 BTUS E 20 CENTRAIS DE AR CONDICIONADO 9.000 BTUS PARA ADAGRI,BELMICRO TECNOLOGIA S/A,56200006,8548143.0,1096,-0.655368,71,MÉDIO,2025-04-23,2026-04-05 18:00:43.371636
503,1411102,"AQUISIÇÃO DE TENECTEPLASE, 40MG, PO LIOFILIZADO PARA SOLUCAO INJETAVEL, FRASCO/AMPOLA + DILUENTE 8ML, PARA ATENDER À DEMANDA DAS UNIDADES HOSPITALARES E AMBULATORIAIS DA SESA",ONCO PROD DISTRIBUIDORA DE PRODUTOS HOSPITALARES E ONCOLOGICOS LTDA.,24200004,8037432.0,23,-0.655328,71,MÉDIO,2025-12-08,2026-04-05 18:00:43.371636
799,1408467,"SOLICITAÇÃO PARA AQUISIÇÃO DE MEDICAMENTO POR MEIO DE DISPENSA DE LICITAÇÃO POR UM PERÍODO DE 12 (DOZE) MESES - ITEM: ANIDULAFUNGINA, 100 MG, PÓ LIOFILIZADO PARA SOLUÇÃO INJETÁVEL, FRASCO AMPOLA. PARA ATENDER A REDE HOSPITALAR/SESA",PFIZER BRASIL LTDA,24200004,124198272.0,365,-0.655288,71,MÉDIO,2025-11-24,2026-04-05 18:00:43.371636
1975,1377342,"Dispensa de Licitação, cujo objeto é a Contratação de serviços em horas/ano, na categoria de Médico Generalista e Médico Especialista, para atender as necessidades das unidades de saúde da Rede SESA.",COOPERATIVA DE TRABALHO DE ATENDIMENTO PRE-HOSPITALAR LTDA COAPH,24200184,124783728.0,365,-0.655288,71,MÉDIO,2025-06-20,2026-04-05 18:00:43.371636
572,1410394,"Trata-se da contratualização pregão eletrônico nº 2025/0028, oriundo do NUP nº 24001.102228/2024-77 que gerou a ARP 2025/27160, referente a serviços em horas / ano de FARMACEUTICO BIOQUIMICO junto à arrematante COOPERATIVA DE TRABALHO DE ATENDIMENTO PRE E HOSPITALAR LTDA - COAPH, no valor de R$ 1.253.796,19 (um milhão, duzentos e cinquenta e três mil, setecentos e noventa e seis reais e dezenove centavos) por 12 (doze) meses.",COOPERATIVA DE TRABALHO DE ATENDIMENTO PRE-HOSPITALAR LTDA COAPH,24200204,125379619.0,365,-0.655288,71,MÉDIO,2025-12-04,2026-04-05 18:00:43.371636
2161,1371645,"Serviços de manutenção predial a serem executados na OPM Raio/COGEI, na Rua Antônio Pompeu, nº 260, Centro Fortaleza/CE. MAPP 182",KG CONSTRUÇÕES LTDA - EPP,10100003,123556481.0,365,-0.655288,71,MÉDIO,2025-05-23,2026-04-05 18:00:43.371636
208,1413652,"Contratação de empresa especializada na disponibilização de API/Licenças de Mapas do Google, com suporte técnico pelo período de 60 (sessenta) meses, suprindo as necessidades das ferramentas desenvolvidas pela célula de desenvolvimento e manutenção desta Coordenadoria de Tecnologia da Informação e Comunicação, da Secretaria da Segurança Pública e Defesa Social do Ceará (COTIC/SSPDS/CE), nas condições estabelecidas neste contrato e no termo de referência do edital e na proposta do contratado.",TELEFONICA CLOUD E TECNOLOGIA DO BRASIL S.A,10000000,3081638.0,1826,-0.655239,70,MÉDIO,2026-02-23,2026-04-05 18:00:43.371636
2064,1374797,AQUISIÇÃO DE PNEUS PARA VEICULOS DA PMCE.,FJS ALENCAR - PRODUTOS E SERVIÇOS  LTDA,10100003,69593552.0,208,-0.655231,70,MÉDIO,2025-06-06,2026-04-05 18:00:43.371636
1575,1385991,"Contratação de instituição sem fins lucrativos com vistas à execução de serviços técnicos especializados na área de ensino e desenvolvimento institucional, incluindo serviços de coordenação, disponibilização de infraestrutura, recursos humanos, didáticos, produção, entre outros necessários à implementação e realização do projeto Enem Chego Junto; Chego Bem, destinado aos(às) estudantes do ensino médio e EJA da Rede Estadual de Ensino da Secretaria da Educação do Estado do Ceará.",FUNDACAO DEMOCRITO ROCHA,22000000,73488500.0,243,-0.655167,70,MÉDIO,2025-08-19,2026-04-05 18:00:43.371636
832,1407893,"AQUISIÇÃO DE MEDICAMENTO: ALOGLIPTINA BENZOATO, 34MG EQUIVALENTE A 25MG DE ALOGLIPTINA, COMPRIMIDO REVESTIDO. PARA ATENDER A PROGRAMAÇÃO PACTUADA INTEGRADA - PPI",T S COMERCIAL DE MEDICAMENTOS E REPRESENTACAO LTDA,24200004,17384598.0,42,-0.654949,70,MÉDIO,2025-11-19,2026-04-05 18:00:43.371636
882,1409116,"Tem por objeto a contratação dos serviços de
abastecimento de água tratada e de coleta de esgoto da Praça da Juventude
de Juazeiro do Norte/CE,",COMPANHIA DE AGUA E ESGOTO DO CEARA CAGECE,42200001,3600000.0,1826,-0.654811,70,MÉDIO,2025-11-13,2026-04-05 18:00:43.371636
1513,1389382,"Implantação da Alça de ligação do Anel Viário com a BR-116, situados no município de Fortaleza - CE.",CONSTRUTORA SAMARIA LTDA,43200007,79500000.0,299,-0.654757,70,MÉDIO,2025-08-29,2026-04-05 18:00:43.371636
1165,1399391,"AQUISIÇÃO DE FIBRINOGENIO HUMANO, FRASCO AMPOLA, 1G, Solicitação de compra de medicamento para a Rede Hospitalar/SESA",F7 MEDICAL PRODUTOS HOSPITALARES LTDA,24200004,26899235.0,76,-0.654716,70,MÉDIO,2025-10-16,2026-04-05 18:00:43.371636
502,1411287,"Aquisição de ventiladores pulmonar, de acordo com ATA 00375/2025, para o HMCASG.",TECME DO BRASIL COMERCIO E IMPORTACAO LTDA.,24200214,7858800.0,23,-0.654663,70,MÉDIO,2025-12-08,2026-04-05 18:00:43.371636
2128,1373729,"Prestação de serviços especializados na área da saúde relacionado a cirurgias eletivas na especialidade de ortopedia ofertados pela iniciativa privada, direcionado aos usuários do Sistema Único de Saúde - SUS e regulados pela Central de Regulação do Estado do Ceará",FUNDAÇAO OTILIA CORREIA SARAIVA,24200004,123319385.0,365,-0.654623,70,MÉDIO,2025-05-29,2026-04-05 18:00:43.371636
2063,1374800,AQUISIÇÃO DE PNEUS PARA VEÍCULOS DA PMCE.,AVO COMERCIO ATACADISTA DE PNEUMATICOS LTDA,10100003,67280408.0,208,-0.654567,70,MÉDIO,2025-06-06,2026-04-05 18:00:43.371636
1778,1381426,"Manutenção Preventiva, Corretiva e com peças para o equipamento - Plataforma de Preparo e Pipetagem, da marca Hamilton, modelo idStarlet, utilizado pelo Núcleo de Perícia em DNA Forense da Perícia Forense do Estado do Ceará ¿ NUPDF/PEFOCE.",HAMILTON DO BRASIL COMERCIO E SERVICOS LTDA,10100007,20652831.0,730,-0.654548,70,MÉDIO,2025-07-23,2026-04-05 18:00:43.371636
308,1413063,"O objeto da licitação é a contratação de empresa para prestação de serviços contínuos a serem executados com dedicação exclusiva de mão de obra terceirizada, regidos pela Consolidação da Leis Trabalhistas (CLT) para as categorias, condições e quantidades estabelecidas neste termo, edital e seus anexos.",LAR ANTONIO DE PADUA,10200017,121867656.0,365,-0.654402,70,MÉDIO,2026-02-02,2026-04-05 18:00:43.371636
934,1406168,"Contratualização da ATA nº 4117/2024, por 06 (seis) meses, no valor de R$ 536.159,16, para atender as necessidades do HCASG.",BIOTRONIK COMERCIAL MEDICA LTDA,24200214,53615916.0,181,-0.654235,70,MÉDIO,2025-11-10,2026-04-05 18:00:43.371636
123,1418251,"SELANTE, DE FIBRINA, COMPOSICAO I FIBRINOGENIO HUMANO + FATOR XIII DE COAGULACAO + APROTININA, COMPOSICAO II TROMBINA HUMANA + CLORETO DE CALCIO, PO LIOFILIZADO PARA SOLUCAO INJETVEL + SOLUCAO DILUENTE + DISPOSITIVO DE TRANSFERENCIA, KIT COM FRASCO DE 3ML, FACIL PREPARO, SEM NECESSIDADE DE AQUECIMENTO. PARA ATENDER A UNIDADES DE SAÚDE DO ESTADO DO CEARÁ/SESA",F7 MEDICAL PRODUTOS HOSPITALARES LTDA,24200004,77223972.0,300,-0.654139,70,MÉDIO,2026-03-06,2026-04-05 18:00:43.371636
925,1406137,CONTRATAÇÃO DE SERVIÇOS DE LINKS DE INTERNET PARA ATENDER AS NECESSIDADES DA POLÍCIA CIVIL.,DB3 SERVICOS DE TELECOMUNICACOES S.A,10100002,2446680.0,1826,-0.65404,70,MÉDIO,2025-11-11,2026-04-05 18:00:43.371636
835,1407953,"AQUISIÇÃO DE ELTROMBOPAGUE OLAMINA, COMPRIMIDO REVESTIDO, 25MG E ELTROMBOPAGUE OLAMINA, COMPRIMIDO REVESTIDO, 50MG PARA ATENDER DEMANDAS JUDICIAIS.",ONCOEXO DISTRIBUIDORA DE MEDICAMENTOS LTDA,24200004,16701748.0,42,-0.653693,70,MÉDIO,2025-11-19,2026-04-05 18:00:43.371636
607,1410102,"AQUISIÇÃO DE AGUA, PARA INJETAVEL ENDOVENOSA , CLORETO DE SODIO SOLUCAO FISIOLOGICA, 0,9% 9MG/ML e OLUCAO DE GLICOSE, FRASCO / BOLSA 250ML, OLUCAO DE MANITOL, 20% 200 MG/ML, SOLUCAO INJETAVEL, 
FRASCO OU BOLSA 250MLSOLUCAO DE GLICOSE, 5% 50 MG/ML,PARA ATENDER À DEMANDA DAS UNIDADES HOSPITALARES E AMBULATORIAIS DA SESA",FRESENIUS KABI BRASIL LTDA,24200004,10594636.0,28,-0.653515,70,MÉDIO,2025-12-03,2026-04-05 18:00:43.371636
2146,1372728,"AQUISIÇÃO DE MEDICAMENTO: ELTROMBOPAGUE OLAMINA, COMPRIMIDO REVESTIDO, 25MG  -  ELTROMBOPAGUE OLAMINA, COMPRIMIDO REVESTIDO, 50MG. PARA ATENDER O COMPONENTE ESPECIALIZADO DA ASSISTÊNCIA FARMACÊUTICA (CEAF)",ONCOEXO DISTRIBUIDORA DE MEDICAMENTOS LTDA,24200004,66641918.0,219,-0.653312,70,MÉDIO,2025-05-26,2026-04-05 18:00:43.371636
2073,1374668,"Serviço de manutenção: SECULT-CE, no Theatro José de Alencar - TJA/CE.",KG CONSTRUÇÕES LTDA - EPP,43200007,119467044.0,365,-0.653296,70,MÉDIO,2025-06-05,2026-04-05 18:00:43.371636
1350,1393633,Aquisição de materiais esportivos variados.,GGS INDUSTRIA COMERCIO E SERVICOS LTDA,22000000,120147376.0,365,-0.653296,70,MÉDIO,2025-09-22,2026-04-05 18:00:43.371636
460,1411632,"Registro de Preço para eventuais e futuros serviços comum de Engenharia para Manutenção Preventiva e Corretiva das instalações Físicas Prediais e Equipamentos Públicos, com fornecimento de mão de obra, materiais e peças de reposição, por percentual de desconto sobre as tabelas de serviços da SEINFRA 28 e 28.1 para atender as necessidades do Centro de Simulação Realista da Escola da Saúde Pública do Ceará ¿ ESP/CE.",KG CONSTRUÇÕES LTDA - EPP,24200004,121325693.0,365,-0.653296,70,MÉDIO,2025-12-12,2026-04-05 18:00:43.371636
1892,1379264,CONTRATAÇÃO DE MANUTENÇÃO PREDIAL ATRAVÉS DA ORDEM DE COMPRA/SERVIÇO Nº 52092/2025 E ATA DE REGISTRO DE PREÇO Nº 2024/34024 PARA ATENDER AS NECESSIDADES DA POLÍCIA CIVIL.,SALINAS EMPREENDIMENTOS E CONSTRUCOES LTDA ,10100002,110152278.0,364,-0.653296,70,MÉDIO,2025-07-03,2026-04-05 18:00:43.371636
1795,1381010,"Adesão a Ata de Registro de Preços para futura e eventual contratação de empresa especializada para à prestação de serviços de produção, filmagem e edição de vídeos institucionais para o IPEM/CE.",SOMACINE AUDIOVISUAL LTDA,56200012,120101386.0,365,-0.653296,70,MÉDIO,2025-07-18,2026-04-05 18:00:43.371636
1757,1381981,"AQUISIÇÃO DE MEDICAMENTO: CARBONATO DE LITIO, 300MG, SIMPLES OU REVESTIDO. PARA ATENDER A PROGRAMAÇÃO PACTUADA INTEGRADA - PPI",HUB HEALTH DISTRIBUIDORA DE PRODUTOS HOSPITALARES LTDA,24200004,42646944.0,155,-0.653257,69,BAIXO,2025-07-29,2026-04-05 18:00:43.371636
1785,1381296,AQUISIÇÕES DE INSUMO DE LABORATÓRIO (PONTEIRA UNIVERSAL PLASTICA DESCARTAVEL) PARA ATENDER AS NECESSIDADE DO SVO.,CONSUMERSLAB PRODUTOS PARA LABORATORIOS E HOSPITAIS LTDA,24200004,185.0,162,-0.653241,69,BAIXO,2025-07-22,2026-04-05 18:00:43.371636
1816,1380669,Serviço de manutenção preventiva e corretiva no Centro de Formação Olímpica - CFO.,KG CONSTRUÇÕES LTDA - EPP,43200007,118424635.0,365,-0.653075,69,BAIXO,2025-07-16,2026-04-05 18:00:43.371636
1902,1379210,"Contratação de mão de obra terceirizada para a Área de Vigilância para a Sede em Fortaleza da Perícia Forense do Estado do Ceará, regidos pela Consolidação das Leis Trabalhistas (CLT).",SEGURO SEGURANÇA LTDA,10100007,116889744.0,365,-0.653075,69,BAIXO,2025-07-01,2026-04-05 18:00:43.371636
1503,1389019,"Aquisições de solução completa de proteção de dados, cópia de segurança, incluindo hardware
e software, destinada a garantir a segurança e integridade das informações corporativas da
CONTRATANTE, Solução de Backup., contemplando utilização de equipamentos obrigatoriamente
todos novos e de primeiro uso, nas condições estabelecidas neste contrato e no Termo de
Referência do edital e na proposta do CONTRATADO",ADISTEC BRASIL INFORMATICA LTDA,08200003,118152450.0,365,-0.653075,69,BAIXO,2025-09-01,2026-04-05 18:00:43.371636
379,1412429,"Contratação de empresa para prestação de serviços
contínuos a serem executados com dedicação exclusiva de mão de obra terceirizada, regidos pela
Consolidação da Leis Trabalhistas (CLT) para as categorias, condições e quantidades estabelecidas
no Termo de referência, edital e seus anexos, para atender as necessidades da Coordenadoria de
Gestão do Escritório em Brasília/DF - Casa Civil.",SLS TERCEIRIZAÇÃO DE SERVIÇOS LTDA,30000000,117079452.0,365,-0.653075,69,BAIXO,2026-01-16,2026-04-05 18:00:43.371636
1700,1382826,"AQUISIÇÃO DE MEDICAMENTO: AMOXICILINA + CLAVULANATO DE POTASSIO, 500 MG + 125 MG, COMPRIMIDO REVESTIDO. PARA ATENDER A PROGRAMAÇÃO PACTUADA INTEGRADA - PPI",T S COMERCIAL DE MEDICAMENTOS E REPRESENTACAO LTDA,24200004,40878288.0,149,-0.653036,69,BAIXO,2025-08-04,2026-04-05 18:00:43.371636
1582,1385941,"ERTAPENEM (SODICO), FRASCO/AMPOLA, 1G/ PIPERACILINA SODICA + TAZOBACTAM SODICA, FRASCO/AMPOLA, 4G + 500MG, Solicitação de compra de medicamento para a Rede Hospitalar/SESA",T S COMERCIAL DE MEDICAMENTOS E REPRESENTACAO LTDA,24200004,37071695.0,134,-0.652935,69,BAIXO,2025-08-19,2026-04-05 18:00:43.371636
1619,1384571,"AQUISIÇÃO DE IVACAFTOR, 150 MG, COMPRIMIDO REVESTIDO (KALYDECO) PARA ATENDER DEMANDAS JUDICIAIS.",MULTICARE PHARMACEUTICALS LTDA ,24200004,39465552.0,141,-0.652926,69,BAIXO,2025-08-12,2026-04-05 18:00:43.371636
1812,1380505,Material de Expediente - EEMTI JOSEFA CLEMENTINO FERREIRA DE OLIVEIRA - OCARA - CREDE 8,COMERCIAL DE ARMARINHO BRASIL LTDA - ME,22000000,150.0,168,-0.652891,69,BAIXO,2025-07-16,2026-04-05 18:00:43.371636
1656,1383479,"AQUISIÇÃO DE RISDIPLAM, 0,75MG/ML, PO PARA SOLUCAO ORAL, FRASCO 80 ML + 2 SERINGAS 6ML + 2 SERINGAS 12ML PARA ATENDER DEMANDAS JUDICIAIS.",PRODUTOS ROCHE QUIMICOS E FARMACEUTICOS,24200004,38822427.0,146,-0.652861,69,BAIXO,2025-08-07,2026-04-05 18:00:43.371636
888,1406892,"AQUISIÇÃO DE MATERIAL LABORATORIAL, REAGENTE, DOSAGEM DE ACIDO URICO, DOSAGEM DE ALBUMINA, DOSAGEM DE HEMOGLOBINA GLICADA, DOSAGEM DE AMILASE,  DOSAGEM DE BILIRRUBINA TOTAL, E OUTROS. PARA O HOSPITAL GERAL DE FORTALEZA-HGF/SESA - .",ESSE ENE COMÉRCIO E SERVIÇOS LTDA,24200184,18544446.0,48,-0.652704,69,BAIXO,2025-11-13,2026-04-05 18:00:43.371636
1762,1382328,CONTRATAÇÃO DE SERVIÇO DE FORNECIMENTO DE ÁGUA E COLETA DE ESGOTO PARA A MATRÍCULA N° 2380-4,SERVIÇO AUTONOMO DE AGUA E ESGOTO DE SOBRAL ,31200002,51720.0,3652,-0.652641,69,BAIXO,2025-07-28,2026-04-05 18:00:43.371636
758,1408787,"Aquisição de material de consumo (Sabão em Pó), a presente aquisição tem por objetivo atender às demandas do Instituto de Pesquisa e Estratégia Econômica do Ceará - IPECE, visando ao suprimento do almoxarifado com material de consumo necessário para a adequada higienização e manutenção da limpeza das dependências deste Instituto.",FG COMERCIO TENDTUDO LTDA,46200003,342.0,35,-0.65261,69,BAIXO,2025-11-26,2026-04-05 18:00:43.371636
55,1421023,"Constitui o objeto deste contrato o patrocínio concedido ao(à) PATROCINADO(A) para
a realização do projeto  O ENEM ESTÁ NO AR 2026 , que acontecerá no período de
20/03/2026 a 30/07/2026, acontecendo por meio de transmissão televisiva, consistindo na
exibição de 92 (noventa e dois) programas de TV de 1 hora de duração, sobre matérias e
temas exigidos para o Exame Nacional do Ensino Médio ¿ ENEM",COMPANHIA DE COMUNICACAO E INFORMACAO,30000000,38480000.0,139,-0.652493,69,BAIXO,2026-03-17,2026-04-05 18:00:43.371636
1570,1386035,"TENECTEPLASE, 50MG, PO LIOFILIZADO PARA SOLUCAO INJETAVEL, FRASCO/AMPOLA + DILUENTE 10ML.",ONCO PROD DISTRIBUIDORA DE PRODUTOS HOSPITALARES E ONCOLOGICOS LTDA,24200004,33885306.0,134,-0.652493,69,BAIXO,2025-08-19,2026-04-05 18:00:43.371636
1046,1402897,Aquisição de material de consumo (LIMPEZA) para atender a demanda da COADS CANINDÉ.,WELLINGTON IZIDIO DE OLIVEIRA,24200004,235.0,63,-0.652474,69,BAIXO,2025-10-29,2026-04-05 18:00:43.371636
1827,1380344,MATERIAL DE PROCESSAMENTO DE DADOS - (CREDE 18 - CRATO),DISTRIBUIDORA MILÊNIO LTDA ME,22000000,150.0,169,-0.65245,69,BAIXO,2025-07-15,2026-04-05 18:00:43.371636
560,1410770,"CT 155/2025 - IL 015/2025 - CODEP - Constitui objeto deste Instrumento, a contratação de cooperativa para captação, pasteurização, envasamento, transporte e entrega de leite bovino pasteurizado integral e/ou leite caprino padronizado para o PROGRAMA DE AQUISIÇÃO DE ALIMENTOS, referentes ao(s) Lote(s) LOTES BOVINOS: 08 (2.006 litros), 09 (3.500 litros), 24 (2.475 litros), 25 (1.869 litros), 27  (4.105litros) e 28 (1.354 litros). LOTE CAPRINO: 02 (1.000 litros). com um volume total de BOVINO- 765.450 E CAPRINO- 30.000.",COOPERATIVA DOS PRODUTORES DE LEITE DOS INHAMUNS LTDA,21000000,34597350.0,116,-0.652429,69,BAIXO,2025-12-05,2026-04-05 18:00:43.371636
436,1411816,"AQUISIÇÃO DE INOTERSENA NONADECASSODICA, 200MG/ML, SOLUÇÃO INJETÁVEL, SERINGA PREENCHIDA 1,5 ML (TEGSEDI) PARA ATENDER DEMANDAS JUDICIAIS.",PTC FARMACEUTICA DO BRASIL LTDA.,24200004,110690136.0,365,-0.652412,69,BAIXO,2025-12-17,2026-04-05 18:00:43.371636
1285,1395036,"Aquisição de serviços de nuvem computacional junto à Empresa de Tecnologia da Informação do Ceará - ETICE, através da adesão a chamada de oportunidade de serviço de nuvem pública número 013/2024.",EMPRESA DE TECNOLOGIA DA INFORMACAO DO CEARA ETICE,08200003,111599991.0,365,-0.652412,69,BAIXO,2025-10-01,2026-04-05 18:00:43.371636
2019,1377161,"Contratação de 10 (dez) vagas de Serviço Residencial Terapêutico (SRT) do tipo II, para adultos portadores de transtornos mentais graves e persistentes com comprometimento, de forma prolongada ou definitiva, de sua autonomia, capacidade produtiva e convívio social, egressos de internação de longa permanência (dois anos ou mais ininterruptos) em hospitais psiquiátricos e/ou oriundas de atendimento às pessoas com transtorno mental em conflito com a lei, que não possuam moradia, suporte financeiro, social e/ou laços familiares que permitam outra forma de reinserção social.",INSTITUTO COMPARTILHA,24200004,112911948.0,365,-0.652412,69,BAIXO,2025-06-13,2026-04-05 18:00:43.371636
1986,1378102,"O objeto do presente instrumento é a aquisição de ares-condicionados, nas condições estabelecidas
neste contrato e no Termo de Referência do edital e na proposta do CONTRATADO. CTT: 256/2025.",DENTECK LTDA,22000000,112645000.0,365,-0.652412,69,BAIXO,2025-06-18,2026-04-05 18:00:43.371636
2055,1375294,"ATA de registro de preços Nº 2025/11421, Pregão eletrônico  02752025, que tem como objeto aquisição de GÊNEROS DE ALIMENTAÇÃO",ART MEDICA COM E REP PROD HOST LTDA,24200204,63622416.0,204,-0.652356,69,BAIXO,2025-06-10,2026-04-05 18:00:43.371636
484,1411464,"Realização de cirurgias eletivas de endometriose, conforme as condições estabelecidas no edital e em conformidade com as diretrizes do Sistema Único de Saúde (SUS), tendo em vista a necessidade identificada pela Central de Regulação do Estado do Ceará, consoante com a necessidade da administração pública, atendendo as normas estabelecidas no edital e na Lei Federal nº 14.133/2021.",SOCIEDADE BENEFICENTE SÃO CAMILO,24200004,114511023.0,365,-0.652192,68,BAIXO,2025-12-09,2026-04-05 18:00:43.371636
1000,1406521,"Contratação de empresa para prestação de serviços contínuos a serem executadas com dedicação exclusiva de mão de obra terceirizada, regidos pela Consolidação das Leis Trabalhistas (CLT) para as categorias, condições e quantidades estabelecidas no Edital e seus anexos",SERVNAC FACILITIES LTDA,18000000,115536088.0,365,-0.652192,68,BAIXO,2025-11-03,2026-04-05 18:00:43.371636
2069,1375041,Serviço de manutenção da Sede da Secretaria da Pesca e Aquicultura do estado do Ceará.,KG CONSTRUÇÕES LTDA - EPP,43200007,115691142.0,365,-0.652192,68,BAIXO,2025-06-06,2026-04-05 18:00:43.371636
735,1409086,"Aquisição de seringas e agulhas, destinados à utilização nas diversas estratégias de vacinação adotadas pela Coordenadoria de Imunização (COIMU) em seu Programa Estadual de Imunização.",SALDANHA RODRIGUES LTDA,24200004,13012500.0,34,-0.652177,68,BAIXO,2025-11-27,2026-04-05 18:00:43.371636
687,1409747,"Prestação de serviços, por Centros de Formação de Condutores (CFC), referentes à realização de Cursos de Formação Teórico-Técnico e Prática de Direção Veicular, visando a formação e capacitação de candidatos à obtenção da primeira habilitação no âmbito do programa CNH Popular.",CENTRO DE FORMACAO DE CONDUTORES SENADOR LTDA ,08200003,12962024.0,33,-0.652177,68,BAIXO,2025-11-28,2026-04-05 18:00:43.371636
2349,1417445,AQUISIÇÃO DE MATERIAL DE CONSUMO ATRAVÉS DA ATA DE REGISTRO DE PREÇO Nº 2025/06402 (FLANELAS),BRILHARES PRODUTOS DE LIMPEZA LTDA ,24200324,1480.0,612,-0.652084,68,BAIXO,2025-04-28,2026-04-05 18:00:43.371636
901,1406607,"AQUISIÇÃO DE MEDICAMENTO: ACIDO ACETILSALICILICO, 100MG, COMPRIMIDO SIMPLES OU REVESTIDO. PARA ATENDER A PROGRAMAÇÃO PACTUADA INTEGRADA - PPI",NUTRIENTES MED DISTRIBUIDORA DE MEDICAMENTOS LTDA - ME,24200004,18672192.0,49,-0.651917,68,BAIXO,2025-11-12,2026-04-05 18:00:43.371636
848,1407689,"AQUISIÇÃO DE MEDICAMENTO: SULFATO FERROSO, 40MG DE FERRO ELEMENTAR, COMPRIMIDO REVESTIDO. PARA ATENDER A PROGRAMAÇÃO PACTUADA INTEGRADA - PPI",T S COMERCIAL DE MEDICAMENTOS E REPRESENTACAO LTDA,24200004,16275288.0,43,-0.651913,68,BAIXO,2025-11-18,2026-04-05 18:00:43.371636
1082,1402283,"AQUISIÇÃO DE MEDICAMENTO: ESPIRONOLACTONA, 25MG, SIMPLES OU REVESTIDO. PARA ATENDER A PROGRAMAÇÃO PACTUADA INTEGRADA - PPI",SANTA BRANCA DISTRIBUIDORA DE MEDICAMENTOS LTDA - EPP,24200004,23785764.0,68,-0.651752,68,BAIXO,2025-10-24,2026-04-05 18:00:43.371636
453,1411765,"Contratação de solução de Tecnologia da Informação e Comunicação para o fornecimento de 5.750 Unidades de Subscrição (UNS) de software da linha Red Hat e 10.150 Unidades de Serviço Técnico (UST) para consultoria especializada, pelo prazo de 12 (doze) meses, visando a sustentação, segurança da plataforma de contêineres do Detran/CE.","PMGT - PROJETOS DE MODERNIZACAO, GESTAO E TECNOLOGIAS S/A ",08200003,110145000.0,365,-0.65175,68,BAIXO,2025-12-16,2026-04-05 18:00:43.371636
273,1413776,"PRESTAÇÃO DE SERVIÇOS TÉCNICOS POR INSTITUIÇÃO INCUBIDA REGIMENTALMENTE OU ESTATUTARIAMENTE DA PESQUISA, DO ENSINO OU DO DESENVOLVIMENTO INSTITUCIONAL, QUE DETENHA INQUESTIONÁVEL REPUTAÇÃO ÉTICO-PROFISSIONAL E SEM FINS LUCRATIVOS, PARA OPLANEJAMENTO, ORGANIZAÇÃO E EXECUÇÃO DE CONCURSO PÚBLICO DESTINADO AO PROVIMETO DE 100 (CEM) VAGAS EFETIVAS E 200 (DUZENTAS) VAGAS DE CADASTRO DE PRÉ-RESERVA PARA CARGO DE AUDITOR-FISCAL DA FAZENDA ESTADUAL (AFFE-CE), DA CARREIRA GESTÃO TRIBUTÁRIA E FINANCEIRA - NÍVEL SUPERIOR, INCLUINDO TODAS AS ETAPAS DO CERTAME ATÉ A HOMOLOGAÇÃO DO RESULTADO FINAL, NO TERMO DE REFERÊNCIA E NA PROPOSTA DO CONTRATADO.",FUNDACAO CARLOS CHAGAS,19000000,19539500.0,730,-0.651551,68,BAIXO,2026-02-10,2026-04-05 18:00:43.371636
902,1408993,Aquisição de insumos laboratoriais por meio da ATA N° 2025/03963 para atender as necessidades do HCASG.,ESSE ENE COMÉRCIO E SERVIÇOS LTDA,24200214,18257554.0,49,-0.65143,68,BAIXO,2025-11-12,2026-04-05 18:00:43.371636
515,1411317,AQUISIÇÃO DE APARELHOS DE  AR CONDICIONADO CONFORME ESPECIFICAÇÕES NA ATA DE Nº 150/2025,J R MACHADO IMP. E EXP LTDA,24200314,6476443.0,23,-0.651209,68,BAIXO,2025-12-08,2026-04-05 18:00:43.371636
209,1415851,Implantação de uma Subestação de 500 kVA no Centro de Convenções de Iguatu - CE.,FIVE ENERGIA LTDA,43200007,74690199.0,303,-0.651186,68,BAIXO,2026-02-23,2026-04-05 18:00:43.371636
1773,1382114,"Patrocínio concedido ao(à) PATROCINADO(A) para a realização do projeto  JUVENTUDES EM AÇÃO , que acontecerá no período de 25/07/2025 a 30/10/2025, em várias cidades do Estado do Ceará, consistindo em 46 encontros temáticos itinerantes de motivação e sensibilização para, aproximadamente, 23.000 jovens em cerca de 46 municípios do Ceará.",COMPANHIA DE COMUNICACAO E INFORMACAO,30000000,28050000.0,99,-0.651107,68,BAIXO,2025-07-24,2026-04-05 18:00:43.371636
404,1412158,"Aquisição de 2 (dois) servidores (SERVIDOR 1D  - Armazenamento de Objetos - DataCore Swarm, MARCA: XFUSION / ZOOOM INDUSTRY, MODELO:  2288h V7), com a empresa  ZOOM TECNOLOGIA LTDA,  por  um período de  12 (doze ) meses, por meio de adesão à Ata de Registro de Preços n° 9/2024, para atender as necessidades do Hospital Infantil Albert Sabin-HIAS/SESA.",ZOOM TECNOLOGIA LTDA,24200204,1840000.0,2,-0.651078,68,BAIXO,2025-12-29,2026-04-05 18:00:43.371636
1502,1388830,MATERIAL DE EXPEDIENTE - EEMTI JOSÉ WALDEMAR DE ALCANTARA E SILVA - SALITRE - CREDE 18,DAMIÃO HONORIO DE LIMA JUNIOR 03348195390,22000000,239.0,121,-0.651049,68,BAIXO,2025-09-01,2026-04-05 18:00:43.371636
1464,1389610,"AQUISIÇÃO DE TERIPARATIDA, 250MCG/ML, SOLUCAO INJETAVEL + SISTEMA DE APLICACAO, CARPULE 2,4ML PARA ATENDER DEMANDAS JUDICIAIS.",ELFA MEDICAMENTOS S.A.,24200004,32722215.0,119,-0.651034,68,BAIXO,2025-09-03,2026-04-05 18:00:43.371636
2066,1374783,AQUISIÇÃO DE PNEUS PARA VEÍCULOS DA PMCE.,DV COMERCIAL E SERVICOS LTDA,10100003,60667663.0,208,-0.651033,68,BAIXO,2025-06-06,2026-04-05 18:00:43.371636
527,1410752,"Contratualização da ATA Nº 32212/2024, por 06 (seis) meses, no valor de R$ 4.819.272,00, para atender as necessidades do HCASG.",AUTO SUTURE DO BRASIL LTDA.,24200214,48192720.0,182,-0.650936,68,BAIXO,2025-12-05,2026-04-05 18:00:43.371636
1819,1380566,"2.1. O presente CONTRATO tem por objeto a aquisição de software (licenças) de proteção
antivírus/malware incluindo transferência de conhecimento, com garantia de atualizações e
suporte técnico por período de 24 (vinte e quatro) meses para a Secretaria da Cultura e
seus Equipamentos Culturais.",EMPRESA DE TECNOLOGIA DA INFORMACAO DO CEARA ETICE,27000000,17862984.0,730,-0.650725,68,BAIXO,2025-07-16,2026-04-05 18:00:43.371636
471,1411504,"AQUISIÇÃO DE EMICIZUMABE, SOLUCAO INJETAVEL SUBCUTANEA, FRASCO AMPOLA 1ML, 30 MG/ML PARA ATENDER DEMANDAS JUDICIAIS.",PRODUTOS ROCHE QUIMICOS E FARMACEUTICOS,24200004,5632056.0,21,-0.650698,68,BAIXO,2025-12-10,2026-04-05 18:00:43.371636
1033,1403377,"ATA de registro de preços Nº 2025/00006, Pregão eletrônico  20250350, que tem como objeto aquisição - MATERIAL FARMACOLÓGICO",ONCOVIT DISTRIBUIDORA DE MEDICAMENTOS LTDA,24200204,21883752.0,62,-0.650584,68,BAIXO,2025-10-30,2026-04-05 18:00:43.371636
1156,1399639,"AQUISIÇÃO DE MEDICAMENTO: AMOXICILINA + CLAVULANATO DE POTASSIO, 500 MG + 125 MG, COMPRIMIDO REVESTIDO  -  SULFATO FERROSO, 40MG DE FERRO ELEMENTAR, COMPRIMIDO REVESTIDO. PARA ATENDER A PROGRAMAÇÃO PACTUADA INTEGRADA - PPI",T S COMERCIAL DE MEDICAMENTOS E REPRESENTACAO LTDA,24200004,23426292.0,75,-0.65021,68,BAIXO,2025-10-17,2026-04-05 18:00:43.371636
1525,1387795,MATERIAL PARA MANUTENÇÃO DE BENS IMÓVEIS - EEMTI ALMIR PINTO - OCARA - EEMTI ALMIR PINTO - CREDE 8,AURI CERZAR DE PAULA,22000000,210.0,126,-0.6502,68,BAIXO,2025-08-27,2026-04-05 18:00:43.371636
595,1410162,"O presente CONTRATO DE GESTÃO tem por objeto fomentar a capacitação, a produção, a
pesquisa e a difusão nas áreas de arte e cultura de acordo com as diretrizes da Secretaria
da Cultura do Estado do Ceará, para viabilizar a gestão e operacionalização do
PROGRAMA DE APOIO AO SISTEMA ESTADUAL DE ESPAÇOS CÊNICOS E TEATROS
(SET).",INSTITUTO DRAGAO DO MAR,27200004,20000000.0,700,-0.65019,68,BAIXO,2025-12-03,2026-04-05 18:00:43.371636
461,1411631,"AQUISIÇÃO DE MATERIAL PERMANENTE - EQUIPAMENTO (VENTILADOR PULMONAR, PACIENTES ADULTO, PEDIATRICO E NEONATAL, MICROPROCESSADO, BATERIA, ACESSÓRIOS), PARA ATENDER AS NECESSIDADES DO HOSPITAL GERAL DE FORTALEZA - HGF/SESA.    ARP Nº 2025/00375",TECME DO BRASIL COMERCIO E IMPORTACAO LTDA.,24200184,5239200.0,19,-0.650078,67,BAIXO,2025-12-12,2026-04-05 18:00:43.371636
2393,1417438,AQUISIÇÃO DE MATERIAL DE CONSUMO ATRAVÉS DE ATA DE REGISTRO DE PREÇO Nº 2025/4728 (TECLADOS),LINKMARKET INFORMATICA E TELECOMUNICACOES LTDA,24200324,1702.0,617,-0.649831,67,BAIXO,2025-04-23,2026-04-05 18:00:43.371636
530,1410789,"CT 156/20258 - IL 015/2025 - CODEP -Constitui objeto deste Instrumento, a contratação de cooperativa para captação, pasteurização, envasamento, transporte e entrega de leite bovino pasteurizado integral e/ou leite caprino padronizado para o PROGRAMA DE AQUISIÇÃO DE ALIMENTOS, referentes ao(s) Lote(s) LOTES BOVINOS: 01 (1.594 litros), 02 (3.748 litros), 04 (1.877 litros), 06 (2.772 litros), 11 (3.000 litros) e 12 (1.710 litros). com um volume total de 735.050 litros de Leites bovino.",COOPEVALE - COOPERATIVA AGROINDUSTRIAL DO VALE LTDA,21000000,31607150.0,126,-0.649831,67,BAIXO,2025-12-05,2026-04-05 18:00:43.371636
729,1409092,fornecimento dos serviços de abastecimento de água e de esgotamento sanitário na  Unidade local  da EMATERCE em Solonópole-CE,SAAE DE SOLONOPOLES                     ,21200001,26000.0,1826,-0.649826,67,BAIXO,2025-11-27,2026-04-05 18:00:43.371636
452,1411797,SERVIÇO AUTÔNOMO DE ÁGUA E ESGOTO DE CANINDÉ -CE,SAAE DE CANINDE,21200001,26000.0,1826,-0.649826,67,BAIXO,2025-12-16,2026-04-05 18:00:43.371636
249,1414781,"SELANTE, DE FIBRINA, COMPOSICAO I FIBRINOGENIO HUMANO + FATOR XIII DE COAGULACAO + APROTININA, COMPOSICAO II TROMBINA HUMANA + CLORETO DE CALCIO, PO LIOFILIZADO PARA SOLUCAO INJETVEL + SOLUCAO DILUENTE + DISPOSITIVO DE TRANSFERENCIA, KIT COM FRASCO DE 3ML. PARA ATENDER A UNIDADES DE SAÚDE DO ESTADO DO CEARÁ/SESA.",F7 MEDICAL PRODUTOS HOSPITALARES LTDA,24200004,82260318.0,321,-0.649715,67,BAIXO,2026-02-13,2026-04-05 18:00:43.371636
962,1405456,"AQUISIÇÃO DE DARATUMUMABE, SOLUCAO PARA DILUICAO INJETAVEL, FRASCO AMPOLA 20ML, 400MG, UNIDADE 1.0 FRASCO / AMPOLA. MARCA: DALINVI 1X400MG - CILAG AG e VETTER PHARMA. SOLICITAÇÃO DE COMPRA MENSAL  DE MEDICAMENTO PARA ATENDIMENTO JUDICIAL/SESA",JANSSEN - CILAG FARMACEUTICA LTDA,24200004,19826484.0,55,-0.649671,67,BAIXO,2025-11-06,2026-04-05 18:00:43.371636
2048,1375598,"AQUISIÇÕES DE INSUMOS DE LABORATÓRIO - AUTOIMUNIDADE E DE DOENÇAS INFECTO - CONTAGIOSAS COM CESSÃO, EM REGIME DE COMODATO, DE EQUIPAMENTOS QUE UTILIZEM A METODOLOGIA DE IMUNOENSAIO POR IMUNOFLUORESCÊNCIA E ELISA PARA ATENDER A NECESSIDADE DO HEMOCE. EM ADESÃO AOS ITENS 01 A 33, 39 A 47 DA ARP 2024/17799, PE 20240291, DOE 17/07/2024, ORDEM DE COMPRA 41423/2025",IMPORTEC IMPORTADORA CEARENSE LTDA,24200424,109787114.0,365,-0.649663,67,BAIXO,2025-06-11,2026-04-05 18:00:43.371636
2353,1367518,SERVIÇO DE MANUTENÇÃO CORRETIVA E PREVENTIVA EM PRÉDIOS PÚBLICOS. de acordo com o Contrato 042/2025,KG CONSTRUÇÕES LTDA - EPP,19000000,64962869.0,244,-0.649397,67,BAIXO,2025-04-28,2026-04-05 18:00:43.371636
533,1410835,"Solicitação de compra de material médico hospitalar para a Rede Hospitalar/SESA, ALGODAO, PH ENTRE 5.0 E 8.0 COM PROPRIEDADES HIDROFILICAS MENOR QUE 30 SEGUNDOS, COR BRANCO NEVE, HIDROFILO ROLO 500G, MANTA UNIFORME DE ALGODAO ABSORVENTE, LIVRE DE IMPUREZAS, MANCHAS OU QUALQUER OUTRO DEFEITO, LIVRE DE ALVEJANTE OPTICO E INGREDIENTES TOXICOS, ROLO 1.0 UNIDADE.",RBS COMERCIO MEDICAL E HOSPITALAR LTDA,24200004,8350496.0,26,-0.649264,67,BAIXO,2025-12-05,2026-04-05 18:00:43.371636
1421,1394207,"CONCLUSÃO DA CONSTRUÇÃO DA EEM ESTADO DE ALAGOAS (12 SALAS), NO MUNICÍPIO DE FORTALEZA - CE. CT 372/2025.",PFD DISTRIBUIDORA DE PISOS FORROS E DIVISORIAS LTDA - ME,22000000,66346262.0,273,-0.649162,67,BAIXO,2025-09-11,2026-04-05 18:00:43.371636
1185,1398836,AQUISIÇÃO DE MATERIAL DE EXPEDIENTE - EEMTI MENEZES PIMENTEL - PACOTI - CREDE 8 /,PEDRO DE SOUSA COSTA JUNIOR 05222634370,22000000,264.0,78,-0.649145,67,BAIXO,2025-10-14,2026-04-05 18:00:43.371636
2236,1370216,"AQUISIÇÃO DE MEDICAMENTO: TERIPARATIDA, 250MCG/ML, SOLUCAO INJETAVEL + SISTEMA DE APLICACAO CARPULE 2,4ML. PARA ATENDER DEMANDA JUDICIAL/SESA",ELFA MEDICAMENTOS S.A.,24200004,65728971.0,232,-0.649131,67,BAIXO,2025-05-13,2026-04-05 18:00:43.371636
2099,1379065,"CT 069/2025 - IL 004/2025 - CODEP - Constitui objeto deste Instrumento, a contratação de cooperativa para captação, pasteurização, envasamento, transporte e entrega de leite bovino pasteurizado integral e/ou leite caprino padronizado para o PROGRAMA DE AQUISIÇÃO DE ALIMENTOS, referentes ao(s) Lote(s) LOTES BOVINOS: 08 (2.006 litros), 09 (3.500 litros), 24 (2.475 litros), 25 (1.869 litros), 27 (4.105litros) e 28 (1.354 litros). LOTE CAPRINO: 02 (1.000 litros). com um volume total de Leites BOVINO- 765.450 e CAPRINO- 48.000 Litros.",COOPERATIVA DOS PRODUTORES DE LEITE DOS INHAMUNS LTDA,21000000,35607150.0,149,-0.649081,67,BAIXO,2025-06-02,2026-04-05 18:00:43.371636
2431,1366510,"O presente Contrato tem por objetivo a locação do imóvel situado à Rua Conselheiro Estelita, nº 500,
Centro, Fortaleza ¿ CE, CEP 60.010-260, para acomodação das instalações da unidade escolar COLÉGIO
MILITAR DO CORPO DE BOMBEIROS ESCRITORA RACHEL DE QUEIROZ. ASSOCIACAO DAS
IRMAS MISSIONARIAS CAPUCHINHAS.",ASS DAS IR MISS CAP /INST DOS POBRES    ,22000000,12000000.0,730,-0.648905,67,BAIXO,2025-04-15,2026-04-05 18:00:43.371636
2420,1368139,"O objeto do presente instrumento é a prestação dos serviços de alimentação para o fornecimento de
refeições destinadas aos alunos da EEEP Dona Creuza do Carmo Rocha (Fortaleza), e alunos que estejam
em intercâmbio nas ações pedagógicas, nas condições estabelecidas neste contrato e no Termo de
Referência do edital e na proposta do CONTRATADO. EMPRESA FORTE COMÉRCIO DE
ALIMENTOS LTDA.",FORTE COMERCIO DE ALIMENTOS EIRELI,22000000,12074400.0,730,-0.648905,67,BAIXO,2025-04-16,2026-04-05 18:00:43.371636
86,1419386,"AQUISIÇÃO DE MEDICAMENTO PARA ATENDER O COMPONENTE ESPECIALIZADO DA ASSISTÊNCIA FARMACÊUTICA - CEAF - ITEM: OMALIZUMABE, SOLUCAO INJETAVEL, 150MG, SERINGA PREENCHIDA",ONCOEXO DISTRIBUIDORA DE MEDICAMENTOS LTDA,24200004,66954195.0,294,-0.648806,67,BAIXO,2026-03-12,2026-04-05 18:00:43.371636
1257,1396005,"AQUISIÇÃO DE SOLUCAO, BOLSA 1000ML, PRESERVACAO DE MULTIPLOS ORGAOS E PROTECAO MIOCARDICA, HISTIDINA, TRIPTOFANO E ALFACETOGLUTARATO, UNIDADE 1.0 BOLSA.
 Solicitação de compra de medicamento para a Rede Hospitalar/SESA",CONTATI COMERCIO REPRESENTACAO LTDA,24200004,23750352.0,86,-0.64876,67,BAIXO,2025-10-06,2026-04-05 18:00:43.371636
1398,1392152,AQUISIÇÃO DE MATERIAL DE CONSUMO (GÊNEROS ALIMENTÍCIOS) PARA ATENDER AS NECESSIDADES DA FUNECE,PH & B COMERCIO E SERVICOS EIRELI -ME,31200001,63456724.0,242,-0.648739,67,BAIXO,2025-09-16,2026-04-05 18:00:43.371636
2387,1367865,"O objeto do presente instrumento é a prestação dos serviços de alimentação para o fornecimento de
refeições destinadas aos alunos da EEEP Luis Gonzaga da Fonseca Mota (Amontada), e alunos que
estejam em intercâmbio nas ações pedagógicas, nas condições estabelecidas neste contrato e no Termo de
Referência do edital e na proposta do CONTRATADO. EMPRESA FORTE COMÉRCIO DE
ALIMENTOS LTDA.",FORTE COMERCIO DE ALIMENTOS EIRELI,22000000,12290400.0,730,-0.648686,67,BAIXO,2025-04-24,2026-04-05 18:00:43.371636
406,1412166,"DISPENSA DE LICITAÇÃO PARA AQUISIÇÃO DE MATERIAL MÉDICO HOSPITALAR (03 (TRÊS) FIXADORES DE CRÂNIO), , PARA ATENDER ÀS NECESSIDADES DO HOSPITAL GERAL DE FORTALEZA (HGF), VINCULADO À SECRETARIA DA SAÚDE DO ESTADO DO CEARÁ (SESA)",X4 BUSINESS COMERCIO LTDA,24200184,1410000.0,2,-0.64866,67,BAIXO,2025-12-29,2026-04-05 18:00:43.371636
2125,1373348,"ATA de registro de preços Nº 156012024, Pregão eletrônico  18602023, que tem como objeto aquisição de GÊNEROS DE ALIMENTAÇÃO",ART MEDICA COM E REP PROD HOST LTDA,24200204,59574528.0,216,-0.648654,67,BAIXO,2025-05-29,2026-04-05 18:00:43.371636
1731,1382384,"LEUPRORRELINA ACETATO, 45 MG, PO PARA SUSPENSAO INJETAVEL, SERINGA MAIS DILUENTE/ OMALIZUMABE, SOLUCAO INJETAVEL, 150MG, SERINGA PREENCHIDA, Solicitação de compra de medicamento para atender à demanda do Componente Especializado da Assistência Farmacêutica (CEAF)",ONCOEXO DISTRIBUIDORA DE MEDICAMENTOS LTDA,24200004,37414971.0,153,-0.648642,67,BAIXO,2025-07-31,2026-04-05 18:00:43.371636
681,1409415,"Prestação de serviços, por Centros de Formação de Condutores (CFC), referentes à realização de Cursos de Formação Teórico-Técnico e Prática de Direção Veicular, visando a formação e capacitação de candidatos à obtenção da primeira habilitação no âmbito do programa CNH Popular.",CENTRO DE FORMAÇÃO DE CONDUTORES PRINCIPAL DE CAMPOS SALES LTDA,08200003,12061989.0,33,-0.648384,67,BAIXO,2025-11-28,2026-04-05 18:00:43.371636
1939,1376369,"Serviços de fornecimento de água tratada e manutenção do sistema de esgoto para o Posto Fiscal de Parambu, de acordo com o contrato 050/2025.",SIST INT DE SANEAMENTO RURAL DA BACIA DO ALTO JAGUARIBE,19000000,2726016.0,3652,-0.648336,67,BAIXO,2025-06-25,2026-04-05 18:00:43.371636
1711,1382556,"AQUISIÇÃO DE MEDICAMENTO: INSULINA GLARGINA, 100UI/ML, SOLUCAO INJETAVEL, CARPULE 3ML + SISTEMA OU CANETA DE APLICACAO. PARA ATENDER A PROGRAMAÇÃO PACTUADA INTEGRADA - PPI",SANOFI MEDLEY FARMACEUTICA LTDA,24200004,35290752.0,152,-0.648199,66,BAIXO,2025-08-01,2026-04-05 18:00:43.371636
2174,1372425,"O objeto da licitação é a Aquisição de 14 Scanners de bagagem, para atender as necessidades da Casa Civil, no âmbito do Programa Integrado de Prevenção e Redução da Violência do Estado do Ceará - PreVio.",NUCTECH DO BRASIL LTDA,30000000,15680000.0,730,-0.648105,66,BAIXO,2025-05-22,2026-04-05 18:00:43.371636
1358,1393091,"Prestação de serviços especializados na área da saúde relacionado a cirurgias eletivas na especialidade de ortopedia ofertados pela iniciativa privada, direcionado aos usuários do Sistema Único de Saúde - SUS e regulados pela Central de Regulação do Estado do Ceará",SOCIEDADE BENEFICENTE SAO CAMILO,24200004,109066266.0,365,-0.648055,66,BAIXO,2025-09-19,2026-04-05 18:00:43.371636
1267,1395755,"AQUISIÇÃO DE DARATUMUMABE, SOLUCAO PARA DILUICAO INJETAVEL, FRASCO AMPOLA 20ML, 400MG PARA ATENDER DEMANDAS JUDICIAIS.",JANSSEN - CILAG FARMACEUTICA LTDA,24200004,24942996.0,89,-0.64803,66,BAIXO,2025-10-03,2026-04-05 18:00:43.371636
1036,1403945,"Contratação de empresa especializada na prestação de serviços de logística expressa nacional de encomendas e documentos, compreendendo coleta, transporte e entrega em todo o território nacional.",EMPRESA BRAS DE CORREIOS E TELEGRAFOS ,46000000,360000.0,18261,-0.647854,66,BAIXO,2025-10-30,2026-04-05 18:00:43.371636
1481,1389408,"O objeto do presente instrumento é a contratação de empresa para prestação de serviços contínuos a serem executados com dedicação exclusiva de mão de obra terceirizada, regidos pela Consolidação da Leis Trabalhistas (CLT) para as categorias, condições e quantidades estabelecidas no Termo de Referência e seus anexos.",QS QUALIDADE EM SERVICOS LTDA,31200003,104932368.0,365,-0.647836,66,BAIXO,2025-09-02,2026-04-05 18:00:43.371636
618,1410000,Manutenção predial preventiva e corretiva das instalações físicas da sede da jucec,KG CONSTRUÇÕES LTDA - EPP,56200007,105115275.0,365,-0.647836,66,BAIXO,2025-12-02,2026-04-05 18:00:43.371636
2411,1368183,"O objeto do presente instrumento é a prestação dos serviços de alimentação para o fornecimento de
refeições destinadas aos alunos da EEEP Governador Waldemar Alcântara (Ubajara), e alunos que estejam
em intercâmbio nas ações pedagógicas, nas condições estabelecidas neste contrato e no Termo de
Referência do edital e na proposta do CONTRATADO. EMPRESA NEVAL COMERCIAL DE
ALIMENTOS LTDA ¿ ME.",NEVAL COMERCIAL DE ALIMENTOS LTDA -ME,22000000,13122000.0,730,-0.647698,66,BAIXO,2025-04-16,2026-04-05 18:00:43.371636
516,1411247,"Contratação de empresa para a prestação dos serviços de logística de importação, para operações de embarque, fretamento internacional, desembaraço aduaneiro, operação de registro junto a Receita Federal (SICOMEX/SICOSERV), representação junto aos órgãos anuentes, assessoria geral quanto ao serviço de importação, seguro internacional porta-a-porta, armazenagem e transporte, para repatriação de fósseis que se encontram na cidade de Hannover (Alemanha), especificamente no Landesmuseum Hannover (Museu Estadual de Hannover), localizado na Rua Willy-Brandt-Allee 5, 30169 Hannover, Alemanha, aguardando serem repatriados e enviados ao Museu de Paleontologia Plácido Cidade Nuvens da Universidade Regional do Cariri (URCA).",MMS AGENCIAMENTOS E DESPACHOS INTERNACIONAIS LTDA - ME,31200003,5607759.0,23,-0.647573,66,BAIXO,2025-12-08,2026-04-05 18:00:43.371636
1985,1377115,"AQUISIÇÃO DE MATERIAL DE CONSUMO (MATERIAL DE EXPEDIENTE), EM FAVOR DA EEEP PROFESSORA ROSÂNGELA ALBUQUERQUE DE COUTO - ITAREMA - CREDE 3",M. GLEICIANE DE SOUSA - ME,22000000,192.0,196,-0.647512,66,BAIXO,2025-06-18,2026-04-05 18:00:43.371636
746,1408778,"Aquisição de material de consumo (Pedra Sanitária), a presente aquisição tem por objetivo atender às demandas do Instituto de Pesquisa e Estratégia Econômica do Ceará - IPECE, visando ao suprimento do almoxarifado com material de consumo necessário para a adequada higienização e manutenção da limpeza dos banheiros deste Instituto.",BRILHARES PRODUTOS DE LIMPEZA LTDA ,46200003,444.0,35,-0.647491,66,BAIXO,2025-11-26,2026-04-05 18:00:43.371636
1775,1381384,"FIBRINOGENIO HUMANO, FRASCO AMPOLA, 1G, PO LIOFILIZADO PARA SOLUCAO INJETAVE, Solicitação de compra de medicamento para a Rede Hospitalar/SESA",F7 MEDICAL PRODUTOS HOSPITALARES LTDA,24200004,37065875.0,161,-0.647322,66,BAIXO,2025-07-23,2026-04-05 18:00:43.371636
228,1415396,"TENECTEPLASE, 40MG, PO LIOFILIZADO PARA SOLUCAO INJETAVEL, FRASCO/AMPOLA + DILUENTE 8ML, TENECTEPLASE, 50MG, PO LIOFILIZADO PARA SOLUCAO INJETAVEL, FRASCO/AMPOLA + DILUENTE 10ML",ONCO PROD DISTRIBUIDORA DE PRODUTOS HOSPITALARES E ONCOLOGICOS LTDA.,24200004,71333036.0,314,-0.647223,66,BAIXO,2026-02-20,2026-04-05 18:00:43.371636
1275,1395364,"AQUISIÇÃO DE SEVOFLURANO, FRASCO 250ML, 1ML/ML, SOLUCAO PARA INALACAO, UNIDADE 1.0 FRASCO. Solicitação de compra de medicamento para a Rede Hospitalar/SESA",EMMARKA DISTRIBUIDORADE MEDICAMENTOS LTDA,24200004,23763558.0,90,-0.647154,66,BAIXO,2025-10-02,2026-04-05 18:00:43.371636
2477,1365642,"Constitui objeto deste a contratação do SERVIÇO AUTÔNOMO DE ÁGUA E ESGOTO ¿ SAAE DE
QUIXELÔ, entidade autárquica municipal, para prestação de serviços de fornecimento de água tratada e/ou
coleta de esgoto sanitário para atender a demanda das Unidades Vinculadas à Secretaria da Educação ¿
SEDUC, no Município de Quixelô.",SAAE DE QUIXELO,22000000,2171259.0,1826,-0.647139,66,BAIXO,2025-04-08,2026-04-05 18:00:43.371636
884,1406894,"AQUISIÇÃO DE BELIMUMABE, PO LIOFILIZADO PARA SOLUCAO INJETAVEL, 400MG PARA ATENDER DEMANDAS JUDICIAIS.",T S COMERCIAL DE MEDICAMENTOS E REPRESENTACAO LTDA,24200004,16328258.0,48,-0.647111,66,BAIXO,2025-11-13,2026-04-05 18:00:43.371636
1100,1401958,"Construção do Centro de Referência Especializada em Assistência Social (CREAS) no município de Milhâ. Municípios vinculados: Deputado Irapuan Pinheiro, Milhã, Piquet Carneiro, Jaguaretama e Jaguaribara",M. R. PEREIRA NOBRE ENGENHARIA,47200002,103341893.0,365,-0.646914,66,BAIXO,2025-10-23,2026-04-05 18:00:43.371636
1861,1379833,"Prestação de serviços de locação de veículos, incluindo seguro total, bem como manutenções preventivas e corretivas, conforme especificações expostas no Termo de Referência do Pregão Eletrônico nº 042/2023 - MPCE e ARP nº 001/2024 - MPCE.",PONTUAL RENT A CAR LTDA,30200003,5942160.0,1095,-0.64678,66,BAIXO,2025-07-10,2026-04-05 18:00:43.371636
2352,1367969,"AQUISIÇÃO DE DARATUMUMABE, SC, 1.800MG, SOLUCAO INJETAVEL FRASCO AMPOLA 15ML PARA ATENDER DEMANDAS JUDICIAIS.",JANSSEN - CILAG FARMACEUTICA LTDA,24200004,59469687.0,247,-0.646711,66,BAIXO,2025-04-28,2026-04-05 18:00:43.371636
1645,1384037,Aquisição de SERVIÇO DE FESTIVIDADES E HOMENAGENS: FESTIVAL ALUNOS QUE INSPIRAM 2025 - COORDENADORIA REGIONAL DE DESENVOLVIMENTO DA EDUCAÇÃO (CREDE 4 - CAMOCIM),OSMAR P. ALBUQUERQUE FILHO,22000000,57645.0,3360,-0.646609,66,BAIXO,2025-08-08,2026-04-05 18:00:43.371636
1889,1379754,"O objeto da licitação é a prestação dos serviços de manutenção preventiva e corretiva, com fornecimento e reposição total de peças (originais ou compatíveis), bem como remanejamento, quando necessário, incluindo instalação, desinstalação, realocação, remoção, montagem e desmontagem em centrais de ar-condicionado tipo split instaladas na sede da Secretaria da Ciência, Tecnologia e Educação Superior ¿ SECITECE e na sede da Universidade do Trabalho Digital ¿ UTD, nas condições estabelecidas neste edital e seus anexos",STARC ARCONDICIONADO E REFRIGERACAO LTDA,31000000,2253920.0,1826,-0.646501,66,BAIXO,2025-07-04,2026-04-05 18:00:43.371636
613,1410178,"Solicitação de compra de medicamento para a Rede Hospitalar/SESA, LANREOTIDA (ACETATO), 120MG, SOLUCAO INJETAVEL DE LIBERACAO PROLONGADA, SERINGA PREENCHIDA COM 0,5ML, UNIDADE 1.0 SERINGA  PREENCHIDA",UNI HOSPITALAR LTDA,24200004,7595756.0,28,-0.646415,66,BAIXO,2025-12-03,2026-04-05 18:00:43.371636
892,1406902,"AQUISIÇÃO DE EQUIPO, BOMBA LINEAR FOTOPROTETOR, PARA MEDICAMENTOS FOTOSSENSIVEIS, EQUIPO, BOMBA PARENTERAL, USO EM BOMBA DE INFUSAO LINEAR, EQUIPO, BOMBA ISENTO DE PVC FREE, PARA BOMBA LINEAR. PARA ATENDER ÀS UNIDADES DE SAÚDE DO ESTADO DO CEARÁ.",LIFEMED,24200004,14108400.0,48,-0.646409,66,BAIXO,2025-11-13,2026-04-05 18:00:43.371636
2311,1369453,CONTRATAÇÃO DE SERVIÇOS BANCÁRIOS REFERENTE AO PROGRAMA ESTADUAL DE REFORÇO À RENDA - AUXÍLIO CATADOR,BANCO DO BRASIL S/A,57000000,3618450.0,1461,-0.646382,66,BAIXO,2025-05-02,2026-04-05 18:00:43.371636
34,1420821,Aquisição de veículos destinados ao fortalecimento das ações previstas no âmbito do Programa Estadual Integrado de Segurança Pública (PISP).,GENERAL MOTORS DO BRASIL LTDA ,10000000,102010000.0,365,-0.646258,66,BAIXO,2026-03-23,2026-04-05 18:00:43.371636
711,1409300,"Prestação de serviços, por Centros de Formação de Condutores (CFC), referentes à realização de Cursos de Formação Teórico-Técnico e Prática de Direção Veicular, visando a formação e capacitação de candidatos à obtenção da primeira habilitação no âmbito do programa CNH Popular.",CENTRO DE FORMACAO DE CONDUTORES MAIA LTDA ME,08200003,11858555.0,34,-0.646214,65,BAIXO,2025-11-27,2026-04-05 18:00:43.371636
1801,1380704,"AQUISIÇÃO DE MEDICAMENTO: PREDNISOLONA, FRASCO 60ML, FOSFATO SODICO 3MG/ML, SOLUCAO ORAL. PARA ATENDER A PROGRAMAÇÃO PACTUADA INTEGRADA - PPI",BELIEVE FARMA COMERCIO DE MEDICAMENTOS E MATERIAIS HOSPITALARES LTDA,24200004,38659464.0,167,-0.645982,65,BAIXO,2025-07-17,2026-04-05 18:00:43.371636
636,1409529,"AQUISIÇÃO DE MEDICAMENTO: ALPRAZOLAM, 2MG, COMPRIMIDO. PARA ATENDER A PROGRAMAÇÃO PACTUADA INTEGRADA - PPI",SANTA BRANCA DISTRIBUIDORA DE MEDICAMENTOS LTDA - EPP,24200004,9543408.0,30,-0.645881,65,BAIXO,2025-12-01,2026-04-05 18:00:43.371636
101,1418713,"Serviços de manutenção preventiva, corretiva, instalação e desinstalação dos aparelhos de ar condicionado da CGD, incluindo fornecimento total de peças (originais ou compatíveis), insumos e acessórios.",STARC ARCONDICIONADO E REFRIGERACAO LTDA,53000000,2221200.0,1826,-0.645841,65,BAIXO,2026-03-10,2026-04-05 18:00:43.371636
1844,1380135,"CONTRASTE RADIOLOGICO, 300MG I/ML DE IODO, NAO IONICO DE BAIXA OSMOLALIDADE, FRASCO 100ML, Solicitação de compra de medicamento para a Rede Hospitalar/SESA",GE HEALTHCARE DO BRASIL COMÉRCIO E SERVIÇOS PARA EQUIPAMENTOS MÉDICO-HOSPITALARES LTDA,24200004,41974125.0,173,-0.645803,65,BAIXO,2025-07-11,2026-04-05 18:00:43.371636
554,1410859,"AQUISIÇÃO DE LORATADINA, 10MG, COMPRIMIDO SIMPLES OU REVESTIDO PARA ATENDER À PROGRAMAÇÃO PACTUADA INTEGRADA (PPI).",NORD PRODUTOS EM SAUDE LTDA,24200004,6813068.0,26,-0.645774,65,BAIXO,2025-12-05,2026-04-05 18:00:43.371636
396,1412461,SERVIÇOS DE MANUTENÇÃO CORRETIVA E PREVENTIVA EM PRÉDIOS PÚBLICOS - SECULT - MUSEU SACRO AQUIRAZ.,KG CONSTRUÇÕES LTDA - EPP,43200007,57614849.0,243,-0.645765,65,BAIXO,2026-01-05,2026-04-05 18:00:43.371636
965,1405536,"AQUISIÇÃO DE MEDICAMENTO: CARFILZOMIBE, 60MG, PO LIOFILIZADO PARA SOLUCAO INJETAVEL. PARA ATENDIMENTO JUDICIAL/SESA",ONCOVIT DISTRIBUIDORA DE MEDICAMENTOS LTDA,24200004,16567584.0,55,-0.645675,65,BAIXO,2025-11-06,2026-04-05 18:00:43.371636
2450,1366162,Serviços de Manutenção Preventiva e Corretiva do Parque Botânico Estadual do Ceará (SEMA).,KG CONSTRUÇÕES LTDA - EPP,43200007,98107772.0,365,-0.645603,65,BAIXO,2025-04-11,2026-04-05 18:00:43.371636
2280,1369663,"O objeto do presente instrumento é a prestação dos serviços comuns de Engenharia para Manutenção Preventiva e Corretiva das instalações Físicas Prediais e Equipamentos Públicos, com fornecimento de mão de obra, materiais e peças de reposição, por percentual de desconto sobre as tabelas de serviços da SEINFRA 28 e 28.1 para atender as necessidades dos Órgãos e entidades da Administração Pública Estadual do Ceará localizadas na Capital e nas Zonas Sul, Leste e Oeste da Região Metropolitana de Fortaleza nos municípios e bairros listados no Anexo 1, nas condições estabelecidas neste contrato e no Termo de Referência do edital e na proposta do CONTRATADO.",KG CONSTRUÇÕES LTDA - EPP,31200005,98516335.0,365,-0.645603,65,BAIXO,2025-05-06,2026-04-05 18:00:43.371636
2249,1369971,Serviço de manutenção predial a ser executado na Coordenadoria de Gestão Interna do Ensino e Instrução - COGEI/TÉRREO - MAPP 182,KG CONSTRUÇÕES LTDA - EPP,10100003,99692084.0,365,-0.645603,65,BAIXO,2025-05-12,2026-04-05 18:00:43.371636
590,1410186,"Aquisição de artigos artesanais com selo CEART de Certificação da Autenticidade dos Produtos Artesanais e
do Reconhecimento das Obras de Arte Popular Cearenses, de acordo com as especificações e quantitativos previstos
no Termo de Referência",FUNDART,30000000,99968055.0,365,-0.645603,65,BAIXO,2025-12-03,2026-04-05 18:00:43.371636
809,1409098,"Prestação do Serviço de manutenção predial na EEM CLODOALDO PINTO, com serviços comum de engenharia para manutenção preventiva e corretiva das
instalações físicas predial do imóvel com fornecimento de mão de obra, materiais e peças de reposição, por percentual de desconto sobre as tabelas de serviços da SEINFRA 28 e 28.1 para atender as necessidades dos Órgãos e entidades da Administração Pública Estadual do Ceará. CT 419/2025.",SALINAS EMPREENDIMENTOS E CONSTRUCOES LTDA ,22000000,99410159.0,365,-0.645603,65,BAIXO,2025-11-24,2026-04-05 18:00:43.371636
1153,1406819,"Prestação dos serviços de manutenção preventiva e corretiva em prédios públicos, especificamente na Central de Custódia da Perícia Forense do Estado do Ceará ¿ PEFOCE,",KG CONSTRUÇÕES LTDA - EPP,10100007,99162058.0,365,-0.645603,65,BAIXO,2025-10-17,2026-04-05 18:00:43.371636
363,1412642,"O objeto do presente instrumento é a prestação do Serviço de manutenção predial na EEEP.
MÁRIO ALENCAR, com serviços comum de engenharia para manutenção preventiva e corretiva das
instalações físicas predial do imóvel com fornecimento de mão de obra, materiais e peças de
reposição, por percentual de desconto sobre as tabelas de serviços da SEINFRA 28 e 28.1 para
atender as necessidades dos Órgãos e entidades da Administração Pública Estadual do Ceará
localizadas na Capital e nas Zonas Sul, Leste e Oeste da Região Metropolitana de Fortaleza nos
municípios e bairros listados no Anexo 1, nas condições estabelecidas neste contrato e no Termo de
Referência do edital e na proposta do CONTRATADO.",KG CONSTRUÇÕES LTDA - EPP,22000000,99175361.0,365,-0.645603,65,BAIXO,2026-01-21,2026-04-05 18:00:43.371636
1477,1389919,"Conclusão e Serviços Complementares da Urbanização do Dendê Baixada, com Praça Mais Infância e Areninha, no Município de Fortaleza - CE.",WERCON MANUTENÇÃO E CONSTRUÇÕES LTDA,43200007,99992065.0,365,-0.645603,65,BAIXO,2025-09-03,2026-04-05 18:00:43.371636
2323,1368612,"Manutenção Preventiva e Corretiva das instalações Físicas Prediais e Equipamentos Públicos, na EEEP MARIA
ANGELA DA SILVEIRA BORGES. CT 202/2025.",KG CONSTRUÇÕES LTDA - EPP,22000000,99440285.0,365,-0.645603,65,BAIXO,2025-04-30,2026-04-05 18:00:43.371636
1445,1390186,"AQUISIÇÃO DE MEDICAMENTO POR MEIO DE DISPENSA DE LICITAÇÃO - ITEM: DAPAGLIFLOZINA, 10MG, COMPRIMIDO REVESTIDO",ASTRAZENECA DO BRASIL LTDA,24200004,101071698.0,365,-0.645603,65,BAIXO,2025-09-05,2026-04-05 18:00:43.371636
1338,1393669,"Referente aos serviços de manutenção predial a serem executados na COGEI - Bloco 3, localizada na Rua Antônio Pompeu, n° 260, bairro Centro, Cidade Fortaleza. MAPP 182",KG CONSTRUÇÕES LTDA - EPP,10100003,99988102.0,365,-0.645603,65,BAIXO,2025-09-23,2026-04-05 18:00:43.371636
1340,1394384,"Serviço comum de engenharia para manutenção predial preventiva e corretiva das instalações físicas da unidade CENTRO DE REFERÊNCIA EM EDUCAÇÃO E ATENDIMENTO
ESPECIALIZADO DO CEARÁ - CREAECE. CT 370/2025.",SALINAS EMPREENDIMENTOS E CONSTRUCOES LTDA ,22000000,98584885.0,365,-0.645603,65,BAIXO,2025-09-23,2026-04-05 18:00:43.371636
1870,1378205,Serviço de manutenção predial a ser executado no prédio do Batalhão de Segurança Patrimonial - BSP/PMCE. MAPP 182,KG CONSTRUÇÕES LTDA - EPP,10100003,99842283.0,365,-0.645603,65,BAIXO,2025-07-09,2026-04-05 18:00:43.371636
2489,1366098,"AQUISIÇÃO DE MATERIAL MÉDICO HOSPITALAR POR MEIO DE DISPENSA DE LICITAÇÃO - ITEM 1: CATETER, 3,0FR - ITEM 2: CATETER, MONO LUMEN - ITEM 3: CATETER, 4-0FR - ITEM 4: CATETER, 5-0FR - ITEM 5: CATETER, 5-0FR",BECTON DICKINSON IND. CIRURGICAS LTDA,24200004,100647801.0,365,-0.645603,65,BAIXO,2025-04-08,2026-04-05 18:00:43.371636
659,1409812,"Credenciamento de clínicas especializadas para realizar exames de aptidão física e mental e as avaliações psicológicas, bem como perícias médicas especiais e centros de formação de condutores para ministrar Cursos de Formação Teórico-Técnico e Prática de Direção Veicular, visando a formação e capacitação de candidatos à obtenção de primeira habilitação no âmbito do programa CNH Popular.",CENTRO DE FORMACAO DE CONDUTORES LIDER LTDA,08200003,9887621.0,30,-0.645489,65,BAIXO,2025-12-01,2026-04-05 18:00:43.371636
1331,1393497,"AQUISIÇÃO DE TENECTEPLASE, 40MG, PO LIOFILIZADO PARA SOLUCAO INJETAVEL, FRASCO/AMPOLA + DILUENTE 8ML PARA ATENDER ÀS UNIDADES HOSPITALARES E AMBULATORIAIS DA SESA",ONCO PROD DISTRIBUIDORA DE PRODUTOS HOSPITALARES E ONCOLOGICOS LTDA.,24200004,24782082.0,99,-0.645451,65,BAIXO,2025-09-23,2026-04-05 18:00:43.371636
127,1417665,"ATA de registro de preços Nº 2025/07522, Pregão eletrônico  2025/0585, que tem como objeto aquisição - APLV",ART MEDICA COM E REP PROD HOST LTDA,24200204,65547328.0,301,-0.645372,65,BAIXO,2026-03-05,2026-04-05 18:00:43.371636
971,1405534,"ATA de registro de preços Nº 18695202, Pregão eletrônico  11472024, que tem como objeto aquisição - GÊNEROS DE ALIMENTAÇÃO APLV",ART MEDICA COM E REP PROD HOST LTDA,24200204,18282000.0,55,-0.645167,64,BAIXO,2025-11-06,2026-04-05 18:00:43.371636
939,1405975,"AQUISIÇÃO DE ALECTINIBE CLORIDRATO, 150MG, CAPSULA PARA ATENDER DEMANDAS JUDICIAIS.",PRODUTOS ROCHE QUIMICOS E FARMACEUTICOS,24200004,14184576.0,51,-0.644975,64,BAIXO,2025-11-10,2026-04-05 18:00:43.371636
438,1411794,"AQUISIÇÃO DE MATERIAL TÉCNICO HOSPITALAR PARA O HOSPITAL GERAL DE FORTALEZA (KIT, MONITORIZACAO NEUROFISIOLOGICA INTRAOPERATORIA POTENCIAL EVOCADO, 24 ELETRODOS DESCARTAVEIS, 1 SONDA ESTIMULADORA NEURAL, PASSIVEL DE UTILIZACAO EM CIRURGIA NO ADULTO E PEDIATRICA; ELETRODO, SUBDURAL PARA MONITORIZACAO CORTICAL, USO EM MICROCIRURGIAS INTRACRANIANA NA MODALIDADE NEUROESTIMULACAO CEREBRAL, PASSIVEL DE UTILIZACAO EM CIRURGIA NO ADULTO E PEDIATRICA)",GERARDO MAJELA LIMA CAVALCANTI - ME,24200184,3443243.0,14,-0.644958,64,BAIXO,2025-12-17,2026-04-05 18:00:43.371636
818,1408081,"AQUISIÇÃO DE FRALDA, DESCARTAVEL GERIATRICA G, PESO USUARIO DE 70 A 90KG, AVULSO 1.0 UNIDADE. MARCA: CONFORT CARE.",BELIEVE FARMA COMERCIO DE MEDICAMENTOS E MATERIAIS HOSPITALARES LTDA,24200004,12777456.0,40,-0.644929,64,BAIXO,2025-11-21,2026-04-05 18:00:43.371636
1579,1393238,"Contrato nº 283/2025. O objeto do presente instrumento é a execução da obra de CONSTRUÇÃO DO CENTRO DE EDUCAÇÃO INFANTIL - CEI, NO MUNICÍPIO DE TAMBORIL - CE , nas condições estabelecidas neste contrato, nas Especificações Técnicas do edital e na proposta do CONTRATADO.",MARCEL  OLIVEIRA TIMBO ME,22000000,20890000.0,638,-0.644843,64,BAIXO,2025-08-19,2026-04-05 18:00:43.371636
90,1420360,AQUISIÇÃO DE GÊNEROS ALIMENTICIUS EM FAVOR DOS ALUNOS DA EEMTI VICENTE DE PAULO DA COSTA - ACARAU - CREDE 3,COMERCIAL PRAIA E MAR EIRELI,22000000,895075.0,11111,-0.644792,64,BAIXO,2026-03-11,2026-04-05 18:00:43.371636
1373,1392904,Aquisição de material de limpeza - detergentes.,BRILHARES PRODUTOS DE LIMPEZA LTDA ,46200001,390.0,104,-0.644757,64,BAIXO,2025-09-18,2026-04-05 18:00:43.371636
802,1408349,"ATA de registro de preços Nº 2025/16953, Pregão eletrônico 20240061, que tem como objeto aquisição MATERIAL PERMANENTE",GE HEALTHCARE DO BRASIL COMÉRCIO E SERVIÇOS PARA EQUIPAMENTOS MEDICO-HOSPITALARES LTDA,24200204,11224731.0,37,-0.644731,64,BAIXO,2025-11-24,2026-04-05 18:00:43.371636
1260,1395757,"AQUISIÇÃO DE GILTERITINIBE HEMIFUMARATO, 40MG, COMPRIMIDO REVESTIDO PARA ATENDER DEMANDAS JUDICIAIS.",ELFA MEDICAMENTOS S.A.,24200004,22327536.0,89,-0.644624,64,BAIXO,2025-10-03,2026-04-05 18:00:43.371636
1522,1390571,AQUISIÇÃO DE MATERIAL ELÉTRICO E ELETRÔNICO - EEMTI HELENITA LOPES GURGEL VALENTE - FORTIM - CREDE 10,HSMSHOP COMERCIO DE PRODUTOS HOSPITALARES E VARIEDADES LTDA,22000000,225.0,210,-0.644509,64,BAIXO,2025-08-28,2026-04-05 18:00:43.371636
528,1410760,"CT 152/2025 - IL 015/2025 - CODEP - Constitui objeto deste Instrumento, a contratação de cooperativa para captação, pasteurização, envasamento, transporte e entrega de leite bovino pasteurizado integral e/ou leite caprino padronizado para o PROGRAMA DE AQUISIÇÃO DE ALIMENTOS, referentes ao(s) Lote(s) LOTES BOVINOS: 07 (2.576 litros), 13 (1.160 litros),17 (1.458 litros), 18 (1.321 litros), 29 (2.107 litros), 30 (1.080 litros) e 31 (3.980 litros). com um volume total de 684.100 litros de Leites bovino.",COOPERATIVA AGROINDUSTRIAL DO ESTADO DO CEARA-COOPAECE,21000000,29416300.0,126,-0.644503,64,BAIXO,2025-12-05,2026-04-05 18:00:43.371636
1652,1383850,Aquisição de Material de Expediente para atender a demanda da EEMTI Franklin Távora - ITAPIUNA - CREDE 8,HSMSHOP COMERCIO DE PRODUTOS HOSPITALARES E VARIEDADES LTDA,22000000,299.0,145,-0.644338,64,BAIXO,2025-08-08,2026-04-05 18:00:43.371636
776,1408745,"AQUISIÇÃO DE ENOXAPARINA, SODICA, VIA DE ADMINISTRACAO SUBCUTANEA INTRAVENOSA COM DISPOSITIVO DE PROTECAO PARA DESCARTE DA AGULHA, USO EM PROFILAXIA E TRATAMENTO DA TROMBOSE VENOSA PROFUNDA, SERINGA PREENCHIDASOLUCAO INJETAVEL, 40MG/0,4ML. ENOXAPARINA, SOLUCAO INJETAVEL, SERINGA PREENCHIDA, SUBCUTANEA E INTRAVENOSA, DISPOSITIVO DE PROTECAO PARA DESCARTE DA AGULHA, SODICA, 20MG/0,2ML.",ELFA MEDICAMENTOS S.A.,24200004,10770684.0,36,-0.644295,64,BAIXO,2025-11-25,2026-04-05 18:00:43.371636
614,1410252,"PRESTAÇÃO DE SERVIÇOS POSTAIS E REEMBOLSOS POSTAIS TELEMÁTICOS, CONVENCIONAIS E CORRELATOS, PARA ATENDER A NECESSIDADE DA HEMORREDE.",EMPRESA BRAS DE CORREIOS E TELEGRAFOS ,24200424,1600000.0,3652,-0.644261,64,BAIXO,2025-12-03,2026-04-05 18:00:43.371636
1842,1380105,Implantação do Projeto de Combate a Incêndio na Sede da SPS.,MORETTO CONSTRUCOES E SERVICOS EIRELI,43200007,46096023.0,483,-0.644258,64,BAIXO,2025-07-11,2026-04-05 18:00:43.371636
2224,1377753,Aquisição de Material de Limpeza e Produção de Higienização - EEMTI VISCONDE DO RIO BRANCO - SEFOR 2,FG COMERCIO TENDTUDO LTDA,22000000,207.0,231,-0.644148,64,BAIXO,2025-05-14,2026-04-05 18:00:43.371636
981,1408991,Aquisição de insumos laboratoriais por meio da ATA N° 2025/03963 para atender as necessidades do HCASG.,ESSE ENE COMÉRCIO E SERVIÇOS LTDA,24200214,17644599.0,56,-0.643859,64,BAIXO,2025-11-05,2026-04-05 18:00:43.371636
833,1407895,"AQUISIÇÃO DE ENOXAPARINA, SODICA, VIA DE ADMINISTRACAO SUBCUTANEA INTRAVENOSA COM DISPOSITIVO DE PROTECAO PARA DESCARTE DA AGULHA, USO EM PROFILAXIA E TRATAMENTO DA TROMBOSE VENOSA PROFUNDA, 60MG/0,6ML, PROFILAXIA E TRATAMENTO DO TROMBOEMBOLISMO PULMONAR, TRATAMENTO DA ANGINA INSTAVEL E INFARTO DO MIOCARDIO, PREVENCAO DA COAGULACAO DO CIRCUITO EXTRACORPOREO DURANTE A HEMODIALISE, SERINGA PREENCHIDA, SOLUCAO INJETAVEL, UNIDADE 1.0 SERINGA PREENCHIDA. MARCA: HEPARINOX/CRISTÁLIA.",EMMARKA DISTRIBUIDORADE MEDICAMENTOS LTDA,24200004,12930638.0,42,-0.643794,64,BAIXO,2025-11-19,2026-04-05 18:00:43.371636
1959,1377645,"FIBRINOGENIO HUMANO 1G, Solicitação de compra de medicamento para a Rede Hospitalar/SESA",F7 MEDICAL PRODUTOS HOSPITALARES LTDA,24200004,42996415.0,190,-0.643732,64,BAIXO,2025-06-24,2026-04-05 18:00:43.371636
753,1409081,"Prestação de serviços, por Centros de Formação de Condutores (CFC), referentes à realização de Cursos de Formação Teórico-Técnico e Prática de Direção Veicular, visando a formação e capacitação de candidatos à obtenção da primeira habilitação no âmbito do programa CNH Popular.",CENTRO DE FORMACAO DE CONDUTORES LIMA MOTA LTDA - ME,08200003,10502096.0,35,-0.643641,64,BAIXO,2025-11-26,2026-04-05 18:00:43.371636
755,1409096,"Prestação de serviços, por Centros de Formação de Condutores (CFC), referentes à realização de Cursos de Formação Teórico-Técnico e Prática de Direção Veicular, visando a formação e capacitação de candidatos à obtenção da primeira habilitação no âmbito do programa CNH Popular.",CENTRO DE FORMACAO DE CONDUTORES B ALDEOTA LTDA ,08200003,9599622.0,35,-0.643591,64,BAIXO,2025-11-26,2026-04-05 18:00:43.371636
2325,1368913,"CARTOLINA, 180 G, DIMENSOES 50X66 CM, CORES VARIADAS, AVULSO 1.0 FOLHA.
MARCA: ANIN",SUPRIMAX COMERCIAL LTDA,56200007,120.0,245,-0.643503,64,BAIXO,2025-04-30,2026-04-05 18:00:43.371636
1116,1403225,"Construção do CREAS Regional -  Município Sede -  Pacujá.  Municípios vinculados: Varjota, Pacujá, Pires Ferreira, Graça e Mucambo.",M. R. PEREIRA NOBRE ENGENHARIA,47200002,96916227.0,365,-0.643422,64,BAIXO,2025-10-23,2026-04-05 18:00:43.371636
1262,1397548,"AQUISIÇÃO DE SECUQUINUMABE, 150MG/ML, SOLUCAO INJETAVEL, SERINGA PREENCHIDA 1ML + CANETA APLICADORA (COSENTYX) PARA ATENDER DEMANDAS JUDICIAIS.",ONCOEXO DISTRIBUIDORA DE MEDICAMENTOS LTDA,24200004,96206616.0,365,-0.643422,64,BAIXO,2025-10-03,2026-04-05 18:00:43.371636
1427,1391166,"Contratualização da ATA 2024/05906 por 06 (seis) meses no valor de R$ 404.914,08 para atender as necessidades do HCASG.",ST JUDE MEDICAL BRASIL LTDA,24200214,40491408.0,181,-0.643391,64,BAIXO,2025-09-11,2026-04-05 18:00:43.371636
690,1409603,"Prestação de serviços, por Centros de Formação de Condutores (CFC), referentes à realização de Cursos de Formação Teórico-Técnico e Prática de Direção Veicular, visando a formação e capacitação de candidatos à obtenção da primeira habilitação no âmbito do programa CNH Popular.",CENTRO DE FORMACAO DE CONDUTORES HABILITAR EIRELI,08200003,10483842.0,33,-0.643378,63,BAIXO,2025-11-28,2026-04-05 18:00:43.371636
1923,1378103,"AQUISIÇÃO DE BARREIRA PROTETORA, PO DE HIDROCOLOIDE, PARA ESTOMIA COM DERMATITE, PARTICULAS ABSORVENTES, CARBOXIMETILCELULOSE SODICA PARA ATENDER DEMANDAS JUDICIAIS.",CASEX INDUSTRIA DE PLASTICOS E PRODUTOS MEDICOS HOSPITALARES LTDA,24200004,300.0,188,-0.643257,63,BAIXO,2025-06-26,2026-04-05 18:00:43.371636
2105,1379067,"CT 070/2024 - IL 004/2025 - CODEP - Constitui objeto deste Instrumento, a contratação de cooperativa para captação, pasteurização, envasamento, transporte e entrega de leite bovino pasteurizado integral e/ou leite caprino padronizado para o PROGRAMA DE AQUISIÇÃO DE ALIMENTOS, referentes ao(s) Lote(s) LOTES BOVINOS: 01 (1.594 litros), 02 (3.748 litros), 04 (1.877 litros), 06 (2.772 litros), 11 (3.000 litros) e 12 (1.710 litros). com um volume total de Leites BOVINO- 749.751 Litros.",COOPEVALE - COOPERATIVA AGROINDUSTRIAL DO VALE LTDA,21000000,32239293.0,149,-0.643249,63,BAIXO,2025-06-02,2026-04-05 18:00:43.371636
437,1411814,SERVIÇO AUTÔNOMO DE ÁGUA E ESGOTO DE JAGUARIBE-CE,SAAE DE JAGUARIBE,21200001,30000.0,1826,-0.643158,63,BAIXO,2025-12-17,2026-04-05 18:00:43.371636
783,1408853,"Prestação de serviços, por Centros de Formação de Condutores (CFC), referentes à realização de Cursos de Formação Teórico-Técnico e Prática de Direção Veicular, visando a formação e capacitação de candidatos à obtenção da primeira habilitação no âmbito do programa CNH Popular.",CENTRO DE FORMACAO DE CONDUTORES AUTO ESCOLA LINHARES E TRAJANO LTDA ME,08200003,9782924.0,36,-0.643156,63,BAIXO,2025-11-25,2026-04-05 18:00:43.371636
555,1410935,AQUISIÇÃO DE MATERIAL DE CONSUMO PARA ATENDER AS NECESSIDADES DA SRCEN (QUIXADÁ),C A ALIMENTOS LTDA,24200004,588.0,26,-0.642811,63,BAIXO,2025-12-05,2026-04-05 18:00:43.371636
2216,1370757,"AQUISIÇÃO DE MEDICAMENTO: VENLAFAXINA, CLORIDRATO 75MG, CAPSULA DURA DE LIBERACAO PROLONGADA. PARA ATENDER A PROGRAMAÇÃO PACTUADA INTEGRADA (PPI)",PANORAMA COMERCIO DE PRODUTOS MEDICOS E FARMACEUTICOS LTDA,24200004,54413305.0,230,-0.642803,63,BAIXO,2025-05-15,2026-04-05 18:00:43.371636
1528,1387825,"BESILATO DE ANLODIPINO, 5MG, COMPRIMIDO, Solicitação de compra de medicamento para atender a Programação Pactuada Integrada (PPI)",GEOLAB INDUSTRIA FARMACEUTICA LTDA,24200004,28792125.0,126,-0.642793,63,BAIXO,2025-08-27,2026-04-05 18:00:43.371636
1891,1379339,"Contratação de empresa para prestação de serviços contínuos a serem executados com dedicação exclusiva de mão de obra terceirizada para substituir o primeiro processo de dispensa de licitação, com objeto de mão de obra terceirizada de vigilância.",PATRIMONIO E SEGURANCA ARMADA LTDA - EPP,56200012,95655132.0,365,-0.64277,63,BAIXO,2025-07-03,2026-04-05 18:00:43.371636
1792,1381441,"Prestação de serviços especializados na área da saúde relacionado a cirurgias eletivas na especialidade de ortopedia ofertados pela iniciativa privada, direcionado aos usuários do Sistema Único de Saúde - SUS e regulados pela Central de Regulação do Estado do Ceará.",FUNDACAO ANTONIA MARIA DA CONCEICAO,24200004,95225759.0,365,-0.64277,63,BAIXO,2025-07-18,2026-04-05 18:00:43.371636
1277,1394954,"Contratação para prestação de serviços de alimentação diária, na forma de refeição pronta, destinado a comunidade carcerária (pessoas privadas de liberdade) e servidores das Unidades Prisionais do Sistema Penitenciário do Estado do Ceara, com o fornecimento de material de consumo, e de equipamento em comodato, nas condições estabelecidas neste contrato e no Termo de Referencia do edital (ITEM 2), e na proposta do CONTRATADO.",CWM INDUSTRIA ALIMENTICIA LTDA,18000000,94998477.0,365,-0.64277,63,BAIXO,2025-10-01,2026-04-05 18:00:43.371636
775,1408855,"Prestação de serviços, por Centros de Formação de Condutores (CFC), referentes à realização de Cursos de Formação Teórico-Técnico e Prática de Direção Veicular, visando a formação e capacitação de candidatos à obtenção da primeira habilitação no âmbito do programa CNH Popular.",CENTRO DE FORMACAO DE CONDUTORES MARCELO LTDA - ME,08200003,9327726.0,36,-0.642753,63,BAIXO,2025-11-25,2026-04-05 18:00:43.371636
850,1407734,AQUISIÇÃO DE INFATRINI PARA ATENDER DEMANDAS JUDICIAIS.,ART MEDICA COM E REP PROD HOST LTDA,24200004,12200964.0,43,-0.642706,63,BAIXO,2025-11-18,2026-04-05 18:00:43.371636
2065,1374894,"AQUISIÇÃO DE MEDICAMENTO: CLOMIPRAMINA, CLORIDRATO, 25MG, COMPRIMIDO REVESTIDO. PARA ATENDER A PROGRAMAÇÃO PACTUADA INTEGRADA (PPI)",SANTA BRANCA DISTRIBUIDORA DE MEDICAMENTOS LTDA - EPP,24200004,50559226.0,208,-0.642695,63,BAIXO,2025-06-06,2026-04-05 18:00:43.371636
1017,1404267,"AQUISIÇÃO DE MEDICAMENTO: GLICLAZIDA, 60MG, COMPRIMIDO DE LIBERACAO PROLONGADA. PARA ATENDER A PROGRAMAÇÃO PACTUADA INTEGRADA - PPI",T S COMERCIAL DE MEDICAMENTOS E REPRESENTACAO LTDA,24200004,18066895.0,61,-0.642692,63,BAIXO,2025-10-31,2026-04-05 18:00:43.371636
709,1409233,"AQUISIÇÃO DE SOLUCAO ANTISSEPTICA, ALCOOL ETILICO A 70%, FRASCO 1 LITRO, NOTIFICACAO SIMPLIFICADA RDC 576, DE 11/11/21, NBR 5991/97 E RDC 46 DE 20/02/02, UNIDADE 1.0 FRASCO. MARCA: VIC PHARMA. SOLICITAÇÃO DE COMPRA PARA ATENDER ÀS UNIDADES DE SAÚDE DO ESTADO DO CEARÁ.",BELIEVE FARMA COMERCIO DE MEDICAMENTOS E MATERIAIS HOSPITALARES LTDA,24200004,10400544.0,34,-0.642503,63,BAIXO,2025-11-27,2026-04-05 18:00:43.371636
537,1410591,"AQUISIÇÃO DE SULFAMETOXAZOL + TRIMETOPRIMA, 400MG + 80MG, COMPRIMIDO,  PARA ATENDER A PROGRAMAÇÃO PACTUADA INTEGRADA (PPI)",NDS DISTRIBUIDORA DE MEDICAMENTOS LTDA,24200004,6332616.0,26,-0.642487,63,BAIXO,2025-12-05,2026-04-05 18:00:43.371636
695,1409413,"Prestação de serviços, por Centros de Formação de Condutores (CFC), referentes à realização de Cursos de Formação Teórico-Técnico e Prática de Direção Veicular, visando a formação e capacitação de candidatos à obtenção da primeira habilitação no âmbito do programa CNH Popular.",CENTRAL DE FORMACAO DE CONDUTORES QUIVITORIA LTDA ME,08200003,9601238.0,33,-0.642458,63,BAIXO,2025-11-28,2026-04-05 18:00:43.371636
1446,1390197,MATERIAL ELÉTRICO E ELETRÔNICO - EEM ANANIAS DO AMARAL VIEIRA - MOMBAÇA - CREDE 14,FRANCISCO MATEUS DA ROCHA DO NASCIMENTO 27634641812,22000000,380.0,117,-0.64243,63,BAIXO,2025-09-05,2026-04-05 18:00:43.371636
2369,1368304,Solicitamos autorização para realizar o pagamento referente a diferença da recarga  de 02(botijões de gás) da Empresa FRANCA PINTO & CIA LTDA.,FRANCA PINTO & CIA LTDA - EPP,29000000,191.0,250,-0.642345,63,BAIXO,2025-04-25,2026-04-05 18:00:43.371636
785,1408576,AQUISIÇÃO DE ALIMENTOS PARA SEMOVENTES DO RPMONT/PMCE.,N MAYARA DO CARMO DE OLIVEIRA ME,10100003,10342633.0,36,-0.642331,63,BAIXO,2025-11-25,2026-04-05 18:00:43.371636
313,1413092,RECURSO DESTINADO A AQUISIÇÃO DE MEDICAMENTO CONFORME ATA Nº 2025/08005 PARA HSJ,ONMED DISTRIBUIDORA DE MEDICAMENTOS LTDA,24200224,380.0,335,-0.642127,63,BAIXO,2026-01-30,2026-04-05 18:00:43.371636
689,1409600,"Prestação de serviços, por Centros de Formação de Condutores (CFC), referentes à realização de Cursos de Formação Teórico-Técnico e Prática de Direção Veicular, visando a formação e capacitação de candidatos à obtenção da primeira habilitação no âmbito do programa CNH Popular.",CENTRO DE FORMACAO DE CONDUTORES IDEIA LTDA ,08200003,10412133.0,33,-0.642069,63,BAIXO,2025-11-28,2026-04-05 18:00:43.371636
671,1409938,"Prestação de serviços, por Centros de Formação de Condutores (CFC), referentes à realização de Cursos de Formação Teórico-Técnico e Prática de Direção Veicular, visando a formação e capacitação de candidatos à obtenção da primeira habilitação no âmbito do programa CNH Popular.",CENTRO DE FORMACAO DE CONDUTORES EXATA LTDA ME,08200003,9027818.0,33,-0.642056,63,BAIXO,2025-11-28,2026-04-05 18:00:43.371636
2179,1372285,"AQUISIÇÃO DE POLIMIXINA B (SULFATO), 500.000 UI, PO LIOFILIZADO PARA SOLUÇÃO INJETÁVEL, SURFACTANTE PULMONAR, FRASCO AMPOLA 3ML, ALFAPORACTANTO 80MG/ML, SUSPENSÃO INJETÁVEL, PARA ATENDER A UNIDADES DE SAÚDE DO ESTADO DO CEARA.",UNI HOSPITALAR CEARA LTDA-EPP,24200004,53944144.0,223,-0.642017,63,BAIXO,2025-05-22,2026-04-05 18:00:43.371636
2441,1366242,AQUISIÇÃO DE MATERIAL HOSPITALAR (ATADURA) PARA A CSASR/PMCE. MAPP 62,PANORAMA COMERCIO DE PRODUTOS MEDICOS E FARMACEUTICOS LTDA,10200008,138.0,261,-0.641949,62,BAIXO,2025-04-14,2026-04-05 18:00:43.371636
296,1416015,AQUISIÇÃO DE MATERIAL LABORATORIAL,GERAES DIAGNOSTICA LTDA,10100013,200.0,330,-0.641885,62,BAIXO,2026-02-04,2026-04-05 18:00:43.371636
714,1409637,"Prestação de serviços, por Centros de Formação de Condutores (CFC), referentes à realização de Cursos de Formação Teórico-Técnico e Prática de Direção Veicular, visando a formação e capacitação de candidatos à obtenção da primeira habilitação no âmbito do programa CNH Popular.",CENTRO DE FORMACAO DE CONDUTORES CATEGORIA A/B SERTAO LTDA,08200003,8907949.0,34,-0.641839,62,BAIXO,2025-11-27,2026-04-05 18:00:43.371636
1523,1388125,"VALSARTANA, SACUBITRIL, 50MG, COMPRIMIDO REVESTIDO, UNIDADE 1.0 COMPRIMIDO. MARCA: NOVARTIS, Solicitação de compra de medicamento para atender à demanda do Componente Especializado da Assistência Farmacêutica grupo 1B (CEAF).",ONCOEXO DISTRIBUIDORA DE MEDICAMENTOS LTDA,24200004,28539896.0,125,-0.641707,62,BAIXO,2025-08-28,2026-04-05 18:00:43.371636
1649,1382440,"Prestação de  serviços especializados em horas/ano, sobreaviso e procedimentos/ diagnósticos, especialidade de MÉDICO ANESTESIOLOGISTA.",COOPERATIVA DOS MÉDICOS ANESTESIOLOGISTAS DO CEARÁ,24200004,94048992.0,365,-0.641696,62,BAIXO,2025-08-08,2026-04-05 18:00:43.371636
1411,1391467,"Dispensa de Licitação para Contratação de Serviços de locação de 26 (vinte e seis) Ambulâncias de Suporte Avançado, por um período de 01 (um) ano de acordo com as especificações e quantitativos previstos no Termo de Referência.",UNI-SOS EMERGENCIAS MEDICAS LTDA,24200004,92913600.0,365,-0.641696,62,BAIXO,2025-09-12,2026-04-05 18:00:43.371636
1875,1380421,"O objeto do presente instrumento é a prestação do Serviço de manutenção predial no EEM LICEU DO
CONJUNTO CEARÁ, com serviços comum de engenharia para manutenção preventiva e corretiva das
instalações físicas predial do imóvel com fornecimento de mão de obra, materiais e peças de reposição, por
percentual de desconto sobre as tabelas de serviços da SEINFRA 28 e 28.1 para atender as necessidades
dos Órgãos e entidades da Administração Pública Estadual do Ceará localizadas na Capital e nas Zonas
Sul, Leste e Oeste da Região Metropolitana de Fortaleza nos municípios e bairros listados no Anexo 1, nas
condições estabelecidas neste contrato e no Termo de Referência do edital e na proposta do
CONTRATADO. EMPRESA SALINAS
EMPREENDIMENTOS LTDA.",SALINAS EMPREENDIMENTOS E CONSTRUCOES LTDA ,22000000,93354378.0,365,-0.641696,62,BAIXO,2025-07-08,2026-04-05 18:00:43.371636
1780,1381374,"AQUISIÇÃO DE MATERIAL LABORATORIAL PARA O HOSPITAL GERAL DE FORTALEZA (FITA, PARA AUTOCLAVE, 19X30, ROLO 1.0 UNIDADE)",HOSPMAIA COMERCIO DE MATERIAL HOSPITALAR LTDA,24200184,405.0,161,-0.641597,62,BAIXO,2025-07-23,2026-04-05 18:00:43.371636
2237,1384292,MATERIAL DE LIMPEZA E PRODUÇÃO DE HIGIENIZAÇÃO - EEMTI VISCONDE DO RIO BRANCO - SEFOR 2,GMS JAMPA DISTRIBUIDORA LTDA,22000000,258.0,232,-0.641351,62,BAIXO,2025-05-13,2026-04-05 18:00:43.371636
1860,1380849,"Contratação de Empresa de Consultoria para: (I) Elaboração De Diagnósticos Sensoriais
Participativos, (ii) Sistematização De Estratégias De Intervenção Urbana De Prevenção À Violência E (iii)
Projetos Executivos De Requalificação De Espaços Públicos No Âmbito Do Programa Integrado De
Prevenção E Redução De Violência - Previo.",INTEGRA PROJETOS E CONSULTORIA EMPRESARIAL LTDA,30000000,48527787.0,215,-0.641291,62,BAIXO,2025-07-10,2026-04-05 18:00:43.371636
519,1411347,"Prestação de serviços, por CFC (autoescola) visando a formação e capacitação de candidatos à obtenção da primeira habilitação no âmbito do programa CNH Popular.",CENTRO DE FORMACAO DE CONDUTOR AUTO-ESCOLA R-MARTINS LTDA ,08200003,5374729.0,24,-0.641273,62,BAIXO,2025-12-07,2026-04-05 18:00:43.371636
2272,1369288,Aquisição de MATERIAL DE CONSUMO ¿ Material Elétrico e Eletrônico ¿ para atender os alunos do ensino médio regular da EEM RAUL BARBOSA. - JAGUARIBE - CREDE 11,M.G.C. DE ALMEIDA GOMES,22000000,297.0,238,-0.641237,62,BAIXO,2025-05-07,2026-04-05 18:00:43.371636
861,1407106,"AQUISIÇÃO DE MEDICAMENTO: ALBENDAZOL, 400MG, COMPRIMIDO MASTIGAVEL. PARA ATENDER A PROGRAMAÇÃO PATCUADA INTEGRADA - PPI",T S COMERCIAL DE MEDICAMENTOS E REPRESENTACAO LTDA,24200004,12488643.0,47,-0.640969,62,BAIXO,2025-11-14,2026-04-05 18:00:43.371636
540,1410725,"Contratualização da ATA 2025/01894, por 06 (seis) meses, no valor de R$ 398.999,34, para atender as necessidades do HCASG.",PH & B COMERCIO E SERVICOS EIRELI -ME,24200214,39899934.0,182,-0.640897,62,BAIXO,2025-12-05,2026-04-05 18:00:43.371636
992,1405725,"Aquisição de 02 (dois) servidores 1D - Armazenamento de Objetos - DataCore Swarm, XFusion/Zoom Industry Modelo 2288H V7, conforme Ata de Registro de Preços nº 90009/2024, do Tribunal Regional Federal da 4ª Região (TRF/RS), e Pregão Eletrônico nº 28/2024.",ZOOM TECNOLOGIA LTDA,13200001,1840000.0,1826,-0.64089,62,BAIXO,2025-11-04,2026-04-05 18:00:43.371636
836,1407855,"Aquisição de geladeira , refrigerador vertical, conforme descrição na  ATA nº 2024/17375.",MULTIPRINT COM. DE TONERS LT,24200314,12027025.0,42,-0.640873,62,BAIXO,2025-11-19,2026-04-05 18:00:43.371636
2247,1370094,"AQUISIÇÃO DE FILTRO, BACTERIANO/VIRAL TIPO HEPA, EFICIENCIA DE FILTRACAO PARA BACTERIAS E VIRUS, MEMBRANA BIDIRECIONAL E HIDROFOBICA, BAIXA RESISTENCIA AO FLUXO DE AR, MEMBRANA FILTRANTE EM PAPEL DE FIBRA DE VIDRO OU FIBRA SINTETICA DE ALTA PERFORMANCE HIDROFOFOBICO HEPA, UTILIZADO NO RAMO EXPIRATORIO E/OU INSPIRATORIO DO CIRCUITO, PROXIMAL AO EQUIPAMENTO E SEM CONEXAO DIRETA A VIA AEREA DO PACIENTE, LIVRE DE LATEX, EFICIENCIA DE FILTRACAO VIRAL DE 99,9999%, REVESTIMENTO DO FILTRO EM POLIPROPILENO, CONEXOES UNIVERSAIS PARA ATENDER DEMANDAS JUDICIAIS.","LICITATRADE SERVICO, COMERCIO E IMPORTACAO LTDA",24200004,296.0,233,-0.640835,62,BAIXO,2025-05-12,2026-04-05 18:00:43.371636
2022,1376158,Execução dos Serviços Remanescentes da Acessibilidade do Colégio da Polícia Militar General Edgard Facó - 1ª Etapa.,G2 CONSTRUCOES LTDA,43200007,56345846.0,273,-0.64083,62,BAIXO,2025-06-13,2026-04-05 18:00:43.371636
393,1412509,CONTRATAÇÃO DA EMPRESA BRASILEIRA DE CORREIOS E TELÉGRAFOS (ECT) PARA A PRESTAÇÃO DE SERVIÇOS E VENDA DE PRODUTOS POSTAIS E TELEMÁTICOS PARA ATENDER AS DEMANDAS DA UNIVERSIDADE ESTADUAL VALE DO ACARAÚ - UVA,EMPRESA BRAS DE CORREIOS E TELEGRAFOS ,31200002,1750000.0,1826,-0.640498,62,BAIXO,2026-01-12,2026-04-05 18:00:43.371636
1810,1381021,"Tem por objeto o serviços de manutenção preventiva e corretiva, com reposição de peças nos geradores do
Estádio Arena Castelão,",DIST CUMMINS DIESEL DO NORDESTE LTDA,42000000,1740000.0,1826,-0.640498,62,BAIXO,2025-07-16,2026-04-05 18:00:43.371636
935,1405858,"AQUISIÇÃO DE FIBRINOGENIO HUMANO, FRASCO AMPOLA, 1G, PO LIOFILIZADO PARA SOLUCAO INJETAVEL, UNIDADE 1.0 FRASCO / AMPOLA. MARCA: FAB CSL BEHRING. PARA ATENDER ÀS UNIDADES DE SAÚDE DO ESTADO DO CEARÁ - SESA",F7 MEDICAL PRODUTOS HOSPITALARES LTDA,24200004,12750661.0,51,-0.640381,62,BAIXO,2025-11-10,2026-04-05 18:00:43.371636
1377,1392538,AQUISIÇÃO DE MATERIAL DE EXPEDIENTE - EEMTI PADRE SARAIVA LEÃO - REDENCAO - CREDE 8 //,ANTONIO ESMAEL BATISTA MESQUITA,22000000,460.0,104,-0.640345,62,BAIXO,2025-09-18,2026-04-05 18:00:43.371636
334,1412959,"CONTRATAÇÃO DE EMPRESA PARA EXECUÇÃO DE OBRA PARA REFORMA E AMPLIAÇÃO DO BLOCO F (SEDEDETRAN/CE/MARAPONGA), localizado na avenida Godofredo Maciel, 2900 - Maraponga/ FORTALEZA/CE. 
Concorrência Eletrônica Nacional nº 20250003/DETRAN/CE.",SARAIVA EMPREENDIMENTOS E SERVIÇOS EIRELI,08200003,90612628.0,365,-0.640269,62,BAIXO,2026-01-27,2026-04-05 18:00:43.371636
907,1406495,"AQUISIÇÃO DE VEÍCULOS HÍBRIDOS, CARACTERIZADOS OU NÃO, COM ACESSÓRIOS PARA ATENDER NECESSIDADES DO DETRAN/CE, VEÍCULO HÍBRIDO SUV ZERO KM -  4 - UNID conforme item 2.4.1 ¿ Item 01 do Grupo
01 (Da especificação detalhada deste Termo de Referência)",CARMAIS BECE VEICULOS E PECAS LTDA,08200003,91309184.0,365,-0.640269,62,BAIXO,2025-11-12,2026-04-05 18:00:43.371636
499,1411469,"PREGÃO ELETRÔNICO PARA AQUISIÇÃO DE MATERIAL PERMANENTE ¿ EQUIPAMENTOS CONDICIONADORES DE AR - MODULO, CONDICIONADOR DE AR TIPO SPLIT CENTRAL PARA DUTOS, CAPACIDADE NOMINAL 74.800 KCAL/H, VAZAO DE AR 15.500M3/H, PRESSAO EXT DISPONIVEL 39MMCA, 380/3F/60 HZ, FILTRAGEM DUPLA G4 + M5 UND 208.000,00, CONSUMO ELETRICO 42KW ¿, POR UM PERÍODO DE 12 (DOZE) MESES, PARA ATENDER AS NECESSIDADES DO HOSPITAL GERAL DE FORTALEZA ¿ HGF/SESA.",PRIMARE ENGENHARIA LTDA,24200184,91832431.0,365,-0.640269,62,BAIXO,2025-12-08,2026-04-05 18:00:43.371636
816,1408206,"AQUISIÇÃO DE MEDICAMENTO: ACITRETINA, 10MG, CAPSULA - ACITRETINA, 25MG, CAPSULA - PARA ATENDER O COMPONENTE ESPECIALIZADO DA ASSISTÊNCIA FARMACÊUTICA - CEAF",ONCOVIT DISTRIBUIDORA DE MEDICAMENTOS LTDA,24200004,10104005.0,40,-0.640091,61,BAIXO,2025-11-21,2026-04-05 18:00:43.371636
2292,1368989,"AQUISIÇÃO DE RISDIPLAM, 0,75MG/ML, PO PARA SOLUCAO ORAL, FRASCO 80 ML + 2 SERINGAS 6ML + 2 SERINGAS 12ML PARA ATENDER DEMANDAS JUDICIAIS.",PRODUTOS ROCHE QUIMICOS E FARMACEUTICOS,24200004,51763236.0,240,-0.640051,61,BAIXO,2025-05-05,2026-04-05 18:00:43.371636
2049,1376098,"CONTRATAÇÃO DE SERVIÇO DE FORNECIMENTO DE REFEIÇÃO (DESJEJUM, ALMOÇO E JANTAR ) DESTINADAS A ESTUDANTES COM MATRÍCULA REGULAR NO ENSINO PRESENCIAL OU À DISTÂNCIA, PROFESSORES, SERVIDORES E FUNCIONÁRIOS TERCEIRIZADOS DA UVA EM SOBRAL - CE",A P EVENTOS LTDA,31200002,53040000.0,271,-0.639976,61,BAIXO,2025-06-11,2026-04-05 18:00:43.371636
817,1408055,"AQUISIÇÃO DE ESPARADRAPO, 10CM X 4,5MT, IMPERMEAVEL, CARRETEL 1.0 UNIDADE. MARCA: PROCITEX.",PANORAMA COMERCIO DE PRODUTOS MEDICOS E FARMACEUTICOS LTDA,24200004,10248728.0,40,-0.639874,61,BAIXO,2025-11-21,2026-04-05 18:00:43.371636
1869,1380028,"AQUISIÇÃO DE GLIBENCLAMIDA, 5MG, COMPRIMIDO, UNIDADE 1.0 COMPRIMIDO.",GEOLAB INDUSTRIA FARMACEUTICA LTDA,24200234,408.0,175,-0.639671,61,BAIXO,2025-07-09,2026-04-05 18:00:43.371636
1907,1379400,"CONTRATAÇÃO DE EMPRESA(S) ESPECIALIZADA(S) PARA EXECUÇÃO DE SERVIÇOS GRÁFICOS E SERIGRÁFICOS, OBJETIVANDO SUBSIDIAR A EXECUÇÃO DE CAMPANHAS DE EDUCAÇÃO AMBIENTAL NOS MUNICÍPIOS CEARENSES E NAS UNIDADES DE CONSERVAÇÃO ESTADUAIS - TARGET.",TARGET BONES E SERIGRAFIA LTDA - ME,57000000,10541000.0,730,-0.639653,61,BAIXO,2025-07-01,2026-04-05 18:00:43.371636
2113,1374523,"AQUISIÇÃO COM INSTALAÇÃO, SUPERVISÃO, MANUTENÇÃO E TREINAMENTO DE EQUIPAMENTOS DE ULTRASSOM PARA REMOÇÃO E PREVENÇÃO DA INCRUSTAÇÃO DE PARAFINA EM TUBULAÇÕES DESENVOLVIDO POR EMPRESA ESPECIALIZADA","2IOT DESENVOLVIMENTO, TECNOLOGIA, IMPORTACAO E EXPORTACAO LTDA",31200006,10635000.0,730,-0.639653,61,BAIXO,2025-05-30,2026-04-05 18:00:43.371636
619,1409995,"AQUISIÇÃO DE  IMUNOGLOBULINA HUMANA, 5G, SOLUCAO INJETAVEL, FRASCO/AMPOLA 100 ML PARA ATENDER DEMANDAS JUDICIAIS",T S COMERCIAL DE MEDICAMENTOS E REPRESENTACAO LTDA,24200004,7123862.0,29,-0.639579,61,BAIXO,2025-12-02,2026-04-05 18:00:43.371636
1590,1413683,"A presente Ata tem por objeto o Registro de Preço para futuras e eventuais aquisições de Material de Consumo - Limpeza - (Vassouras), cujas especificações e quantitativos encontram-se 
detalhados no Anexo I ¿ Termo de Referência do edital de PREGÃO ELETRÔNICO Nº 20250008/SEPLAG.",GMS JAMPA DISTRIBUIDORA LTDA,31200003,1560.0,504,-0.639578,61,BAIXO,2025-08-14,2026-04-05 18:00:43.371636
791,1408512,"AQUISIÇÃO DE FRASCO PARA DIETA ENTERAL, 300ML, POLIETILENO, GARGALHO ADEQUADO, TRANSPARENTE, MATERIAL ATOXICO, GRADUACAO A CADA 10 - 50ML, TAMPA ENROSCADA, ALCA DE SUSTENTACAO PARA ATENDER DEMANDAS JUDICIAIS.",NOVA BIO - INDUSTRIA E COMERCIO EIRELI,24200004,9082806.0,37,-0.639418,61,BAIXO,2025-11-24,2026-04-05 18:00:43.371636
171,1416821,"prestação de serviços de Leiloeiro Oficial (FERNANDO MONTENEGRO CASTELO), regularmente matriculado na Junta Comercial do Estado do Ceará, para a realização e condução de leilão, na modalidade presencial e virtual, dos veículos apreendidos pelo DETRAN/CE e BPRE/CE, bem como daqueles recebidos por meio de convênios firmados com a Administração Pública Federal, Estadual e Municipal e com o Poder Judiciário, conforme
Inexigibilidade nº 002/2026.",FERNANDO MONTENEGRO CASTELO,08200003,10.0,365,-0.639327,61,BAIXO,2026-02-27,2026-04-05 18:00:43.371636
45,1421262,Aquisição de gênero alimentício (ALIMENTAÇÃO ESCOLAR) destinado a atender os alunos da Escola Indígena da Aldeia Cajueiro de Poranga - PORANGA - CREDE 13,48.293.154 FRANCISCO DANIEL DE ARAUJO,22000000,49.0,365,-0.639327,61,BAIXO,2026-03-18,2026-04-05 18:00:43.371636
1521,1388921,"O objeto do presente instrumento é a prestação dos serviços de Leiloeiro Oficial, regularmente matriculado na Junta Comercial do Estado do Ceará, para realização e condução de Leilão, na modalidade Presencial e Virtual, dos veículos apreendidos pelo DETRAN/CE e BPRE/CE, ou recebidos via convênios firmados com a Administração Pública Federal, Estadual e Municipal e Poder Judiciário, nas condições estabelecidas neste contrato e no Termo de Referência do edital e no requerimento do CONTRATADO.",CELSO ALVES CUNHA,08200003,10.0,365,-0.639327,61,BAIXO,2025-08-28,2026-04-05 18:00:43.371636
956,1405759,"AQUISIÇÃO DE DRENO, DE PENROSE, Nº 3, EMBALAGEM 1.0 UNIDADE. MARCA: WALTEX E  DRENO, DE PENROSE, Nº 4, EMBALAGEM 1.0 UNIDADE. MARCA: WALTEX PARA ATENDER AS NECESSIDADES DO IPC CE.",HOSPMAIA COMERCIO DE MATERIAL HOSPITALAR LTDA,24200364,398.0,54,-0.639297,61,BAIXO,2025-11-07,2026-04-05 18:00:43.371636
163,1416780,"AQUISIÇÃO DE DUPILUMABE, 300MG, 150MG/ML, SOLUCAO INJETAVEL, SERINGA PREENCHIDA 2ML PARA ATENDER DEMANDAS JUDICIAIS.",SANOFI MEDLEY FARMACEUTICA LTDA,24200004,56966544.0,307,-0.639281,61,BAIXO,2026-02-27,2026-04-05 18:00:43.371636
1271,1395502,"AQUISIÇÃO DE MATERIAL FARMACOLÓGICO PARA O HOSPITAL GERAL DE FORTALEZA (CEFTAZIDIMA, + AVIBACTRAM, 2.000 MG + 500MG, PO PARA SOLUCAO PARA INFUSAO, UNIDADE 1.0 FRASCO / AMPOLA)",PFIZER BRASIL LTDA,24200184,21009825.0,90,-0.63928,61,BAIXO,2025-10-02,2026-04-05 18:00:43.371636
1037,1404060,GÊNEROS DE ALIMENTAÇÃO - EEMTI LOURENÇO FILHO - CRATEUS - CREDE 13,L F S COMERCIO E IMPORTACAO DE ALIMENTOS LTDA,22000000,2912319.0,12,-0.639259,61,BAIXO,2025-10-30,2026-04-05 18:00:43.371636
2056,1376070,"O objeto do presente instrumento consiste na contratação por sistema de o registro de preços para a escolha da proposta mais vantajosa visando a contratação de empresa para a
locação de espaços multiuso de rápida instalação (EMRI), por demanda, de interesse da contratante.",LOCABOX LOCAÇÃO DE MAQUINAS E EQUIPAMENTOS EIRELI ME,47000000,89802000.0,365,-0.639232,61,BAIXO,2025-06-10,2026-04-05 18:00:43.371636
1284,1395164,REGISTRO DE PREÇOS DE SERVIÇOS TÉCNICOS ESPECIALIZADOS DE TIC BASEADOS NO MODELO ITIL,LANLINK SERVIÇOS DE INFORMÁTICA S.A.,30200003,89999760.0,365,-0.639232,61,BAIXO,2025-10-01,2026-04-05 18:00:43.371636
2044,1375828,"Realização de cirurgias eletivas de endometriose, conforme as condições estabelecidas no edital e em conformidade com as diretrizes do Sistema Único de Saúde (SUS), tendo em vista a necessidade identificada pela Central de Regulação do Estado do Ceará",ASSOC I A S P M I HOSP MAT AGENOR ARAUJO,24200004,90032946.0,365,-0.639232,61,BAIXO,2025-06-11,2026-04-05 18:00:43.371636
1926,1379124,"Realização de cirurgias eletivas de endometriose, conforme as condições estabelecidas no edital e em conformidade com as diretrizes do Sistema Único de Saúde (SUS), tendo em vista a necessidade identificada pela Central de Regulação do Estado do Ceará.",HOSPITAL MATERNIDADE SAO VICENTE DE PAULO,24200004,90032946.0,365,-0.639232,61,BAIXO,2025-06-26,2026-04-05 18:00:43.371636
2067,1374893,"Realização de cirurgias eletivas de endometriose, conforme as condições estabelecidas no edital e em conformidade com as diretrizes do Sistema Único de Saúde (SUS), tendo em vista a necessidade identificada pela Central de Regulação do Estado do Ceará","IESA - INSTITUTO DE EDUCACAO, SAUDE E ASSISTENCIA SOCIAL DO ESTADO DO CEARA",24200004,90032946.0,365,-0.639232,61,BAIXO,2025-06-06,2026-04-05 18:00:43.371636
1237,1397416,"Contratação de serviços em horas/ano, na categoria de Médico Especialista (Grupo I), para atender as necessidades das unidades de saúde da Rede SESA.",HJM GESTAO E SERVICOS LTDA,24200214,88860564.0,365,-0.639232,61,BAIXO,2025-10-08,2026-04-05 18:00:43.371636
154,1416769,"Trata o presente processo de contratação, referente aos serviços de Instalações - elétrica - Hidrossanitária - Hidráulica do Antigo Choque, localizada na Rua Antônio Pompeu, nº 260, bairro Centro, cidade Fortaleza. MAPP 182",KG CONSTRUÇÕES LTDA - EPP,10100003,88567088.0,365,-0.639232,61,BAIXO,2026-03-03,2026-04-05 18:00:43.371636
1878,1379839,"1.1. O objeto da licitação é a contratação de empresa para prestação de serviços contínuos a serem executados com dedicação exclusiva de mão de obra terceirizada, regidos pela Consolidação da Leis Trabalhistas (CLT) para as categorias, condições e quantidades estabelecidas neste termo, edital e seus anexos.
1.2. Este objeto será realizado através de dispensa de licitação, na forma ELETRÔNICA, do tipo MENOR PREÇO, sob regime de execução indireta EMPREITADA POR PREÇO GLOBAL.",NEW LEAF CONCEITO E SERVIÇOS TERCEIRIZADOS LTDA,43000000,88210967.0,365,-0.639232,61,BAIXO,2025-07-07,2026-04-05 18:00:43.371636
813,1408200,"AQUISIÇÃO DE MEDICAMENTO: VALSARTANA, SACUBITRIL, 100MG, COMPRIMIDO REVESTIDO  -  VALSARTANA, SACUBITRIL, 200MG, COMPRIMIDO REVESTIDO - PARA ATENDER O COMPONENTE ESPECIALIZADO DA ASSISTÊNCIA FARMACÊUTICA - CEAF",ONCOEXO DISTRIBUIDORA DE MEDICAMENTOS LTDA,24200004,9889320.0,40,-0.639225,60,BAIXO,2025-11-21,2026-04-05 18:00:43.371636
1362,1393023,Trata da Aquisição das soluções de firewall e antivírus para esta Controladoria e Ouvidoria Geral do Estado,NTSEC SOLUCOES EM TELEINFORMATICA LTDA,41000000,4335146.0,1096,-0.639203,60,BAIXO,2025-09-19,2026-04-05 18:00:43.371636
1918,1378607,MATERIAL PARA MANUTENÇÃO DE BENS IMÓVEIS/INSTALAÇÕES - ESCOLA INDÍGENA TAPEBA DO TRILHO - CAUCAIA - CREDE 1,FRANCISCO MATEUS DA ROCHA DO NASCIMENTO 27634641812,22000000,400.0,187,-0.639076,60,BAIXO,2025-06-27,2026-04-05 18:00:43.371636
148,1417195,AQUISIÇÃO DE MATERIAL DE CONSUMO PARA ATENDER AS NECESSIDADES DA COADS/BREJO SANTO,7SET COMERCIO E SERVICOS LTDA,24200004,150.0,303,-0.638955,60,BAIXO,2026-03-03,2026-04-05 18:00:43.371636
1843,1380175,AQUISIÇÃO DE FIBRA SINTETICA PARA LIMPEZA PESADA PARA O CMCB,"COMERCIAL RIOS PRODUTOS DE LIMPEZA, DESCARTAVEIS E PAPELARIA LTDA",10200011,435.0,173,-0.638953,60,BAIXO,2025-07-11,2026-04-05 18:00:43.371636
1838,1380539,"AQUISIÇÃO DE ATENOLOL, 50MG, COMPRIMIDO, UNIDADE 1.0 COMPRIMIDO.",HUB HEALTH DISTRIBUIDORA DE PRODUTOS HOSPITALARES LTDA,24200234,456.0,170,-0.638801,60,BAIXO,2025-07-14,2026-04-05 18:00:43.371636
124,1417962,CONTRATAÇÃO DE MANUTENÇÃO PREDIAL ATRAVÉS DA ORDEM DE COMPRA Nº 09262/2026 E ATA DE REGISTRO DE PREÇO Nº 2024/34024,KG CONSTRUÇÕES LTDA - EPP,10100002,83701613.0,365,-0.6388,60,BAIXO,2026-03-05,2026-04-05 18:00:43.371636
1449,1389252,"Serviços de gestão de manutenção veicular, por meio de empresa especializada com rede credenciada de oficinas multimarcas e centros automotivos, abrangendo o gerenciamento e execução de manutenção preventiva e corretiva da frota de veículos, incluindo serviços de borracharia e guincho 24 horas, sob responsabilidade da Polícia Militar do Ceará.",PRIME CONSULTORIA E ASSESSORIA EMPRESARIAL LTDA,10100003,83820000.0,365,-0.6388,60,BAIXO,2025-09-05,2026-04-05 18:00:43.371636
117,1418135,"LANREOTIDA (ACETATO), 120MG, SOLUCAO INJETAVEL DE LIBERACAO PROLONGADA, SERINGA PREENCHIDA COM 0,5ML. PARA ATENDER A UNIDADES DE SAÚDE DO ESTADO DO CEARÁ/SESA",UNI HOSPITALAR LTDA,24200004,55069231.0,300,-0.638695,60,BAIXO,2026-03-06,2026-04-05 18:00:43.371636
2278,1369503,"Serviço de Manutenção predial da Unidade Prisional Desembargador Francisco Adalberto Barros Leal (UP Caucaia), localizada na rua BR 020, Km 03, Estrada do Carrapicho, S/N, Caucaia/CE.",KG CONSTRUÇÕES LTDA - EPP,43200007,43927672.0,475,-0.638682,60,BAIXO,2025-05-07,2026-04-05 18:00:43.371636
2433,1366475,"Contratação de empresa para realização de curso de formação para gestores e profissionais da Rede de Proteção Social e Segurança Pública, para atender as necessidades da
Casa Civil, no âmbito do Programa Integrado de Prevenção e Redução da Violência do Estado do Ceará - PReVio.",MAESTRIA COMUNICAÇÃO E EVENTOS LTDA - EPP,30000000,5800000.0,913,-0.638628,60,BAIXO,2025-04-14,2026-04-05 18:00:43.371636
1800,1380673,RECURSO DESTINADO A AQUISIÇÃO DE MEDICAMENTO CONFORME ATA Nº 2025/04220 PARA HSJ,T S COMERCIAL DE MEDICAMENTOS E REPRESENTACAO LTDA,24200224,501.0,167,-0.638585,60,BAIXO,2025-07-17,2026-04-05 18:00:43.371636
388,1413313,"Aquisição de 09 (nove) licenças de Solução de Next Generation Firewall para Nuvem Pública ou Nuvem Privada, bem como 05 (cinco) pacotes de Solução de Proteção para Aplicações Web em Nuvem (WAF), com recursos de defesa de API e automações (bots), conforme especificações constantes no Termo de Referência, através de dispensa de licitação, devido ao Chamada de Oportunidade Nº 01/2023, aderente ao Edital de Préqualificação de Serviços em Nuvem Nº 001/2019 - ETICE/GOVERNO DO ESTADO DO CEARÁ, conforme especificações constantes deste Termo de Referência e na proposta da CONTRATADA.",EMPRESA DE TECNOLOGIA DA INFORMACAO DO CEARA ETICE,30000000,85917456.0,365,-0.638583,60,BAIXO,2026-01-13,2026-04-05 18:00:43.371636
1823,1382105,"Trata-se de prestação de serviços especializados na área da saúde relacionado a cirurgias eletivas na especialidade de oftalmologia ofertados pela iniciativa privada, direcionado aos usuários do Sistema Único de Saúde - SUS e regulados pela Central de Regulação do Estado do Ceará.",VISAO CONNECT LP LTDA,24200004,85003135.0,365,-0.638583,60,BAIXO,2025-07-15,2026-04-05 18:00:43.371636
103,1419664,"Prestação dos serviços comuns de Engenharia para Manutenção Preventiva e Corretiva das instalações Físicas Prediais e Equipamentos Públicos, na sede da
Secretaria da Educação do Estado do Ceará - SEDUC. CT 63/2026.",KG CONSTRUÇÕES LTDA - EPP,22000000,87098453.0,365,-0.638583,60,BAIXO,2026-03-10,2026-04-05 18:00:43.371636
301,1413394,"Contratação de empresa especializada em serviços de cirurgias e ambulatórios de   Via Aérea Pediátrica  , procedimentos/ano em pacientes do Hospital Infantil Albert Sabin-HIAS/SESA, pelo período de 12 (doze) meses.",COOPERATIVA DE OTORRINOLARINGOLOGIA DO  ESTADO DO CEARA,24200204,85377972.0,365,-0.638583,60,BAIXO,2026-02-04,2026-04-05 18:00:43.371636
2416,1367145,"Celebração de novo contrato junto a Companhia Energética do Ceará  ENEL que tem como objeto o serviço de energia elétrica para atender a Unidade Prisional de Segurança Máxima e Unidade Prisional de Ensino, Capacitação e Trabalho de Horizonte.",COMPANHIA ENERGETICA DO CEARA - ENEL,18000000,86387011.0,365,-0.638583,60,BAIXO,2025-04-16,2026-04-05 18:00:43.371636
596,1410057,"Contratação através da modalidade Inexigibilidade de licitação, empresa especializada em serviços de abastecimento de água e coleta e tratamento de esgotos sanitários para o Corpo de Bombeiros Militar do Ceará - CBMCE.",COMPANHIA DE AGUA E ESGOTO DO CEARA CAGECE,10100004,87885315.0,365,-0.638583,60,BAIXO,2025-12-03,2026-04-05 18:00:43.371636
2392,1367379,"Conclusão da Construção do Núcleo de Ação Pela Paz (NAPAZ), uma no Bairro Curió e uma no Bairro Granja Lisboa, ambas localizadas no município de Fortaleza - CE.",K & R CONSTRUCOES E SERVICOS LTDA,43200007,85567818.0,365,-0.638583,60,BAIXO,2025-04-23,2026-04-05 18:00:43.371636
741,1408997,"AQUISIÇÃO DE TENECTEPLASE, 50MG, PO LIOFILIZADO PARA SOLUCAO INJETAVEL, FRASCO/AMPOLA + DILUENTE 10ML, UNIDADE 1.0 FRASCO / AMPOLA. MARCA: METALYSE 50 MG / BOEHRINGER.",ONCO PROD DISTRIBUIDORA DE PRODUTOS HOSPITALARES E ONCOLOGICOS LTDA.,24200004,8277700.0,35,-0.638548,60,BAIXO,2025-11-26,2026-04-05 18:00:43.371636
2211,1370873,RECURSO DESTINADO A AQUISIÇÃO DE MEDICAMENTO CONFORME ATA Nº 2024/18804 PARA HSJ,INOVAMED HOSPITALAR LTDA,24200224,372.0,230,-0.638304,60,BAIXO,2025-05-15,2026-04-05 18:00:43.371636
1382,1392179,"TEM POR OBJETO AQUISIÇÃO ÁLCOOL, 70%, ETÍLICO HIDRATADO, ANTISSÉPTICO, USO DOMESTICO EM GERAL, EMBALAGEM COM IDENTIFICACAO DO PRODUTO, MARCA DO FABRICANTE,
REGISTRO OU NOTIFICAÇÃO NA ANVISA, EMBALAGEM 1.0 LITRO E ÁGUA SANITÁRIA, A BASE DE CLORO, HIPOCLORITO SODIO, HIDROXIDO SODIO, CLORETO,
TEOR CLORO ATIVO VARIANDO 1 A
1,5%, EMBALAGEM DEVERA
CONTER EXTERNAMENTE DADOS
IDENTIFICACAO, PROCEDENCIA,
NUMERO LOTE, VALIDADE,
NÚMERO REGISTRO NO
MINISTÉRIO SAÚDE, EMBALAGEM
1.0 LITRO",60.992.744 LUIZA DANNY UCHOA,42000000,477.0,105,-0.638246,60,BAIXO,2025-09-17,2026-04-05 18:00:43.371636
1544,1387229,"LEVOMEPROMAZINA, MALEATO COMPRIMIDO REVESTIDO, 100MG, UNIDADE 1.0 COMPRIMIDO. MARCA: LEVOZINE/CRISTÁLIA, Solicitação de compra de medicamento para atender a Programação Pactuada Integrada (PPI)",EMMARKA DISTRIBUIDORADE MEDICAMENTOS LTDA,24200004,27807468.0,128,-0.63796,60,BAIXO,2025-08-25,2026-04-05 18:00:43.371636
1610,1399618,Aquisição de material médico hospitalar por meio da ATA N° 2025/12613 para atender as necessidades do HCASG.,CIRURGICA FERNANDES - COMÉRCIO DE MATERIAIS CIRÚRGICOS E HOSPITALARES LTDA,24200214,400.0,140,-0.637811,60,BAIXO,2025-08-13,2026-04-05 18:00:43.371636
1928,1378070,"AQUISIÇÃO DE MEDICAMENTO: PREDNISONA, 20MG, COMPRIMIDO. PARA ATENDER A PROGRAMAÇÃO PACTUADA INTEGRADA - PPI",HOSPDROGAS COMERCIAL LTDA,24200004,39403875.0,188,-0.637775,60,BAIXO,2025-06-26,2026-04-05 18:00:43.371636
504,1411088,"AQUISIÇÃO DE ALTEPLASE, 50MG, PO LIOFILIZADO PARA SOLUCAO INJETAVEL, FRASCO/AMPOLA + DILUENTE 50ML PARA ATENDER À DEMANDA DAS UNIDADES HOSPITALARES E AMBULATORIAIS DA SESA",UNI HOSPITALAR CEARA LTDA-EPP,24200004,5075940.0,23,-0.637745,59,BAIXO,2025-12-08,2026-04-05 18:00:43.371636
287,1413765,"AQUISICAO DE CARTOLINA, 180 G, DIMENSOES 50X66 CM, CORES VARIADAS, AVULSO 1.0 FOLHA. MARCA: TRUST PARA ATENDER ÀS NECESSIDADES DO IPC",GMS JAMPA DISTRIBUIDORA LTDA,24200364,336.0,328,-0.637741,59,BAIXO,2026-02-06,2026-04-05 18:00:43.371636
686,1409746,"Prestação de serviços, por Centros de Formação de Condutores (CFC), referentes à realização de Cursos de Formação Teórico-Técnico e Prática de Direção Veicular, visando a formação e capacitação de candidatos à obtenção da primeira habilitação no âmbito do programa CNH Popular.",CENTRO DE FORMAÇÃO DE CONDUTORES B ALDEOTA LTDA -- ME,08200003,7889836.0,33,-0.637677,59,BAIXO,2025-11-28,2026-04-05 18:00:43.371636
1126,1402168,AQUISIÇÃO DE LIMPEZA E CONSERVAÇÃO (CISTERNA) PARA ATENDER A EEEP JOAQUIM ANTÔNIO ALBANO - SEFOR 2,MIDAS PRESTACAO DE SERVICOS GERAIS LTDA,22000000,9940.0,994,-0.637611,59,BAIXO,2025-10-21,2026-04-05 18:00:43.371636
650,1409613,"Aquisição de componentes (peças e módulos), com a empresa GE HEALTHCARE DO BRASIL COMÉRCIO E SERVIÇOS PARA EQUIPAMENTOS MÉDICOS-HOSPITALARES LTDA, necessários ao reparo do Arco Cirúrgico OEC Brivo Essencial 785 Mono/Color, marca GE Healthcare, pertencente ao Hospital Infantil Albert Sabin/HIAS, pelo período de 12 (doze ) meses.",GE HEALTHCARE DO BRASIL COMÉRCIO E SERVIÇOS PARA EQUIPAMENTOS MEDICO-HOSPITALARES LTDA,24200204,6996797.0,30,-0.637604,59,BAIXO,2025-12-01,2026-04-05 18:00:43.371636
1244,1395563,"DISPENSA DE LICITAÇÃO PARA OS SERVIÇOS DE ATIVIDADES POSTAIS E TELEMÁTICOS, CONVENCIONAIS, PARA COLETA, TRANSPORTE E ENTREGA DE MATERIAIS OU DOCUMENTOS NO ÂMBITO NACIONAL E INTERNACIONAL - SERVICOS DE CORREIO, POR UM PRAZO DE 05 (CINCO) ANOS, PARA ATENDER ÀS NECESSIDADES DO HOSPITAL GERAL DE FORTALEZA (HGF), VINCULADO À SECRETARIA DA SAÚDE DO ESTADO DO CEARÁ (SESA).",EMPRESA BRAS DE CORREIOS E TELEGRAFOS ,24200184,55250.0,1826,-0.637498,59,BAIXO,2025-10-08,2026-04-05 18:00:43.371636
1935,1377896,"ATA de registro de preços Nº 2025/09653, Pregão eletrônico  20241560, que tem como objeto aquisição MATERIAL FARMACOLÓGICO",HUB HEALTH DISTRIBUIDORA DE PRODUTOS HOSPITALARES LTDA,24200204,450.0,189,-0.637463,59,BAIXO,2025-06-25,2026-04-05 18:00:43.371636
212,1415679,"AQUISIÇÃO DO MEDICAMENTO IMPORTADO CISTEAMINA (CLORIDRATO), 3,8 MG/ML (0,37%), SOLUÇÃO OFTÁLMICA, FRASCO (CYSTADROPS) PARA ATENDER DEMANDAS JUDICIAIS.",MULTICARE PHARMACEUTICALS LTDA ,24200004,56046952.0,311,-0.637442,59,BAIXO,2026-02-23,2026-04-05 18:00:43.371636
1190,1398982,"Contratualização da ATA nº 2025/00195, por 06 (seis) meses, no valor de R$ 3.660.000,00 para atender as necessidades do HCASG.",BIOMEDICAL PROD CIENTIF MED HOSP LTDA,24200214,36600000.0,182,-0.637249,59,BAIXO,2025-10-14,2026-04-05 18:00:43.371636
2102,1379048,"CT 066/2025 - IL 004/2025 - CODEP - Constitui objeto deste Instrumento, a contratação de cooperativa para captação, pasteurização, envasamento, transporte e entrega de leite bovino pasteurizado integral e/ou leite caprino padronizado para o PROGRAMA DE AQUISIÇÃO DE ALIMENTOS, referentes ao(s) Lote(s) LOTES BOVINOS: 07 (2.576 litros), 13 (1.160 litros),17 (1.458 litros), 18 (1.321 litros), 29 (2.107 litros), 30 (1.080 litros) e 31 (3.980 litros). com um volume total de Leite BOVINO - 711.464, Litros.",COOPERATIVA AGROINDUSTRIAL DO ESTADO DO CEARA-COOPAECE,21000000,30592952.0,149,-0.637194,59,BAIXO,2025-06-02,2026-04-05 18:00:43.371636
1621,1384661,"AQUISIÇÃO DE RUXOLITINIBE, FOSFATO, 20MG, COMPRIMIDO PARA ATENDER DEMANDAS JUDICIAIS.",ONCOEXO DISTRIBUIDORA DE MEDICAMENTOS LTDA,24200004,33389100.0,163,-0.637181,59,BAIXO,2025-08-12,2026-04-05 18:00:43.371636
2343,1368414,"Serviço médico hospitalar de sessões de tratamento quimioterápico com o medicamento Trastuzumab Deruxtecan (ENHERTU.): 5,4 mg/kg (219,24mg) EV a cada 21 dias, bem como a sua aplicação, enquanto o medicamento for necessário para o tratamento dadoença.
 Decisão recursal proferida nos autos do Agravo de Instrumento nº 3000541-66.2025.8.06.0000, em trâmite na 1ª Câmara de Direito Público (Processo de origem nº 3004497-87.2025.8.06.0001 - 9ª Vara da Fazenda Pública da Comarca de Fortaleza), movido por Maria Eugenia Pinheiro Nobre.",SUPORTE NUTRICIONAL E QUIMIOTARAPIA LTDA,46200008,82160109.0,365,-0.637028,59,BAIXO,2025-04-29,2026-04-05 18:00:43.371636
330,1412871,"TENECTEPLASE, 40MG, PO LIOFILIZADO PARA SOLUCAO INJETAVEL, FRASCO/AMPOLA + DILUENTE 8ML. PARA ATENDER A UNIDADES DE SAÚDE DO ESTADO DO CEARÁ/SESA",ONCO PROD DISTRIBUIDORA DE PRODUTOS HOSPITALARES E ONCOLOGICOS LTDA.,24200004,62959884.0,337,-0.636845,59,BAIXO,2026-01-28,2026-04-05 18:00:43.371636
1893,1379344,"AGUA, PARA INJETAVEL ENDOVENOSA, SISTEMA FECHADO, FLEXIVEL, INERTE QUIMICAMENTE POLIETILENO, ISENTO DE PVC, FRASCO BOLSA 500ML, CLORETO DE SODIO SOLUCAO
FISIOLOGICA, 0,9% 9MG/ML, SOLUCAO INJETAVEL, FRASCO/BOLSA 1000ML, CLORETO DE SODIO SOLUCAO FISIOLOGICA, 0,9% 9MG/ML, SOLUCAO INJETAVEL, FRASCO/BOLSA 250ML, CLORETO DE SODIO SOLUCAO FISIOLOGICA, FRASCO BOLSA 500ML, SISTEMA FECHADO, FLEXIVEL, INERTE QUIMICAMENTE POLIETILENO, ISENTO DE PVC, 0,9% 9MG/ML, CLORETO DE SODIO + GLICOSE SOLUCAO, 0,9%( 9MG/ML) + 5% (50G/ML) SOLUCAO GLICOFISIOLOGICA 1:1, SOLUCAO INJETAVEL, FRASCO/BOLSA 500ML,SOLUCAO DE GLICOSE, 5% 50 MG/ML, SOLUCAO INJETAVEL, FRASCO OU BOLSA 500ML,SOLUCAO DE GLICOSE, 5% 50 MG/ML, SOLUCAO INJETAVEL, FRASCO / BOLSA 250ML,SOLUCAO DE MANITOL, 20% 200 MG/ML, SOLUCAO INJETAVEL, FRASCO OU BOLSA 250ML.",FRESENIUS KABI BRASIL LTDA,24200004,36915296.0,181,-0.636818,59,BAIXO,2025-07-03,2026-04-05 18:00:43.371636
458,1411853,"Contratação, junto à Companhia de Gestão dos Recursos Hídricos do Estado do Ceará - COGERH, cujo objeto é o uso de água bruta de poço artesiano localizado nas dependências do Núcleo da PEFOCE na cidade de Juazeiro do Norte.",COGERH CIA DE GESTAO DOS RECURSOS HID CE,10100007,57300.0,1826,-0.636676,59,BAIXO,2025-12-15,2026-04-05 18:00:43.371636
2310,1368663,"O objeto do presente instrumento é a contratação emergencial de empresa para a prestação de serviços contínuos a serem executados com dedicação exclusiva de mão de obra terceirizada, regidos pela Consolidação das Leis Trabalhistas (CLT) para as categorias, Administrativas e Processamento de Dados, condições e quantitativos estabelecidas no edital e seus anexos.",NEW LEAF CONCEITO E SERVIÇOS TERCEIRIZADOS LTDA,18000000,81647832.0,365,-0.636598,59,BAIXO,2025-05-02,2026-04-05 18:00:43.371636
2132,1373512,"AQUISIÇÃO DE MIDOSTAURINA, CAPSULA MOLE, 25MG E PEGVISOMANTO, 10MG, PO LIOFILIZADO PARA SOLUCAO INJETAVEL, FRSCO/AMPOLA + DILUENTE PARA ATENDER DEMANDAS JUDICIAIS.",ONCOEXO DISTRIBUIDORA DE MEDICAMENTOS LTDA,24200004,46981868.0,216,-0.636577,59,BAIXO,2025-05-29,2026-04-05 18:00:43.371636
1973,1377388,"AQUISIÇÃO DE MATERIAL DE LIMPEZA PARA ESTE CEO-CENTRO, CONFORME ORDEM DE COMPRAS Nº 49184/2025 E ATA Nº 2025/06402",GMS JAMPA DISTRIBUIDORA LTDA,24200334,420.0,191,-0.636551,59,BAIXO,2025-06-23,2026-04-05 18:00:43.371636
1346,1395635,"ATENOLOL, COMPRIMIDO SIMPLES OU REVESTDO, 25MG, UNIDADE 1.0 COMPRIMIDO. MARCA: SANDOZ",T S COMERCIAL DE MEDICAMENTOS E REPRESENTACAO LTDA,24200234,480.0,100,-0.636547,59,BAIXO,2025-09-22,2026-04-05 18:00:43.371636
82,1419298,"FIBRINOGENIO HUMANO, FRASCO AMPOLA, 1G. PARA ATENDER A UNIDADES DE SAÚDE DO ESTADO DO CEARÁ/SESA",F7 MEDICAL PRODUTOS HOSPITALARES LTDA,24200004,50009001.0,294,-0.636424,59,BAIXO,2026-03-12,2026-04-05 18:00:43.371636
1027,1405306,"CONCLUSÃO DA CONSTRUÇÃO DA EEM ADALGISA BONFIM SOARES, EM FORTALEZA - CE. CT 395/2025.",JL CONSTRUÇÕES PROJETOS E CONSULTORIA LTDA - EPP,22000000,51331847.0,273,-0.636406,59,BAIXO,2025-10-31,2026-04-05 18:00:43.371636
416,1411960,"AQUISIÇÃO DE MATERIAL TÉCNICO HOSPITALAR PARA O HOSPITAL GERAL DE FORTALEZA ( STENT, AUTOEXPANSIVEL CORTADO A LASER, DIAMETRO DE 3 A 6MM, CONSTITUIDO DE NITINOL, PARA RETIRADA MECANICA DE TROMBOS INTRACRANIANOS, COMPRIMENTOS VARIADOS, EMBALAGEM 1.0 UNIDADE)",AUTO SUTURE DO BRASIL LTDA.,24200184,2400000.0,8,-0.636284,59,BAIXO,2025-12-23,2026-04-05 18:00:43.371636
2074,1375760,AQUISIÇÃO DE MATERIAL DE LIMPEZA - PÁ - EEMTI DRAGÃO DO MAR - SEFOR 2,GMS JAMPA DISTRIBUIDORA LTDA,22000000,419.0,209,-0.636209,59,BAIXO,2025-06-05,2026-04-05 18:00:43.371636
1960,1377575,"RECURSO DESTINADO AQUISIÇÃO DE MEDICAMENTOS, REFERENTE ATA DE RP 2025/10118 PARA O HSJ",CIMED INDUSTRIA S.A.,24200224,425.0,190,-0.636055,59,BAIXO,2025-06-24,2026-04-05 18:00:43.371636
1353,1393415,Serviços de manutenção predial no prédio da Divisão de Material e Patrimônio - DIMAP da UECE (2ª etapa).,SALINAS EMPREENDIMENTOS E CONSTRUCOES LTDA ,43200007,46677983.0,242,-0.635911,59,BAIXO,2025-09-22,2026-04-05 18:00:43.371636
2173,1372380,AQUISIÇÃO DE GÊNEROS ALIMENTÍCIOS (DISPENSA )  PARA MERENDA DOS ALUNOS DA EEM FRANCISCO ARAÚJO BARROS (CREDE 3 - ACARAÚ) ITAREMA,COMERCIAL ELLEN LTDA - ME,22000000,298.0,365,-0.635831,58,BAIXO,2025-05-22,2026-04-05 18:00:43.371636
2409,1368253,Aquisição serviços técnicos profissionais (CREDE 1 - MARACANAÚ),META SERVICOS ASSESSORIA E COMERCIO LTDA,22000000,300.0,365,-0.635831,58,BAIXO,2025-04-22,2026-04-05 18:00:43.371636
784,1409924,"Prestação de serviços, por Centros de Formação de Condutores (CFC), referentes à realização de Cursos de Formação Teórico-Técnico e Prática de Direção Veicular, visando a formação e capacitação de candidatos à obtenção da primeira habilitação no âmbito do programa CNH Popular.",CENTRO DEFORMAÇÃO DE CONDUTORES CAÇULA LTDA,08200003,8045697.0,36,-0.63581,58,BAIXO,2025-11-25,2026-04-05 18:00:43.371636
2014,1378429,CONSTRUÇÃO DE UMA QUADRA NA EEM EDITE ALCÂNTARA NO MUNICÍPIO DE GENERAL SAMPAIO - CE.,LSD CONSTRUCOES E SERVICOS EIRELI,22000000,58602792.0,333,-0.635777,58,BAIXO,2025-06-16,2026-04-05 18:00:43.371636
1039,1403469,"AQUISIÇÃO DE MEDICAMENTO: SULFATO FERROSO, 40MG DE FERRO ELEMENTAR, COMPRIMIDO REVESTIDO. PARA ATENDER A PROGRAMAÇÃO PACTUADA INTEGRADA - PPI",T S COMERCIAL DE MEDICAMENTOS E REPRESENTACAO LTDA,24200004,13892628.0,62,-0.635738,58,BAIXO,2025-10-30,2026-04-05 18:00:43.371636
1655,1382820,"Aquisição 29 viaturas Tipo SEDAN, bicombustível para atender a demanda da SSPDS, por meio de adesão a ARP Externa nº 01/2024, oriunda do Pregão Eletrônico nº 90006/2024, da Polícia Civil do Estado de São Paulo.",GENERAL MOTORS DO BRASIL LTDA ,10200006,34452000.0,179,-0.635627,58,BAIXO,2025-08-07,2026-04-05 18:00:43.371636
173,1416513,"SERVIÇO DE MANIPULAÇÃO REFERENTE AO MATERIAL FARMACOLÓGICO, (CARVAO ATIVADO, VEGETAL, PO, POTE 20 ENVELOPES, 5G CADA, MANIPULADO) PARA O HOSPITAL GERAL DE FORTALEZA-HGF/SESA - .",SAUDE FARMA LTDA,24200184,210.0,308,-0.635621,58,BAIXO,2026-02-26,2026-04-05 18:00:43.371636
1618,1386526,"SACO PARA LIXO, PLASTICO, CLASSE I, RESINA TERMOPLASTICA VIRGEM OU RECICLADA, COR PRETA, CAPACIDADE 100 LITROS, 20 KG, NBR 9191, EMBALAGEM COM IDENTIFICACAO DO PRODUTO E MARCA DO FABRICANTE, PACOTE 100.0 UNIDADES. MARCA: LIMP BAG/INPLAR N",EB DISTRIBUIDORA LTDA,29000000,482.0,141,-0.635472,58,BAIXO,2025-08-12,2026-04-05 18:00:43.371636
1458,1389821,MATERIAL DE COPA E COZINHA - EEMTI ALMIR PINTO - OCARA - CREDE 8,FRANCISCO MATEUS DA ROCHA DO NASCIMENTO 27634641812,22000000,507.0,118,-0.635467,58,BAIXO,2025-09-04,2026-04-05 18:00:43.371636
1372,1394315,"Justifica-se a contratação tendo em vista que os Correios detêm o monopólio dos serviços postais no Brasil, sendo a única empresa com a estrutura e abrangência necessárias para atender a todas as localidades do país e prestar o serviço de forma eficiente",EMPRESA BRAS DE CORREIOS E TELEGRAFOS ,29200007,100000.0,3652,-0.635466,58,BAIXO,2025-09-18,2026-04-05 18:00:43.371636
877,1406905,"AQUISIÇÃO DE MEDICAMENTO: SULFASSALAZINA, 500MG, COMPRIMIDO REVESTIDO. PARA ATENDER O COMPONENTE ESPECIALIZADO DA ASSISTÊNCIA PARMACÊUTICA ¿ CEAF",ONCOEXO DISTRIBUIDORA DE MEDICAMENTOS LTDA,24200004,11737908.0,48,-0.635382,58,BAIXO,2025-11-13,2026-04-05 18:00:43.371636
1542,1387573,EXECUÇÃO DE 01 (UMA) ESTAÇÃO DE TRATAMENTO DE ÁGUA (ETA) COM UNIDADE DE DESINFECÇÃO AUTOMATIZADA DE CLORO PARA AMBIENTE HOSPITALAR E 01 (UMA) ESTAÇÃO DE TRATAMENTO DE ÁGUA PARA REÚSO NO HOSPITAL UNIVERSITÁRIO DO CEARÁ - HUCE.,WTP PROCESSOS E SOLUCOES EM AGUA LTDA,43200007,77999695.0,364,-0.635248,58,BAIXO,2025-08-25,2026-04-05 18:00:43.371636
160,1416952,"SERVIÇO DE MANIPULAÇÃO REFERENTE AO MATERIAL FARMACOLÓGICO, (HIDROCLOROTIAZIDA, MANIPULADO, 5MG/ML, SOLUCAO ORAL FRASCO 100ML) PARA O HOSPITAL GERAL DE FORTALEZA-HGF/SESA -.",A N F LEAL CARVALHO,24200184,252.0,304,-0.634968,58,BAIXO,2026-03-02,2026-04-05 18:00:43.371636
1147,1399920,"AQUISIÇÃO DE MEDICAMENTO: BECLOMETASONA (DIPROPIONATO), SOLUCAO COM PROPELENTE 200MCG/DOSE, SPRAY ORAL, FRASCO COM 200 DOSES  -  BECLOMETASONA DIPROPIONATO, FRASCO 200 DOSES, 50MCG/DOSE, SOLUCAO AEROSSOL + DISPOSITIVO ORAL SPRAY. PARA ATENDER A PROGRAMAÇÃO PACTUADA INTEGRADA - PPI",UNI HOSPITALAR CEARA LTDA-EPP,24200004,16658315.0,72,-0.634924,58,BAIXO,2025-10-20,2026-04-05 18:00:43.371636
1168,1399365,AQUISIÇÕES DE MATERIAL DE CONSUMO - EXPEDIENTE (SUPRIMENTO DE TI - TECLADO E MOUSE) PARA ATENDER AS NECESSIDADES DO SVO., LEGACY DISTRIBUIDORA DE INFORMATICA E ELETROELETRONICOS LTDA,24200004,507.0,76,-0.634865,58,BAIXO,2025-10-16,2026-04-05 18:00:43.371636
1945,1378235,"Contratação da Empresa de Tecnologia da Informação do Ceará (ETICE), para a prestação de Serviços de Computação em Nuvem, englobando serviços nas modalidades de IaaS, PaaS e SaaS, bem como a Prestação de Serviços de Manutenção, Suporte Técnico, Atualização, Evolução, Geração e Implantação de  Sistemas, sob demanda, pelo período de 12 meses, para a Secretaria do Trabalho - SET.",EMPRESA DE TECNOLOGIA DA INFORMACAO DO CEARA ETICE,59000000,79254165.0,365,-0.634818,58,BAIXO,2025-06-25,2026-04-05 18:00:43.371636
1318,1394302,AQUISIÇÃO DE BOMBA DE INSULINA E INSUMOS (MEDTRONIC) PARA ATENDER DEMANDAS JUDICIAIS.,AUTO SUTURE DO BRASIL LTDA.,24200004,79843850.0,365,-0.634818,58,BAIXO,2025-09-25,2026-04-05 18:00:43.371636
1075,1403289,"O objeto do contrato 401/2025 é a prestação dos serviços de manutenção predial na EEEP
Professor Francisco Aristóteles de Sousa, com serviços comum de engenharia para manutenção preventiva
e corretiva das instalações físicas predial do imóvel.",KG CONSTRUÇÕES LTDA - EPP,22000000,78820707.0,365,-0.634818,58,BAIXO,2025-10-28,2026-04-05 18:00:43.371636
2498,1366488,"CT 058/2025 - CEPAL - O objeto do presente instrumento é a aquisição de 39 (trinta e nove) TRATORES SOBRE RODAS, MOTOR TURBINADO 3 CILINDROS, 79 CV, TRANSMISSAO ,8 VELOCIDADES FRENTE, 2 A RE, TRACAO 4X4, SISTEMA HIDRAULICO 3 PONTOS, FREIO MULTIDISCO UMIDO, DIRECAO HIDROESTATICA, RODADO DIANTEIRO 12.4- 24R1 E TRASEIRO 18.4-30R1, KIT CONTROLE REMOTO, CAPACIDADE HIDRAULICO 2.350KG, AVULSO 1.0 UNIDADE. MARCA: MASSEY FERGUSON/ MF 4307, nas condições estabelecidas na Ata de Registro de Preços Nº 2024/00126, ORDEM DE COMPRA/SERVIÇO Nº 19370/2025, no Termo de Referência do Edital e na Proposta do CONTRATADO.",CEQUIP IMPORTAÇÃO E COMÉRCIO LTDA,21000000,78816000.0,365,-0.634818,58,BAIXO,2025-04-07,2026-04-05 18:00:43.371636
166,1418904,"Serviço de manutenção predial na EEMTI LICEU VILA VELHA, com serviços comum de engenharia para manutenção preventiva e corretiva das instalações físicas predial do imóvel. CT 57/2026.",KG CONSTRUÇÕES LTDA - EPP,22000000,80274691.0,365,-0.634604,58,BAIXO,2026-02-27,2026-04-05 18:00:43.371636
1149,1399949,"Prestação dos serviços comuns de Engenharia para manutenção Preventiva e Corretiva das instalações Físicas Prediais e Equipamentos Públicos, com fornecimento de mão de obra, materiais e peças de reposição, por percentual de desconto sobre as tabelas de serviços da SEINFRA 28 e 28.1 para atender às necessidades de reforma da fachada e área externa do prédio da SRH/SEINFRA, construção de dois banheiros e copa na área do gabinete no pavimento térreo da SRH, nas condições estabelecidas neste contrato e no Termo de Referência do Edital e na proposta do contratado.",KG CONSTRUÇÕES LTDA - EPP,29000000,80587079.0,365,-0.634604,58,BAIXO,2025-10-20,2026-04-05 18:00:43.371636
483,1411501,"Serviços médico-hospitalar de sessões de tratamento de quimioterapia, de acordo com as especificações e quantitativos previstos no termo de Referência Inicial. Pregão eletrônico nº 20250001/ISSEC/GEPRO.",OTO CRIO ONCOLOGIA S.A.,46200008,81027358.0,365,-0.634559,58,BAIXO,2025-12-09,2026-04-05 18:00:43.371636
2248,1371878,"Serviço de manutenção Preventiva e Corretiva das instalações Físicas Prediais (salas do 2o andar do Anexo da Casa Civil, salas da Publicidade e Eventos e Coordenadoria Financeira, banheiro do estacionamento, subsolo do Anexo da Casa Civil e calçada de circulação de anexo da Casa Civil).",KG CONSTRUÇÕES LTDA - EPP,43200007,81193143.0,365,-0.634559,58,BAIXO,2025-05-12,2026-04-05 18:00:43.371636
2266,1369618,AQUISIÇÃO DE MATERIAL DE EXPEDIENTE EM PROL DA EEEP RITA AGUIAR BARBOSA - ITAPIPOCA - CREDE 2,COMERCIAL DE ARMARINHO BRASIL LTDA - ME,22000000,500.0,237,-0.634477,58,BAIXO,2025-05-08,2026-04-05 18:00:43.371636
2347,1368124,AQUISIÇÃO DE MATERIAL DE EXPEDIENTE - EEMTI DE CASCAVEL - CASCAVEL - CREDE 9,FRANCISCA SOUSA NETA - ME,22000000,400.0,246,-0.634436,58,BAIXO,2025-04-29,2026-04-05 18:00:43.371636
2025,1376220,"TENECTEPLASE, 40MG, PO LIOFILIZADO PARA SOLUCAO INJETAVEL, FRASCO/AMPOLA + DILUENTE 8ML, TENECTEPLASE, 50MG, PO LIOFILIZADO PARA SOLUCAO INJETAVEL, FRASCO/AMPOLA + DILUENTE 10ML,Solicitação de compra de medicamento para a Rede Hospitalar/SESA",ONCO PROD DISTRIBUIDORA DE PRODUTOS HOSPITALARES E ONCOLOGICOS LTDA,24200004,42100808.0,201,-0.634306,57,BAIXO,2025-06-13,2026-04-05 18:00:43.371636
2478,1365201,"AQUISIÇAO DE FIBRINOGENIO HUMANO, 1G.",F7 MEDICAL PRODUTOS HOSPITALARES LTDA,24200004,47232515.0,267,-0.634187,57,BAIXO,2025-04-08,2026-04-05 18:00:43.371636
1238,1399482,"Serviço de manutenção predial na EEMTI LICEU VILA VELHA, com serviços comum de engenharia para manutenção preventiva e corretiva predial do imóveL CT 396/2025",KG CONSTRUÇÕES LTDA - EPP,22000000,77693896.0,365,-0.634174,57,BAIXO,2025-10-08,2026-04-05 18:00:43.371636
1604,1391794,"O objeto do presente instrumento é a prestação de serviços de transporte escolar dos alunos da
rede pública estadual de ensino do MUNICÍPIO DE CAPISTRANO DO ESTADO DO CEARÁ, contando
com motorista, para atender aos alunos que residem prioritariamente na zona rural do município, com uso
de veículos rodoviários de passageiros, de acordo com as especificações e informações previstas no
Apêndice Único desta Dispensa de Licitação, nas condições estabelecidas neste contrato e no Termo de
Referência do edital e na proposta do CONTRATADO. EMPRESA PK SERVIÇOS &
LOCAÇÕES LTDA.",Pk Servicos & Locacoes LTDA,22000000,77814735.0,365,-0.634174,57,BAIXO,2025-08-13,2026-04-05 18:00:43.371636
153,1417226,AQUISIÇÃO DE MATERIAL DE CONSUMO PARA ATENDER AS NECESSIDADES DA COADS/BREJO SANTO,N MAYARA DO CARMO DE OLIVEIRA ME,24200004,327.0,303,-0.63411,57,BAIXO,2026-03-03,2026-04-05 18:00:43.371636
151,1417211,AQUISIÇÃO DE MATERIAL DE CONSUMO PARA ATENDER AS NECESSIDADES DA COADS/BREJO SANTO,GMS JAMPA DISTRIBUIDORA LTDA,24200004,324.0,303,-0.63411,57,BAIXO,2026-03-03,2026-04-05 18:00:43.371636
529,1410797,"CT 157/2025 - IL 015/2025 - CODEP - Constitui objeto deste Instrumento, a contratação de cooperativa para captação, pasteurização, envasamento, transporte e entrega de leite bovino pasteurizado integral e/ou leite caprino padronizado para o PROGRAMA DE AQUISIÇÃO DE ALIMENTOS, referentes ao(s)Lote(s) LOTES BOVINOS: 03 (1.236 litros), 05 (2.050 litros), 10 (3.289 litros), 19 (1.922 litros), 21 (1.881 litros) e 22 (2.654 litros). com um volume total de 651.600 litros de Leites bovino.",COOPEAG - COOPERATIVA DO AGRONEGOCIO DE BANABUIU LTDA.,21000000,28018800.0,131,-0.634097,57,BAIXO,2025-12-05,2026-04-05 18:00:43.371636
1444,1390430,AQUISIÇÃO DE MATERIAL DE CONSUMO - MATERIAL EDUCATIVO E ESPORTIVO - EEMPC FRANCISCA PINTO DOS SANTOS - OCARA - CREDE 8,HAELE COMERCIO E SERVICOS DIGITAIS LTDA,22000000,520.0,114,-0.634055,57,BAIXO,2025-09-08,2026-04-05 18:00:43.371636
2270,1369555,"Aquisição de materiais de consumo para limpeza e higiene tais como: Papeis higiênicos e papel toalha de acordo com as especificações e quantitativos previstos no Termo de Referência por meio da Ata de Registro de Preços n° 2025/04085 com o fito de suprir as demandas desta Academia Estadual de Segurança Pública - AESP|CE visando a manutenção de higiene aos alunos, servidores e frequentadores em geral desta Casa de Ensino.",F C COMERCIO DE MATERIAIS DE LIMPEZA LTDA,10100008,475.0,237,-0.634048,57,BAIXO,2025-05-08,2026-04-05 18:00:43.371636
120,1418100,COMPRA DE MATERIAL DE EXPEDIENTE( COLA PARA ISOPOR).,F C SOARES E SILVA - ME,56200007,300.0,300,-0.633975,57,BAIXO,2026-03-06,2026-04-05 18:00:43.371636
1145,1400079,SERVIÇOS DE MANUTENÇÃO CORRETIVA E PREVENTIVA EM PRÉDIOS PÚBLICOS - TV CEARÁ RÁDIO ABOLIÇÃO 02.,KG CONSTRUÇÕES LTDA - EPP,43200007,77330502.0,365,-0.63396,57,BAIXO,2025-10-20,2026-04-05 18:00:43.371636
1264,1395809,"AQUISIÇÃO DE ALFAOLIPUDASE, 20MG, PO LIOFILIZADO PARA SOLUCAO INJETAVEL, FRASCO/AMPOLA PARA ATENDER DEMANDAS JUDICIAIS.",SANOFI MEDLEY FARMACEUTICA LTDA,24200004,20030272.0,89,-0.633851,57,BAIXO,2025-10-03,2026-04-05 18:00:43.371636
843,1407882,"PROCESSO LICITATÓRIO MODALIDADE DE PREGÃO ELETRÔNICO PARA CONTRATAÇÃO DE EMPRESA DE FORNECIMENTO DE REFEIÇÕES PARA O HOSPITAL SÃO JOSÉ, PELO PERÍODO DE 12(DOZE) MESES",NUTRE ALIMENTAÇÃO LTDA,24200224,77035320.0,365,-0.633701,57,BAIXO,2025-11-18,2026-04-05 18:00:43.371636
693,1409314,"AQUISIÇÃO DE MEDICAMENTO: ACIDO VALPROICO, 500MG, COMPRIMIDO REVESTIDO. PARA ATENDER A PROGRAMAÇÃO PACTUADA INTEGRADA - PPI",BIOLAB SANUS FARMACEUTICA LTDA,24200004,7497886.0,33,-0.633645,57,BAIXO,2025-11-28,2026-04-05 18:00:43.371636
1074,1402706,AQUISIÇÕES DE MATERIAL DE CONSUMO - EXPEDIENTE (SUPRIMENTO DE TI - TECLADO E MOUSE) PARA ATENDER AS NECESSIDADES DO SVO., LEGACY DISTRIBUIDORA DE INFORMATICA E ELETROELETRONICOS LTDA,24200004,507.0,64,-0.633618,57,BAIXO,2025-10-28,2026-04-05 18:00:43.371636
29,1421740,A aquisição de materiais de limpeza e higienização visa proporcionar a manutenção dos ambientes da EEMTI MARIA EMÍLIA RABELO - MORADA NOVA - CREDE 10,C G C DE ARAUJO,22000000,300.0,283,-0.633572,57,BAIXO,2026-03-23,2026-04-05 18:00:43.371636
142,1417184,AQUISIÇÃO DE MATERIAL DE CONSUMO PARA ATENDER AS NECESSIDADES DA COADS/BREJO SANTO,EB DISTRIBUIDORA LTDA,24200004,361.0,303,-0.633466,57,BAIXO,2026-03-03,2026-04-05 18:00:43.371636
2103,1379068,"CT 071/2025 - IL 004/2025 - CODEP - Constitui objeto deste Instrumento, a contratação de cooperativa para captação, pasteurização, envasamento, transporte e entrega de leite bovino pasteurizado integral e/ou leite caprino padronizado para o PROGRAMA DE AQUISIÇÃO DE ALIMENTOS, referentes ao(s) Lote(s) LOTES BOVINOS: 03 (1.236 litros), 05 (2.050 litros), 10 (3.289 litros), 19 (1.922
litros), 21 (1.881 litros) e 22 (2.654 litros). com um volume total de Leites BOVINO - 664.632 Litros.",COOPEAG - COOPERATIVA DO AGRONEGOCIO DE BANABUIU LTDA.,21000000,28579176.0,149,-0.633338,57,BAIXO,2025-06-02,2026-04-05 18:00:43.371636
507,1411049,"Solicitação de compra de medicamento para a Rede Hospitalar/SESA, MEROPENEM, 1G, PO PARA SOLUCAO INJETAVEL, FRASCO/AMPOLA, UNIDADE 1.0 FRASCO / AMPOLA. MARCA: MARCA",EMMARKA DISTRIBUIDORADE MEDICAMENTOS LTDA,24200004,4722698.0,23,-0.633263,57,BAIXO,2025-12-08,2026-04-05 18:00:43.371636
192,1416038,AQUISIÇÃO DE MATERIAL DE CONSUMO PARA ATENDER AS NECESSIDADES DA COADS/BREJO SANTO,GMS JAMPA DISTRIBUIDORA LTDA,24200004,297.0,310,-0.633216,57,BAIXO,2026-02-24,2026-04-05 18:00:43.371636
1099,1401743,RECURSO DESTINADO A AQUISIÇÃO DE MATERIAL DE LIMPEZA CONFORME ATA Nº 2025/04085 PARA HSJ,GMS JAMPA DISTRIBUIDORA LTDA,24200224,516.0,69,-0.633215,57,BAIXO,2025-10-23,2026-04-05 18:00:43.371636
2024,1376134,"AGUA, PARA INJETAVEL, SOLUCAO INJETAVEL ENDOVENOSA AMPOLA 10ML, CLORETO DE SODIO SOLUCAO FISIOLOGICA, 0,9% 9MG/ML, SOLUCAO INJETAVEL, FRASCO/BOLSA 100ML, CLORETO DE SODIO SOLUCAO FISIOLOGICA, 0,9%, SOLUCAO INJETAVEL, AMPOLA 10.0 MILILITRO. Solicitação de compra de medicamento para a Rede Hospitalar/SESA",FARMACE IND QUIMICO FARM CEARENSE       ,24200004,38470486.0,201,-0.63319,57,BAIXO,2025-06-13,2026-04-05 18:00:43.371636
622,1409969,ALIMENTOS PARA OS SEMOVENTES DO RPMONT/PMCE.,LICITAO AGRONEGOCIO LTDA,10100003,6405494.0,29,-0.633158,57,BAIXO,2025-12-02,2026-04-05 18:00:43.371636
1093,1401780,"Contratualização da ATA nº 29809/2024, por 06 (seis) meses, no valor de R$ 3.311.500,00, para atender as necessidades do HCASG.",LABCOR LABORATORIOS,24200214,33115000.0,182,-0.633151,57,BAIXO,2025-10-23,2026-04-05 18:00:43.371636
562,1410784,"Constitui objeto deste a contratação do SISTEMA INTEGRADO DE SANEAMENTO RURAL DA BACIA
HIDROGRÁFICA DO BAIXO E MÉDIO JAGUARIBE ¿ SISAR BBJ, Associação Civil, para prestação de
serviços de fornecimento de água tratada e/ou esgotamento sanitário, por se tratar de uma entidade que
congrega as associações comunitárias com Sistema de Abastecimento de Água e Esgoto, pertencente a
referida Bacia e às circunvizinhanças no Estado do Ceará e tem concessão para a prestação dos serviços
de fornecimento de água e/ou coleta de esgoto sanitário com exclusividade no Distrito de Olho D água da
Bica no Município de Tabuleiro do Norte ¿ CE, conforme a Lei Municipal de Concessão nº2.117, de 04 de
Março de 2022. SISTEMA
INTEGRADO DE SANEAMENTO RURAL DA BACIA
HIDROGRÁFICA DO BAIXO E MÉDIO JAGUARIBE
¿ SISAR BBJ.",SIST SR DA BH DO BAIXO E MED JAGUARIBE,22000000,1500000.0,1826,-0.63314,56,BAIXO,2025-12-05,2026-04-05 18:00:43.371636
1690,1383471,"Contratação do SERVIÇO AUTÔNOMO DE ÁGUA E ESGOTO DE MILHÃ ¿ SAAE DE MILHÃ, para
prestação de serviços de fornecimento de água tratada, através do procedimento de inexigibilidade de
licitação por se tratar de uma entidade que congrega as associações comunitárias com Sistema de
Abastecimento de Água e Esgoto, pertencente a referida Bacia e às circunvizinhanças, no Estado do Ceará,
é uma instituição que tem concessão para a prestação dos serviços de fornecimento de água e/ou coleta de
esgoto sanitário com exclusividade no Município de Milhã ¿ CE, conforme a Lei Municipal de Nº 005/1987,
de 03 de Maio de 1989.",SAAE DE MILHA                           ,22000000,1500000.0,1826,-0.63314,56,BAIXO,2025-08-05,2026-04-05 18:00:43.371636
2368,1371271,"Contratação da Empresa Brasileira de Correios e Telégrafos (ECT) para a prestação contínua dos
serviços de comercialização de produtos postais e adicionais, nas modalidades nacional e internacional,
correspondência e malote (correspondência agrupada), a fim de atender as necessidades
administrativas da SESPORTE",EMPRESA BRAS DE CORREIOS E TELEGRAFOS ,42000000,1500000.0,1826,-0.63314,56,BAIXO,2025-04-25,2026-04-05 18:00:43.371636
1603,1385048,Serviço de manutenção preventiva/corretivo em Prédios Públicos - Guarita da PGE.,KG CONSTRUÇÕES LTDA - EPP,43200007,46570447.0,273,-0.633115,56,BAIXO,2025-08-13,2026-04-05 18:00:43.371636
1407,1393130,OUTROS SERVIÇOS DE TERCEIRO PESSOA JURÍDICA - SERVIÇOS TÉCNICOS PROFISSIONAIS - EEMTI MENEZES PIMENTEL - POTENGI - CREDE 18 //,PARTENAIRE CONTABILIDADE AUDITORIA E PLANEJAMENTO TRIBUTARIO SS,22000000,500.0,365,-0.633041,56,BAIXO,2025-09-15,2026-04-05 18:00:43.371636
180,1416332,"AQUISIÇÃO DE VASSOURA, NOVICA, PISO INTERNO E EXTERNO, CERDAS EM MATERIAL SINTETICO OU PLUMADA, BASE 22CM, CABO MINIMO 120CM MADEIRA REFORCADO PLASTIFICADO COM ROSCA PLASTICA, AVULSO 1.0 UNIDADE. MARCA: FORTLEVES, PARA ATENDER AS NECESSIDADES DO IPC.",GMS JAMPA DISTRIBUIDORA LTDA,24200364,312.0,309,-0.633001,56,BAIXO,2026-02-25,2026-04-05 18:00:43.371636
1,1423936,"Aquisição de material de consumo (Lápis Preto, Fita Adesiva e Caneta Esferográfica), para atender as necessidades da Superintendência de Pesquisa e Estratégia de Segurança Pública ¿ SUPES",GMS JAMPA DISTRIBUIDORA LTDA,10100009,370.0,274,-0.632897,56,BAIXO,2026-04-01,2026-04-05 18:00:43.371636
260,1414671,"AQUISIÇÃO DE LAPIS, GRAFITE HB, COMPRIMENTO MINIMO 170 MM, Nº 02, COR DO REVESTIMENTO PRETO, REVESTIDO EM MADEIRA, FORMATO CILINDRICO, GRAVADO NO CORPO MARCA DO FABRICANTE, AVULSO 1.0 UNIDADE. MARCA: LEO&LEO, PARA ATENDER AS NECESSIDADES DO IPC.",GMS JAMPA DISTRIBUIDORA LTDA,24200364,296.0,322,-0.63278,56,BAIXO,2026-02-12,2026-04-05 18:00:43.371636
1873,1380131,"Contratualização da ATA 2024/17273, por 06 (seis) meses, no valor de R$ 3.371.368,30, para o HMCASG.",NORDESTE CORDIS LTDA,24200214,33713683.0,184,-0.632755,56,BAIXO,2025-07-08,2026-04-05 18:00:43.371636
916,1406458,RECURSO DESTINADO A AQUISIÇÃO DE MATERIAL HOSPITALA CONFORME ATA Nº 2025/12697 PARA HSJ,GASTROVISION PRODUTOS E EQUIPAMENTOS MEDICOS LTDA- ME,24200224,590.0,49,-0.632719,56,BAIXO,2025-11-12,2026-04-05 18:00:43.371636
326,1412850,"Aquisição de material de expediente, Canetas esferograficas, ordem de com compra nº 01662/2026 - Ata RP nº 2026/00063.",FG COMERCIO TENDTUDO LTDA,46200006,560.0,337,-0.632469,56,BAIXO,2026-01-28,2026-04-05 18:00:43.371636
2496,1365101,"O objeto do presente instrumento é a prestação dos serviços de Gerenciamento do fornecimento de material de construção civil, através da utilização de plataforma online própria da contratada, compreendendo o pagamento por meio de cartão magnético e/ou com chip e/ou virtual e/ou tecnologia similar aos fornecedores credenciados pela contratada, localizados no Estado do Ceará, nas condições estabelecidas neste contrato e no Termo de Referência da PGE e na proposta do CONTRATADO.",PRIME CONSULTORIA E ASSESSORIA EMPRESARIAL LTDA,13200002,9022500.0,730,-0.632423,56,BAIXO,2025-04-07,2026-04-05 18:00:43.371636
323,1412936,"AQUISIÇÃO DE MEDICAMENTOS PARA ESTE CEO-CENTRO, CONFORME ORDEM DE COMPRAS Nº 01487/2026 E ATA Nº 2025/06548",FARMACE IND QUIMICO FARM CEARENSE       ,24200334,600.0,336,-0.632266,56,BAIXO,2026-01-29,2026-04-05 18:00:43.371636
140,1417198,AQUISIÇÃO DE MATERIAL DE CONSUMO PARA ATENDER AS NECESSIDADES DA COADS/BREJO SANTO,"LICITARE PRODUTOS, MATERIAIS E SERVIÇOS LTDA",24200004,440.0,303,-0.632182,56,BAIXO,2026-03-03,2026-04-05 18:00:43.371636
1594,1385196,"ATA de registro de preços Nº 2025/10542, Pregão eletrônico  20241546, que tem como objeto aquisição MATERIAL LABORATORIAL",ALPHA MEDICAMENTOS E SOLUCOES EM SAUDE LTDA,24200204,525.0,139,-0.632156,56,BAIXO,2025-08-14,2026-04-05 18:00:43.371636
942,1406061,"AQUISIÇÃO DE FRALDA, DESCARTAVEL GERIATRICA, EG, USUARIO ACIMA DE 90KG PARA ATENDER DEMANDAS JUDICIAIS.",LOG DISTRIBUIDORA DE PRODUTOS HOSPITALAR E HIGIENE PESSOAL LTDA,24200004,11768832.0,51,-0.632072,56,BAIXO,2025-11-10,2026-04-05 18:00:43.371636
851,1409707,"Contratação da empresa Brasileira de Correios e Telégrafos, referente a prestação de serviços postais dos Correios, como PAC, SEDEX, Carta Registrada, Correio Nacional, Logística Reversa, Aviso de Recebimento, e Caixa, para atender as demandas logísticas e operacionais da Secretaria do Meio Ambiente e Mudança do Clima.",EMPRESA BRAS DE CORREIOS E TELEGRAFOS ,57000000,1250000.0,1826,-0.632033,56,BAIXO,2025-11-18,2026-04-05 18:00:43.371636
838,1407933,"Aquisição de insumos de laboratórios para atender a necessidade do HEMOCE, através de entrega imediata, OC 100724/2025, ARP 2025/03963, PE 1051/2024",ESSE ENE COMÉRCIO E SERVIÇOS LTDA,24200424,9546799.0,42,-0.631993,56,BAIXO,2025-11-19,2026-04-05 18:00:43.371636
1220,1397558,Aquisição de Material de Expediente - EEM JOSÉ TEIXEIRA DE ALBUQUERQUE - JIJOCA DE JERICOACOARA - CREDE 3,OSMAR P. ALBUQUERQUE FILHO,22000000,560.0,83,-0.631865,56,BAIXO,2025-10-09,2026-04-05 18:00:43.371636
654,1408953,"O objeto do presente instrumento é o fornecimento de Solução Tecnológica de Inteligência Tática Portátil, com capacidade nativa para a detecção, identificação, individualização e localização de aparelhos telefônicos ativos nas redes celulares 2G (GSM), 3G (UMTS), 4G (LTE) e 5G (NSA), para a Coordenadoria de Inteligência - COIN da Secretaria da Segurança Pública e Defesa Social do Ceará ¿ SSPDS CE, nas condições estabelecidas no Termo de Referência do processo e na proposta do CONTRATADO.",INSPECT INTELIGENCIA E TECNOLOGIA LTDA,10000000,77000000.0,365,-0.631828,56,BAIXO,2025-12-01,2026-04-05 18:00:43.371636
1355,1393836,"Contratação de empresa para prestação de serviços contínuos a serem executadas com dedicação exclusiva de mão de obra terceirizada, regidos pela Consolidação das Leis Trabalhistas (CLT) para as categorias, condições e quantidades estabelecidas neste instrumento, no Termo de Referencia ¿ CGCT/SAP e na proposta da Contratada.",IMPACTO SERVIÇOS TERCEIRIZADOS LTDA,18000000,76526761.0,365,-0.631828,56,BAIXO,2025-09-19,2026-04-05 18:00:43.371636
790,1408417,"Serviços de digitalização e arquivo com gerenciamento de solução de gestão de documentos e processos, compreendendo o provimento de serviços técnicos especializados de gestão e manutenção de documentos, arquivos e processos do para atender a Hemorrede do Estado do Ceará.",EMPRESA DE TECNOLOGIA DA INFORMACAO DO CEARA ETICE,24200424,76263189.0,365,-0.631828,56,BAIXO,2025-11-24,2026-04-05 18:00:43.371636
1119,1402100,"CONTRATAÇÃO EMERGENCIAL DE SERVIÇOS DE INTÉRPRETE DE LIBRAS, EM CARÁTER CONTÍNUO, PARA ATENDIMENTO DE DEMANDA SURGIDA DE FORMA IMPREVISTA NO ÂMBITO DA FUNDAÇÃO UNIVERSIDADE ESTADUAL VALE DO ACARAÚ - UVA","SATELITE PRIME SERVICE DE PESSOAL, MONITORAMENTO E LOGISTICA LTDA",31200002,26795916.0,131,-0.631742,56,BAIXO,2025-10-22,2026-04-05 18:00:43.371636
1847,1381290,"Contratação de empresa especializada na prestação de serviços de Consultoria para Elaboração de Estudos e Pesquisas para o Turismo, sob demanda, em atendimento às necessidades da Secretaria do Turismo conforme detalhamento específico no Termo de Referência",IGOR OLAVO RAMOS TAVARES,36000000,3378000.0,1096,-0.631715,56,BAIXO,2025-07-11,2026-04-05 18:00:43.371636
651,1411935,"Contratação de empresa para locação de veículos automotor com manutenção, seguro total e quilometragem livre inclusos, mensal, sem motorista.","AM TRANSPORTES, LOCACOES E SERVICOS LTDA",13200001,3383640.0,1096,-0.631715,56,BAIXO,2025-12-01,2026-04-05 18:00:43.371636
223,1415524,AQUISIÇÃO DE MATERIAL DE CONSUMO PARA ATENDER AS NECESSIDADES DA COADS / CAUCAIA,FG COMERCIO TENDTUDO LTDA,24200004,456.0,314,-0.631696,56,BAIXO,2026-02-20,2026-04-05 18:00:43.371636
1601,1385058,"PROCESSO LICITATÓRIO NA MODALIDADE DE PREGÃO ELETRÔNICO POR UM PERÍODO DE 12 (DOZE) MESES, RELATIVO À CONTRATAÇÃO DE SERVIÇOS ESPECIALIZADOS EM PROCEDIMENTOS CIRÚRGICOS, NA ÁREA DE MÉDICO CIRURGIÃO TORÁCICO, PARA ATENDER AS NECESSIDADES DO HOSPITAL GERAL DE FORTALEZA - HGF/SESA.",COOPERATIVA MED CIR CARDIOVAS HEMOD CE,24200184,72247788.0,365,-0.631621,55,BAIXO,2025-08-13,2026-04-05 18:00:43.371636
600,1410175,"AQUISIÇÃO DE DARATUMUMABE, SC, 1.800MG, SOLUÇÃO INJETÁVEL, FRASCO/AMPOLA 15ML PARA ATENDER DEMANDAS JUDICIAIS.",JANSSEN - CILAG FARMACEUTICA LTDA,24200004,73219086.0,365,-0.631407,55,BAIXO,2025-12-03,2026-04-05 18:00:43.371636
1999,1376773,"AQUISIÇÃO DE MEDICAMENTO: ERTAPENEM (SODICO), FRASCO/AMPOLA, 1G, PO LIOFILIZADO PARA SOLUCAO INJETAVEL  -  PIPERACILINA SODICA + TAZOBACTAM SODICA, FRASCO/AMPOLA, 4G + 500MG, PO LIOFILIZADO PARA SOLUCAO INJETAVEL. PARA ATENDER A REDE HOSPITALAR/SESA",T S COMERCIAL DE MEDICAMENTOS E REPRESENTACAO LTDA,24200004,35730036.0,197,-0.631359,55,BAIXO,2025-06-17,2026-04-05 18:00:43.371636
1060,1403312,"Aquisição do item (MATRIZ, 0,05X7MM, FITA DE ACO), objetivando o atendimento das demandas da Saúde Prisional do Estado do Ceará.",MAQUIRA INDUSTRIA DE PRODUTOS ODONTOLOGICOS S.A.,24200004,575.0,63,-0.631335,55,BAIXO,2025-10-29,2026-04-05 18:00:43.371636
1011,1404199,AQUISIÇÃO DE MATERIAL DE CONSUMO- MATERIAL DE EXPEDIENTE - EEMTI LICEU JOSÉ FURTADO DE MACÊDO - CREDE 11,M.G.C. DE ALMEIDA GOMES,22000000,555.0,61,-0.631291,55,BAIXO,2025-10-31,2026-04-05 18:00:43.371636
2090,1374146,Serviço de Manutenção Predial da Unidade Prisional Aquiraz - CE.,KG CONSTRUÇÕES LTDA - EPP,43200007,18791152.0,605,-0.631268,55,BAIXO,2025-06-03,2026-04-05 18:00:43.371636
1330,1395822,"Serviço de manutenção predial na EEM ANA BEZERRA DE SÁ, com serviços comum de engenharia para manutenção preventiva e corretiva das
instalações físicas predial do imóvel com fornecimento de mão de obra. 365/2025.",KG CONSTRUÇÕES LTDA - EPP,22000000,75195271.0,365,-0.631187,55,BAIXO,2025-09-23,2026-04-05 18:00:43.371636
415,1412007,Implantação e qualificação de infraestrutura viária (pavimentação) de vias no município de Cratéus-CE,CSL ENGENHARIA E CONSTRUÇÃO ,43000000,74350000.0,365,-0.631187,55,BAIXO,2025-12-23,2026-04-05 18:00:43.371636
661,1409849,"Contratação de empresa para prestação de serviços contínuos a serem executados com dedicação exclusiva de mão de obra terceirizada, regidos pela Consolidação da Leis Trabalhistas (CLT) para as categorias, condições e quantidades estabelecidas neste termo, edital e seus anexos. Para atender as necessidades das Casas da Mulher Cearense Iguatu, Crateús e Tauá.",CERTA SERVIÇOS EMPRESARIAIS E REPRESENTAÇÕES EIRELI,62000000,74464560.0,365,-0.631187,55,BAIXO,2025-12-01,2026-04-05 18:00:43.371636
2259,1369899,"Serviço de Manutenção preventiva/corretiva do Centro de Profissionalização Inclusiva para a Pessoa com Deficiência - CEPID, Fortaleza/CE.",KG CONSTRUÇÕES LTDA - EPP,43200007,75166548.0,365,-0.631187,55,BAIXO,2025-05-09,2026-04-05 18:00:43.371636
1043,1403670,"AQUISIÇÃO DE  PILHA, ALCALINA TIPO AAA PALITO PARA O CMCB",SERVSUPR SERVICOS ADMINISTRATIVOS LTDA,10200011,568.0,62,-0.631078,55,BAIXO,2025-10-30,2026-04-05 18:00:43.371636
1326,1394005,"ATA de registro de preços Nº 2025/06171, Pregão eletrônico  20241232, que tem como objeto aquisição  - MATERIAL FARMACOLÓGICO",FORTAL DISTRIBUIDORA IMPORTACAO E EXPORTACAO DE MEDICAMENTOS LTDA,24200204,575.0,98,-0.630819,55,BAIXO,2025-09-24,2026-04-05 18:00:43.371636
1106,1401443,AQUISIÇÃO DE MATERIAL DE CONSUMO (LIMPEZA E PRODUÇÃO DE HIGIENIZAÇÃO) EM FAVOR DA EEMTI JOÃO ALVES MOREIRA - ARACOIABA - CREDE 8,HAELE COMERCIO E SERVICOS DIGITAIS LTDA,22000000,540.0,69,-0.630793,55,BAIXO,2025-10-23,2026-04-05 18:00:43.371636
1279,1394920,"ATA de registro de preços Nº 2024/09614, Pregão eletrônico  20240660, que tem como objeto aquisição - MATERIAL FARMACOLÓGICO",T S COMERCIAL DE MEDICAMENTOS E REPRESENTACAO LTDA,24200204,620.0,91,-0.630733,55,BAIXO,2025-10-01,2026-04-05 18:00:43.371636
1643,1384465,Aquisição de Material de Expediente - EEMTI FRANCISCO MOREIRA FILHO - TABULEIRO DO NORTE - CREDE 10,M.G.C. DE ALMEIDA GOMES,22000000,714.0,359,-0.630644,55,BAIXO,2025-08-11,2026-04-05 18:00:43.371636
1987,1377793,Aquisição de Material de Expediente - EEMTI FRANCISCO MOREIRA FILHO - TABULEIRO DO NORTE - CREDE 10,HSMSHOP COMERCIO DE PRODUTOS HOSPITALARES E VARIEDADES LTDA,22000000,695.0,359,-0.630644,55,BAIXO,2025-06-18,2026-04-05 18:00:43.371636
241,1415107,"CONTRASTE RADIOLOGICO, 300MG I/ML DE IODO, NAO IONICO DE BAIXA OSMOLALIDADE, FRASCO 100ML. PARA ATENDER A UNIDADES DE SAÚDE DO ESTADO DO CEARÁ/SESA",GE HEALTHCARE DO BRASIL COMÉRCIO E SERVIÇOS PARA EQUIPAMENTOS MÉDICO-HOSPITALARES LTDA,24200004,50398065.0,315,-0.630626,55,BAIXO,2026-02-19,2026-04-05 18:00:43.371636
2269,1369875,MATERIAL DE LIMPEZA E HIGIENIZAÇÃO - EEFM PATRONATO SAGRADA FAMÍLIA -  (SEFOR 1),FG COMERCIO TENDTUDO LTDA,22000000,552.0,237,-0.630353,55,BAIXO,2025-05-08,2026-04-05 18:00:43.371636
1414,1386913,"CONTRATUALIZAÇÃO PARA SERVIÇOS DE ENFERMAGEM PARA TÉCNICOS DE ENFERMAGEM, SEMANA, DIURNO, NOTURNO, DIURNO FINAL DE SEMANA E FERIADOS, PARA HSJ, REFERENTE ATA REGISTRO DE PREÇO 2025/08467, PREGÃO ELETRÔNICO 2022/0698, JUNTO A COOPERATIVA DE TRABALHA DE ATENDIMENTO PRÉ E HOSPITALAR - COAPH, PELO PERÍODO DE 12(DOZE) MESES",COOPERATIVA DE TRABALHO DE ATENDIMENTO PRE-HOSPITALAR LTDA COAPH,24200224,71735940.0,365,-0.630296,55,BAIXO,2025-09-12,2026-04-05 18:00:43.371636
2458,1366457,"PROCESSO LICITATÓRIO PARA CONTRATAÇÃO PROFISSIONAIS ESPECIALIZADOS EM  EXAMES DE ENDOSCOPIA E COLONOSCOSPIA PARA HSJ, REFERENTE ATA DE REGISTRO DE PREÇO 2024/14679, PREGÃO 2024/0836, JUNTO A COOPERATIVA DE ENDOSCOPIA DO CEARÁ LTDA - COOPEND , PELO PERÍODO DE 12(DOZE) MESES",COOPERATIVA DE ENDOSCOPIA DO CEARA LTDA,24200224,71318366.0,365,-0.630296,55,BAIXO,2025-04-11,2026-04-05 18:00:43.371636
1804,1380742,"Serviços de locação por demanda mensal, de sistemas de alto fluxo, incluindo instalação, desinstalação, manutenção preventiva, corretiva, treinamentos calibração e ensaios de segurança elétrica com cobertura total de peças e acessórios com fornecimento de insumos, por 12 (doze) meses, para suprir as necessidades do HMCASG.",LOCMED HOSPITALAR LTDA,24200214,31710000.0,188,-0.630248,55,BAIXO,2025-07-17,2026-04-05 18:00:43.371636
475,1411633,"Contratação de produtos e serviços por meio de Pacote de Serviços dos CORREIOS mediante adesão ao Termo de Condições Comerciais e Anexos, quando contratados serviços específicos, que permite a compra de produtos e utilização dos diversos serviços dos CORREIOS por meio dos canais de atendimento disponibilizados, de acordo com as especificações previstas no termo de referência, justificativa técnica, solicitação de aquisição e na proposta da CONTRATADA.",EMPRESA BRAS DE CORREIOS E TELEGRAFOS ,31200006,80000.0,1826,-0.630109,55,BAIXO,2025-12-10,2026-04-05 18:00:43.371636
2040,1375647,"AQUISIÇÃO DE MEDICAMENTO: GLICLAZIDA, 60MG, COMPRIMIDO DE LIBERACAO PROLONGADA. PARA ATENDER A PROGRAMAÇÃO PACTUADA INTEGRADA (PPI)",T S COMERCIAL DE MEDICAMENTOS E REPRESENTACAO LTDA,24200004,36951255.0,203,-0.630034,55,BAIXO,2025-06-11,2026-04-05 18:00:43.371636
1573,1386625,SERVIÇOS CONTABÉIS 2025 - CEJA GUILHERME GOUVEIA - GRANJA - CREDE 4,ANTONIA VEBEANE DE ALMEIDA CONTABILIDADE,22000000,750.0,360,-0.629853,55,BAIXO,2025-08-19,2026-04-05 18:00:43.371636
493,1411241,"AQUISIÇÃO DE MEDICAMENTO: DOXAZOSINA (MESILATO), 2MG, COMPRIMIDO. PARA ATENDER A PROGRAMAÇÃO PACTUADA INTEGRADA - PPI",SANTA BRANCA DISTRIBUIDORA DE MEDICAMENTOS LTDA - EPP,24200004,4299384.0,23,-0.629774,55,BAIXO,2025-12-08,2026-04-05 18:00:43.371636
2426,1366671,"Contratualização da Ata nº 04168/2024, Pregão Eletrônico nº  0483/2024, referente ao fornecimento de REAGENTE PARA DOSAGEM DE IMUNOGLOBULINA EM SORO, POR NEFELOMETRIA,  UNIDADE 1.O TESTE - SIEMENS, com a empresa IMPORTEC - IMPORTADORA CEARENSE LTDA, para atender às necessidades do HIAS.",IMPORTEC IMPORTADORA CEARENSE LTDA,24200204,30863500.0,183,-0.629765,54,BAIXO,2025-04-15,2026-04-05 18:00:43.371636
1725,1382513,Aquisição de 08 unids de  ARCO CIRÚRGICO DIGITAL para Aquisição de 08 unids de  ARCO CIRÚRGICO DIGITAL,VMI TECNOLOGIAS LTDA,24200004,31120000.0,184,-0.629765,54,BAIXO,2025-07-31,2026-04-05 18:00:43.371636
1693,1382831,"GLICLAZIDA, 30MG, COMPRIMIDO LIBERACAO PROLONGADA,  Solicitação de compra de medicamento para atender a Programação Pactuada Integrada (PPI)",T S COMERCIAL DE MEDICAMENTOS E REPRESENTACAO LTDA,24200004,27286875.0,149,-0.629736,54,BAIXO,2025-08-04,2026-04-05 18:00:43.371636
1624,1392197,"Serviços cujo o objeto é a contratação da empresa Brasileira de Correios e Telégrafos, referente a prestação de serviços de postagens, Pacote Bronze.A contratação do pacote de serviços postais dos Correios, como PAC, SEDEX, Carta Registrada, Correio Nacional, Logística Reversa, Aviso de Recebimento, e Caixa, para atender as demandas logísticas e operacionais da Perícia Forense do Estado do Ceará e seus Núcleos Regionais.",EMPRESA BRAS DE CORREIOS E TELEGRAFOS ,10100007,1200000.0,1826,-0.629661,54,BAIXO,2025-08-12,2026-04-05 18:00:43.371636
1520,1388782,"Contratação do SISTEMA INTEGRADO DE SANEAMENTO RURAL DA BACIA
HIDROGRÁFICA DO SALGADO, para prestação de serviços de fornecimento de água tratada e/ou esgotamento sanitário, através do
procedimento de inexigibilidade de licitação por se tratar de uma entidade que congrega as associações comunitárias com Sistema de
Abastecimento de Água e Esgoto, pertencente a referida Bacia e às circunvizinhanças, no Estado do Ceará, é a instituição que tem
concessão para a prestação dos serviços de fornecimento de água e/ou coleta de esgoto sanitário com exclusividade no Distrito de
Buritizinho, Mauriti ¿ CE, conforme a Lei Municipal de nº 1556/2019, de 18 de Setembro de 2019 e Declaração de Exclusividade emitida
pelo SISAR BSA (anexa ao processo). O SISAR é prestador de serviços de natureza essencial e contínua que tem como premissa a
prestação de serviços de fornecimento de água tratada e/ou esgotamento sanitário",SISTEMA INTEGRADO DE SANEAMENTO RURAL,22000000,1200000.0,1826,-0.629661,54,BAIXO,2025-08-28,2026-04-05 18:00:43.371636
337,1412834,"AQUISIÇÃO DE MEDICAMENTO PARA ATENDIMENTO JUDICIAL/SESA - ITEM: DUPILUMABE, 300MG, 150MG/ML, SOLUCAO INJETAVEL, SERINGA PREENCHIDA
2ML",SANOFI MEDLEY FARMACEUTICA LTDA,24200004,53801736.0,338,-0.629657,54,BAIXO,2026-01-27,2026-04-05 18:00:43.371636
17,1422360,"AQUISIÇÃO DE MASCARA, PARA TRAQUEOSTOMO, TAMANHO ADULTO, ORIFIO CENTRAL COM CONECTOR DO TUBO QUE GIRA 360°, TUBO CORRUGADO 22MM, FORMA ANATOMICA, ATOXICO, SISTEMA DE FIXACAO NO PESCOCO EM ELASTICO RESISTENTE AJUSTAVEL, EM PVC OU SILICONE FLEXIVEL, TRANSPARENTE, ANATOMICA, ATOXICA PARA ATENDER DEMANDAS JUDICIAIS.",M C VITORIANO DE QUEIROZ,24200004,432.0,280,-0.629512,54,BAIXO,2026-03-26,2026-04-05 18:00:43.371636
316,1413100,RECURSO DESTINADO A AQUISIÇÃO DE MEDICAMENTO CONFORME ATA Nº 2025/10196 PARA HSJ,HUB HEALTH DISTRIBUIDORA DE PRODUTOS HOSPITALARES LTDA,24200224,750.0,335,-0.629437,54,BAIXO,2026-01-30,2026-04-05 18:00:43.371636
147,1417204,AQUISIÇÃO DE MATERIAL DE CONSUMO PARA ATENDER AS NECESSIDADES DA COADS/BREJO SANTO,FG COMERCIO TENDTUDO LTDA,24200004,467.0,303,-0.629408,54,BAIXO,2026-03-03,2026-04-05 18:00:43.371636
300,1413429,"MEPOLIZUMABE, 100MG/ML, SOLUCAO INJETAVEL, CANETA APLICADORA",T S COMERCIAL DE MEDICAMENTOS E REPRESENTACAO LTDA,24200004,51658665.0,330,-0.629379,54,BAIXO,2026-02-04,2026-04-05 18:00:43.371636
501,1411130,Aquisição de material de consumo (EXPEDIENTE) para atender a demanda da COADS TAUÁ.,COMERCIAL EFICAZ LTDA,24200004,1032.0,23,-0.629353,54,BAIXO,2025-12-08,2026-04-05 18:00:43.371636
2207,1371549,Aquisição de material laboratorial.,BRAZEN LTDA,24200794,550.0,226,-0.62925,54,BAIXO,2025-05-19,2026-04-05 18:00:43.371636
1914,1378677,AQUISIÇÃO - MATERIAL DE CONSUMO - FERRAMENTAS - ADOLFO FERREIRA DE SOUSA EEEP - REDENCAO - CREDE 8,TOTAL DEP MATERIAL E FERRAMENTAS LTDA,22000000,589.0,184,-0.629178,54,BAIXO,2025-06-30,2026-04-05 18:00:43.371636
1625,1384700,"AQUISIÇÃO DE TERIPARATIDA, 250MCG/ML, SOLUCAO INJETAVEL + SISTEMA DE APLICACAO, CARPULE 2,4ML PARA ATENDER DEMANDAS JUDICIAIS.",ELFA MEDICAMENTOS S.A.,24200004,25324149.0,141,-0.62906,54,BAIXO,2025-08-12,2026-04-05 18:00:43.371636
315,1413096,RECURSO DESTINADO A AQUISIÇÃO DE MEDICAMENTO CONFORME ATA Nº 2025/00173 PARA HSJ,CIMED INDUSTRIA S.A.,24200224,780.0,335,-0.629011,54,BAIXO,2026-01-30,2026-04-05 18:00:43.371636
2196,1371735,MATERIAL DE EXPEDIENTE - EEMTI ALMIR PINTO - OCARA - CREDE 8,HSMSHOP COMERCIO DE PRODUTOS HOSPITALARES E VARIEDADES LTDA,22000000,550.0,225,-0.628856,54,BAIXO,2025-05-20,2026-04-05 18:00:43.371636
1443,1390497,Aquisição de material de consumo (LIMPEZA) para atender a demanda da COADS IGUATÚ.,GMS JAMPA DISTRIBUIDORA LTDA,24200004,602.0,114,-0.628677,54,BAIXO,2025-09-08,2026-04-05 18:00:43.371636
2210,1371316,Aquisição de material laboratorial,LAF MED DISTRIBUIDORA DE MEDICAMENTOS E MATERIAIS HOSPITALARES LTDA - EPP,24200794,600.0,229,-0.628656,54,BAIXO,2025-05-16,2026-04-05 18:00:43.371636
272,1417497,AQUISIÇÃO DE MATERIAL DE CONSUMO ( LIMPEZA) PARA ATENDER AS NECESSIDADES DESTA IES.,MARCELO R DOS SANTOS - ME,31200001,528.0,324,-0.628638,54,BAIXO,2026-02-10,2026-04-05 18:00:43.371636
2154,1372785,"AQUISIÇÃO DE MEDICAMENTO: MEPOLIZUMABE, 100MG/ML, SOLUCAO INJETAVEL, CANETA APLICADORA. PARA ATENDER O COMPONENTE ESPECIALIZADO DA ASSISTÊNCIA FARMACÊUTICA (CEAF)",T S COMERCIAL DE MEDICAMENTOS E REPRESENTACAO LTDA,24200004,38384026.0,219,-0.628631,54,BAIXO,2025-05-26,2026-04-05 18:00:43.371636
2152,1373038,"Contratação de empresa para prestação de serviços contínuos a serem executados com dedicação exclusiva de mão de obra terceirizada, regidos pela Consolidação da Leis Trabalhistas (CLT).",LAR ANTONIO DE PADUA,47000000,69320827.0,365,-0.628593,54,BAIXO,2025-05-26,2026-04-05 18:00:43.371636
145,1417199,AQUISIÇÃO DE MATERIAL DE CONSUMO PARA ATENDER AS NECESSIDADES DA COADS/BREJO SANTO,K. N. B. DA SILVA,24200004,527.0,303,-0.628557,54,BAIXO,2026-03-03,2026-04-05 18:00:43.371636
542,1410887,"DEXRAZOXANO (CLORIDRATO), 500MG, PO LIOFILIZADO PARA SOLUCAO
INJETAVEL FRASCO/AMPOLA, UNIDADE 1.0 FRASCO / AMPOLA. MARCA: ADIUM",ONCOEXO DISTRIBUIDORA DE MEDICAMENTOS LTDA,24200004,5377768.0,26,-0.62846,54,BAIXO,2025-12-05,2026-04-05 18:00:43.371636
1239,1396991,"Contratualização da ATA nº 2024/12488, por 06 (seis) meses, no valor de R$ 304.176,24, para atender as necessidades do HCASG.",SELLENE COMÉRCIO E REPRESENTAÇÕES LTDA,24200214,30417624.0,182,-0.628456,54,BAIXO,2025-10-08,2026-04-05 18:00:43.371636
320,1412975,"AQUISIÇÃO DE MATERIAL DE LIMPEZA PARA ESTE CEO-CENTRO, CONFORME ORDEM DE COMPRAS Nº 01229/2026 E ATA Nº 2025/27896",WELLINGTON IZIDIO DE OLIVEIRA,24200334,777.0,336,-0.628427,54,BAIXO,2026-01-29,2026-04-05 18:00:43.371636
1410,1391748,"AQUISIÇÃO DE IMUNOGLOBULINA DE COELHO ANTITIMOCITOS HUMANOS, 25MG, PO LIOFILIZADO PARA SOLUCAO INJETAVEL, FRASCO/AMPOLA PARA ATENDER ÀS UNIDADES HOSPITALARES E AMBULATORIAIS DA SESA",ELFA MEDICAMENTOS S.A.,24200004,20918079.0,107,-0.628421,53,BAIXO,2025-09-15,2026-04-05 18:00:43.371636
211,1417361,"Prestação dos serviços comuns de Engenharia para Manutenção Preventiva e Corretiva das instalações Físicas Prediais, com fornecimento de mão de obra, materiais e peças de reposição.",SALINAS EMPREENDIMENTOS E CONSTRUCOES LTDA ,08200003,69757929.0,365,-0.62838,53,BAIXO,2026-02-23,2026-04-05 18:00:43.371636
662,1410777,"Contratação de prestação de serviços para oferta do curso de MBA em Gestão Pública (Pós-Graduação Lato Sensu), com carga horária total de 370 horas, distribuídas em 20 módulos, na modalidade EAD síncrona e assíncrona",FUNDACAO EDSON QUEIROZ UNIFOR,46100003,16481088.0,608,-0.62816,53,BAIXO,2025-12-01,2026-04-05 18:00:43.371636
2200,1371785,"AQUISIÇÃO DE MEDICAMENTO: INSULINA DEGLUDECA, SOLUCAO INJETAVEL CARPULE 3ML + SISTEMA DE APLICACAO, 100U/ML. PARA ATENDER A PROGRAMAÇÃO PACTUADA INTEGRADA (PPI)",UNI HOSPITALAR CEARA LTDA-EPP,24200004,39323416.0,225,-0.628112,53,BAIXO,2025-05-20,2026-04-05 18:00:43.371636
2184,1371945,MATERIAL ELÉTRICO - FOCO - SUPERINTENDÊNCIA DAS ESCOLAS ESTADUAIS DE FORTALEZA (SEFOR 2),DISTRIMIX SOLUÇÕES & SERVIÇOS BRASIL LTDA,22000000,608.0,224,-0.62805,53,BAIXO,2025-05-21,2026-04-05 18:00:43.371636
1105,1401835,AQUISIÇÃO DE MATERIAL DE COPA E COZINHA - COMPLEMENTAÇÃO - EEMTI MENEZES PIMENTEL - PACOTI - CREDE 8,ANTONIO ESMAEL BATISTA MESQUITA,22000000,585.0,69,-0.627982,53,BAIXO,2025-10-23,2026-04-05 18:00:43.371636
929,1406283,RECURSO DESTINADO A AQUISIÇÃO DE MATERIAL DE LABORATÓRIO CONFORME ATA Nº 2025/03963 PARA HSJ,ESSE ENE COMÉRCIO E SERVIÇOS LTDA,24200224,10973093.0,50,-0.627952,53,BAIXO,2025-11-11,2026-04-05 18:00:43.371636
921,1406149,"AQUISIÇÃO DE SELANTE, DE FIBRINA, COMPOSICAO I FIBRINOGENIO HUMANO + FATOR XIII DE COAGULACAO + APROTININA, COMPOSICAO II TROMBINA HUMANA + CLORETO DE CALCIO, PO LIOFILIZADO PARA SOLUCAO INJETVEL + SOLUCAO DILUENTE + DISPOSITIVO DE TRANSFERENCIA, KIT COM FRASCO DE 3ML, FACIL PREPARO, SEM NECESSIDADE DE AQUECIMENTO, KIT 1.0 UNIDADE. MARCA: BERIPLAST. PARA ATENDER ÀS UNIDADES DE SAÚDE DO ESTADO DO CEARÁ - SESA",F7 MEDICAL PRODUTOS HOSPITALARES LTDA,24200004,10939200.0,50,-0.627952,53,BAIXO,2025-11-11,2026-04-05 18:00:43.371636
2033,1377213,Aquisição de serviços de terceiros- serviços técnicos profissionais- serviço contábil para esta unidade escolar - CENTRO CEARENSE DE IDIOMAS - UNIDADE MARACANAÚ - CREDE 1,PARTENAIRE CONTABILIDADE AUDITORIA E PLANEJAMENTO TRIBUTARIO SS,22000000,700.0,364,-0.627927,53,BAIXO,2025-06-12,2026-04-05 18:00:43.371636
1291,1397195,SERVIÇOS TÉCNICOS PROFISSIONAIS - EEMTI MOISÉS BENTO DA SILVA - JATI - CREDE 20,ANTONIA VEBEANE DE ALMEIDA CONTABILIDADE,22000000,700.0,364,-0.627927,53,BAIXO,2025-09-30,2026-04-05 18:00:43.371636
1519,1388108,Serviços de Manutenção Corretiva e Preventiva em Prédios Públicos - Cineteatro São Luiz.,KG CONSTRUÇÕES LTDA - EPP,43200007,21852312.0,549,-0.627891,53,BAIXO,2025-08-28,2026-04-05 18:00:43.371636
1968,1377278,"AQUISIÇÃO DE COMPRESSA DE GAZE, ACOLCHOADA, CAMADA DE ALGODAO HIDROFILO, RECOBERTA POR UMA CAMADA DE GAZE LIVRE DE FIOS SOLTOS, REBARBAS E IMPUREZAS, MEDIDA FECHADA 15CM +/-2CM X 30CM +/-2CM PARA ATENDER DEMANDAS JUDICIAIS.",PANORAMA COMERCIO DE PRODUTOS MEDICOS E FARMACEUTICOS LTDA,24200004,568.0,191,-0.627753,53,BAIXO,2025-06-23,2026-04-05 18:00:43.371636
1204,1400216,AQUISIÇÃO DE MATERIAL DE CONSUMO - MATERIAL DE EXPEDIENTE(CREDE 18 - CRATO),AGILIZAI ASSESSORIA & COMERCIO LTDA,22000000,600.0,365,-0.627689,53,BAIXO,2025-10-13,2026-04-05 18:00:43.371636
1430,1391002,AQUISIÇÃO DE KETOCAL PARA ATENDER DEMANDAS JUDICIAIS.,ART MEDICA COM E REP PROD HOST LTDA,24200004,22577139.0,112,-0.627661,53,BAIXO,2025-09-10,2026-04-05 18:00:43.371636
2088,1374068,"ATA de registro de preços Nº 2024/18838, Pregão eletrônico  20240006, que tem como objeto aquisição de MATERIAL DE CONSUMO - GÁS ENGARRAFADO",FRANCA PINTO & CIA LTDA - EPP,24200204,573.0,211,-0.62765,53,BAIXO,2025-06-03,2026-04-05 18:00:43.371636
400,1414253,CONTRATO DE ADESÃO AO PLANO DE CONTRIBUIÇÃO DEFINIDA DA PATROCINADORA METROFOR,FUNDAÇÃO REDE FERROVIARIA DE SEGURIDADE SOCIAL REFER,08200007,67411088.0,364,-0.627629,53,BAIXO,2026-01-01,2026-04-05 18:00:43.371636
207,1416203,AQUISIÇÃO DE MATERIAL DE LIMPEZA E HIGIENIZAÇÃO,NORCLEAN INDUSTRIA E COMERCIO LTDA,10100013,480.0,311,-0.627389,53,BAIXO,2026-02-23,2026-04-05 18:00:43.371636
1061,1403215,"AQUISIÇÃO DE MEDICAMENTO: METFORMINA CLORIDRATO, 500 MG, COMPRIMIDO SIMPLES OU REVESTIDO. PARA ATENDER A PROGRAMAÇÃO PACTUADA INTEGRADA - PPI",PRATI DONADUZZI & CIA LTDA,24200004,13418240.0,63,-0.627154,53,BAIXO,2025-10-29,2026-04-05 18:00:43.371636
2135,1373225,"AQUISIÇÃO DE MEDICAMENTO: PROMETAZINA, CLORIDRATO, 25MG, COMPRIMIDO REVESTIDO. PARA ATENDER A PROGRAMAÇÃO PACTUADA INTEGRADA (PPI)",EMMARKA DISTRIBUIDORADE MEDICAMENTOS LTDA,24200004,37079856.0,217,-0.627139,53,BAIXO,2025-05-28,2026-04-05 18:00:43.371636
1531,1387552,"Aquisição de PEÇA DE REPOSIÇÃO ORIGINAL MÓDULO DE CONTROLE DO GERADOR(XSC X-SEGMENT-CONTROLLER), PARA USO EM EQUIPAMENTO MÉDICO-HOSPITALAR ANGIÓGRAFO MARCA/FABRICANTE PHILIPS, PERTENCENTE AO HOSPITAL DE MESSEJANA DR. CARLOS ALBERTO STUDART GOMES/SESA.",PHILIPS MEDICAL SYSTEMS LTDA,24200214,5935946.0,30,-0.627121,53,BAIXO,2025-08-26,2026-04-05 18:00:43.371636
1665,1384578,"O objeto do presente instrumento é a prestação do Serviço de manutenção predial na Centro
de Formação e Desenvolvimento para Profissionais da Educação ¿ FormaCE, em Fortaleza-CE,
com serviços comum de engenharia para manutenção preventiva e corretiva das instalações físicas
predial do imóvel, nas condições estabelecidas neste contrato e no Termo de Referência do edital e na
proposta do CONTRATADO. EMPRESA KG
CONSTRUÇÕES LTDA.",KG CONSTRUÇÕES LTDA - EPP,22000000,68988748.0,365,-0.626992,53,BAIXO,2025-08-06,2026-04-05 18:00:43.371636
955,1406176,"CT 094/2025 - Constitui objeto deste instrumento a contratação de entidades privadas sem fins lucrativos prestadoras de serviços de assistência técnica e extensão rural para realização de serviços de ASSISTENCIA TÉCNICA E EXTENSÃO RURAL - ATER visando apoiar o desenvolvimento da agricultura familiar-camponesa com foco na comercialização da produção, em conformidade com o lote 01 do Edital de Chamada pública nº 004/2025.",CENTRO DE  ESTUDOS E ASSISTENCIA AS LUTAS DO/ATRABALHADOR/A RURAL,21000000,69000000.0,365,-0.626992,53,BAIXO,2025-11-07,2026-04-05 18:00:43.371636
2317,1368629,"AQUISIÇÃO DE KITS DOA ULTRA ¿ SANGUE TOTAL PARA O NÚCLEO DE TOXICOLOGIA FORENSE DA
PERÍCIA FORENSE DO ESTADO DO CEARÁ - NUTOF/ PEFOCE",RANDOX BRASIL LTDA,10200014,69136884.0,365,-0.626992,53,BAIXO,2025-05-02,2026-04-05 18:00:43.371636
1097,1401679,"AQUISIÇÃO DE MATERIAL DE MATERIAL DE EXPEDIENTE EM PROL DA EEMTI VICENTE DE PAULO DA COSTA,  (CREDE 3 - ACARAÚ)",CRISTIANE REGINA MENEZES 04692422300,22000000,600.0,69,-0.626921,53,BAIXO,2025-10-23,2026-04-05 18:00:43.371636
1038,1404584,SERVIÇOS TÉCNICOS PROFISSIONAIS - EEMTI PROFESSOR EDMILSON PINHEIRO - MARACANAU - CREDE 1,ANTONIA VEBEANE DE ALMEIDA CONTABILIDADE,22000000,790.0,364,-0.626866,53,BAIXO,2025-10-30,2026-04-05 18:00:43.371636
1369,1392377,"AQUISICAO DE PAPEL, COUCHE LISO, A4, 180G, 210MMX297MM, COR BRANCA, EMBALAGEM COM IDENTIFICACAO DO PRODUTO E MARCA DO FABRICANTE, PACOTE 50.0 FOLHAS. MARCA: LUMACON, PARA ATENDER AS NECESSIDADES DO IPC.",F M ARAUJO BEZERRA ME,24200364,736.0,104,-0.626844,52,BAIXO,2025-09-18,2026-04-05 18:00:43.371636
1921,1378227,AQUISIÇÃO MATERIAL DE LIMPEZA E PRODUÇÃO DE HIGIENIZAÇÃO - ESCOLA INDÍGENA DIREITO DE APRENDER DO POVO ANACÉ - CAUCAIA - CREDE 1,L R H COMERCIO E SERVICOS UNIPESSOAL LTDA,22000000,620.0,188,-0.626831,52,BAIXO,2025-06-26,2026-04-05 18:00:43.371636
2142,1372845,"MOUSE, SEM FIO, OPTICO, ALIMENTACAO PILHA ALCALINA, CAIXA 1.0 UNIDADE.MARCA: C3TECH/C3TECH",LINKMARKET INFORMATICA E TELECOMUNICACOES LTDA,46100003,640.0,218,-0.626745,52,BAIXO,2025-05-27,2026-04-05 18:00:43.371636
2344,1368053,"AQUISIÇÃO DE MEDICAMENTO: AMOXICILINA, 250MG/5ML, PO PARA SUSPENSAO ORAL FRASCO 150ML. PARA ATENDER A PROGRAMAÇÃO PACTUADA INTEGRADA (PPI)",SANTA BRANCA DISTRIBUIDORA DE MEDICAMENTOS LTDA - EPP,24200004,36835491.0,246,-0.626644,52,BAIXO,2025-04-29,2026-04-05 18:00:43.371636
579,1410947,"Prestação de serviços, por Centros de Formação de Condutores (CFC), referentes à realização de Cursos de Formação Teórico-Técnico e Prática de Direção Veicular, visando a formação e capacitação de candidatos à obtenção da primeira habilitação no âmbito do programa CNH Popular.",VASCONCELOS SERVICOS EM SAUDE LTDA,08200003,5187615.0,27,-0.626586,52,BAIXO,2025-12-04,2026-04-05 18:00:43.371636
609,1410152,"CONTRATUALIZAÇAO PARA SERVIÇOS PRESTADO DE FAMACÊUTICOS HOSPITALAR PARA HOSPITAL SÃO JOSÉ, DEMANA - DIURNO, NOTURNO, FINAL DE SEMANA E FERIADOS, REFERENTE ATA DE REGISTRO DE PREÇO 2025/16558, ´PREGÃO ELETRÔNICO 2024/1649, JUNTO A COOEPRATIVA DE TRABALHO DE ATENDIMENTO PRÉ HOSPITALAR LTDA - COAPH",COOPERATIVA DE TRABALHO DE ATENDIMENTO PRE-HOSPITALAR LTDA COAPH,24200224,67401036.0,365,-0.626568,52,BAIXO,2025-12-03,2026-04-05 18:00:43.371636
444,1411825,"Serviços comuns de Engenharia para Manutenção Preventiva e Corretiva das instalações Físicas Prediais e Equipamentos Públicos, com fornecimento de mão de obra, materiais e peças de reposição, por percentual de desconto sobre as tabelas de serviços da SEINFRA 28 e 28.1, em decorrência da demanda de manutenção predial corretiva e adaptativa para o funcionamento da Casa de Acolhimento destinada à população LGBTQIAP+, localizada na Rua Soares Bulcão, s/n - São Gerardo, Fortaleza - CE, CEP: 60320-180, ação integrante do Programa Integrado de Prevenção e Redução da Violência do Estado do Ceará ¿ PReVio.",KG CONSTRUÇÕES LTDA - EPP,30000000,67651074.0,365,-0.626568,52,BAIXO,2025-12-16,2026-04-05 18:00:43.371636
2122,1373704,Aquisição de 615 POLTRONA HOSPITALAR para Hospital Universitário do Ceará - HUC / Rede SESA.,MEDI-SAÚDE PRODUTOS MÉDICO HOSPITALARES LTDA,24200004,67372635.0,365,-0.626568,52,BAIXO,2025-05-29,2026-04-05 18:00:43.371636
1911,1378697,"Contrato nº 252/2025. O objeto do presente instrumento é a prestação de serviço de apoio logístico em Hospedagem e Fornecimento de Alimentação, Locação de Espaço, Ornamentação, Confecção e Material de Divulgação, para atender a Rede Pública Estadual de Ensino, no GRUPO 01 ¿ APOIO LOGÍSTICO EM HOTEL nas condições estabelecidas neste contrato, no Termo de Referência do Edital e na proposta da CONTRATADA.",GROW UP LTDA,22000000,67250000.0,365,-0.626568,52,BAIXO,2025-06-30,2026-04-05 18:00:43.371636
1692,1385935,"AQUISIÇÃO DE MEDICAMENTO HIDROCLOROTIAZIDA, 25MG, COMPRIMIDO, UNIDADE 1.0 COMPRIMIDO.",CIMED INDUSTRIA S.A.,24200234,612.0,149,-0.626565,52,BAIXO,2025-08-04,2026-04-05 18:00:43.371636
141,1417216,AQUISIÇÃO DE MATERIAL DE CONSUMO PARA ATENDER AS NECESSIDADES DA COADS/BREJO SANTO,BRILHARES PRODUTOS DE LIMPEZA LTDA ,24200004,555.0,303,-0.626488,52,BAIXO,2026-03-03,2026-04-05 18:00:43.371636
1658,1383613,"Trata-se do credenciamento de prestadores de serviços de saúde de forma complementar ao Sistema Único de Saúde (SUS), para a realização de cirurgias eletivas em oftalmologia para atender os usuários do Sistema Único de Saúde - SUS, tendo em vista a necessidade identificada pela Central de Regulação do Estado do Ceará, consoante com a necessidade da administração pública, atendendo as normas estabelecidas no edital e na Lei Federal nº 14.133/2021.",INSTITUTO CEARENSE DE OFTALMOLOGIA,24200004,66779278.0,365,-0.626356,52,BAIXO,2025-08-07,2026-04-05 18:00:43.371636
565,1410606,"Execução de obra/serviço de engenharia visando a manutenção do estacionamento da Seinfra, incluindo, em linhas gerais: regularização do pavimento, sinalização horizontal e vertical, acessibilidade, nova iluminação, paisagismo, demarcação de vagas e fechamento e controle de acesso.",KG CONSTRUÇÕES LTDA - EPP,08000000,67001172.0,365,-0.626356,52,BAIXO,2025-12-05,2026-04-05 18:00:43.371636
543,1410605,"AQUISIÇÃO DE IBUPROFENO, 600MG, COMPRIMIDO SIMPLES OU REVESTIDO, PARA ATENDER A PROGRAMAÇÃO PACTUADA INTEGRADA (PPI)",NDS DISTRIBUIDORA DE MEDICAMENTOS LTDA,24200004,5102960.0,26,-0.626305,52,BAIXO,2025-12-05,2026-04-05 18:00:43.371636
1169,1399386,"AQUISIÇÃO DE IMUNOGLOBULINA DE COELHO ANTITIMOCITOS HUMANOS, 25MG, PO LIOFILIZADO PARA SOLUCAO INJETAVEL, FRASCO AMPOLA. Solicitação de compra de medicamento para a Rede Hospitalar/SESA",ELFA MEDICAMENTOS S.A.,24200004,16014207.0,76,-0.626158,52,BAIXO,2025-10-16,2026-04-05 18:00:43.371636
1992,1377823,PROCEDENTE DA ATA DE REGISTRO DE PREÇO Nº 2024/10744 INSTRUMENTO CONVOCATÓRIO Nº 2024/0710 ORDEM DE COMPRA Nº 50556/2025 CUJO OBJETO E AQUISIÇÃO DE MEDICAMENTO MEDICO HOSPITALAR E AMBULATORIAL PARA ATENDER AS NECESSIDADES DO HGCC.,HUB HEALTH DISTRIBUIDORA DE PRODUTOS HOSPITALARES LTDA,24200194,624.0,197,-0.626141,52,BAIXO,2025-06-17,2026-04-05 18:00:43.371636
1341,1395233,Contratação de empresa para a realização de serviços de contabilidade em favor da escola - EEMTI MONSENHOR JOSÉ CARNEIRO DA CUNHA - CHAVAL - CREDE 4 /,PARTENAIRE CONTABILIDADE AUDITORIA E PLANEJAMENTO TRIBUTARIO SS,22000000,830.0,360,-0.626092,52,BAIXO,2025-09-22,2026-04-05 18:00:43.371636
37,1422042,"SERVIÇOS DE MANUTENÇÃO CORRETIVA E PREVENTIVA - PASSARELA DE PEDESTRE DA WASHINGTON SOARES, EM FRENTE A REITORIA UNIFOR.",KG CONSTRUÇÕES LTDA - EPP,43200007,36971504.0,245,-0.625939,52,BAIXO,2026-03-23,2026-04-05 18:00:43.371636
820,1408415,"SONDA URETRAL, PARA ESVAZIAMENTO DA BEXIGA, 16FR, SILICONIZADA, PVC
TRANSPARENTE, HIPOALERGENICO MALEAVEL E ISENTO DE LATEX, EMBALAGEM
1.0 UNIDADE. MARCA: BIOFASE",PANORAMA COMERCIO DE PRODUTOS MEDICOS E FARMACEUTICOS LTDA,24200234,768.0,40,-0.625862,52,BAIXO,2025-11-21,2026-04-05 18:00:43.371636
489,1411366,AQUISIÇÃO DE MATERIAL DE CONSUMO PARA ATENDER AS NECESSIDADES DA SRCEN (QUIXADÁ),R T COSTA FELICIANO,24200004,1083.0,23,-0.625837,52,BAIXO,2025-12-08,2026-04-05 18:00:43.371636
1186,1399575,"AQUISIÇÃO DE DESENTUPIDOR, SANITARIO, BORRACHA, MINIMO 70 CM, HASTE DE MADEIRA, IDENTIFICACAO DO PRODUTO E MARCA DO FABRICANTE, EMBALAGEM 1.0 UNIDADE. MARCA: FORTLEVES",N MAYARA DO CARMO DE OLIVEIRA ME,29200007,654.0,78,-0.625799,52,BAIXO,2025-10-14,2026-04-05 18:00:43.371636
801,1409266,"Aquisição de material de consumo, EPR - EQUIPAMENTO AUTÔNOMO DE PROTEÇÃO RESPIRATÓRIA, para a 3ª Companhia/1º BBM - MESSEJANA do CBMCE.","3M GLOBAL CHANNEL SERVICES, INC.",10200009,7452000.0,37,-0.625693,52,BAIXO,2025-11-24,2026-04-05 18:00:43.371636
2336,1368161,FERRAMENTAS E UTENSÍLIOS-EEMTI PROFESSORA MARIA DOLORES ARRAIS/(CREDE 18 - CRATO),RGB COMERCIO E SERVICOS LTDA,22000000,575.0,246,-0.625653,52,BAIXO,2025-04-29,2026-04-05 18:00:43.371636
779,1408601,"AUTOMOVEL, TIPO PICK-UP, 4X2, 4X4 REDUZIDA, CABINE DUPLA, CAPACIDADE 5 PASSAGEIROS, POTENCIA MINIMA 180 CV, 4 PORTAS, COMBUSTIVEL DIESEL.",HPE AUTOMOTORES DO BRASIL LTDA,21200003,6959700.0,36,-0.625624,52,BAIXO,2025-11-25,2026-04-05 18:00:43.371636
318,1413105,RECURSO DESTINADO A AQUISIÇÃO DE MEDICAMENTO CONFORME ATA Nº 2025/00326 PARA HSJ,MEDFUTURA DISTRIBUIDORA DE MEDICAMENTOS E PRODUTOS DE SAUDE LTDA,24200224,880.0,335,-0.625616,52,BAIXO,2026-01-30,2026-04-05 18:00:43.371636
2206,1371497,"AQUISIÇÃO DE MEDICAMENTO: CLOMIPRAMINA, CLORIDRATO, 25MG, COMPRIMIDO REVESTIDO. PARA ATENDER A PROGRAMAÇÃO PACTUADA INTEGRADA (PPI)",SANTA BRANCA DISTRIBUIDORA DE MEDICAMENTOS LTDA - EPP,24200004,37254848.0,226,-0.625562,51,BAIXO,2025-05-19,2026-04-05 18:00:43.371636
724,1409211,"Aquisição de 10 SISTEMA DE VIDEOLAPAROSCOPIA, por meio da Ata de Registro de Preço nº 2024/33988, para atender as necessidades do Hospital Universitário do Ceará - HUC.",CONFIANCE MEDICAL PRODUTOS MEDICOS LTDA,24200004,29950000.0,182,-0.625499,51,BAIXO,2025-11-27,2026-04-05 18:00:43.371636
1518,1388187,AQUISIÇÃO DE MATERIA DE CONSUMO- LIMPEZA - EEMTI ZÉLIA DE MATOS BRITO - GUARAMIRANGA - CREDE 8,M & M ANDRADE COMERCIO VAREJISTA DE PRODUTOS DE PAPELARIA EIRELI,22000000,650.0,125,-0.625491,51,BAIXO,2025-08-28,2026-04-05 18:00:43.371636
751,1409274,"Prestação de serviços, por Centros de Formação de Condutores (CFC), referentes à realização de Cursos de Formação Teórico-Técnico e Prática de Direção Veicular, visando a formação e capacitação de candidatos à obtenção da primeira habilitação no âmbito do programa CNH Popular.",CENTRO DE FORMACAO DE CONDUTORES DE PARAMBU LTDA - ME,08200003,6908902.0,35,-0.625412,51,BAIXO,2025-11-26,2026-04-05 18:00:43.371636
2031,1375860,"AQUISIÇÃO DE MEDICAMENTO PARA ESTE CEO-CENTRO, CONFORME ORDEM DE COMPRAS Nº 46627/2025 E ATA Nº 2025/06548",HYPOFARMA INSTITUTO DE HYPODERMIA E FARMACIA LTDA,24200334,620.0,202,-0.625384,51,BAIXO,2025-06-12,2026-04-05 18:00:43.371636
1660,1385208,"COTAÇÃO ELETRÕNICA Nº 16/2025 - AQUISIÇÃO DE GÊNEROS ALIMENTÍCIOS PARA MERENDA ESCOLAR (VINAGRE), EM FAVOR DA EEMTI EDITE ALCÂNTARA MOTA - CREDE 02 - ITAPIPOCA.",OJUARA COMERCIO E SERVICOS LTDA,22000000,675.0,365,-0.625358,51,BAIXO,2025-08-07,2026-04-05 18:00:43.371636
1217,1397699,Aquisição de Ferramentas para Atender a demanda da EEMTI Franklin Távora - ITAPIUNA - CREDE 8,NT COMERCIO DE FERRAGENS E FERRAMENTAS LTDA,22000000,650.0,83,-0.62535,51,BAIXO,2025-10-09,2026-04-05 18:00:43.371636
685,1409601,"Prestação de serviços, por Centros de Formação de Condutores (CFC), referentes à realização de Cursos de Formação Teórico-Técnico e Prática de Direção Veicular, visando a formação e capacitação de candidatos à obtenção da primeira habilitação no âmbito do programa CNH Popular.",CENTRO DE FORMACAO DE CONDUTORES PALMA LTDA,08200003,6739272.0,33,-0.625289,51,BAIXO,2025-11-28,2026-04-05 18:00:43.371636
727,1409052,"Aquisição de componentes (peças e módulos), com a empresa GE HEALTHCARE DO BRASIL COMÉRCIO E SERVIÇOS PARA EQUIPAMENTOS MÉDICOS-HOSPITALARES LTDA, necessários ao reparo do Arco Cirúrgico OEC Brivo Essencial 785 Mono/Color, marca GE Healthcare, pertencente ao Hospital Infantil Albert Sabin/HIAS, pelo período de 12 (doze ) meses.",GE HEALTHCARE DO BRASIL COMÉRCIO E SERVIÇOS PARA EQUIPAMENTOS MÉDICO-HOSPITALARES LTDA,24200204,6996797.0,34,-0.62527,51,BAIXO,2025-11-27,2026-04-05 18:00:43.371636
524,1411346,"Prestação de serviços, por clínica especializada, referente à realização de exames de aptidão física e mental e avaliações psicológicas, bem como perícias médicas especiais, visando a formação e capacitação de candidatos à obtenção da primeira habilitação no âmbito do programa CNH Popular.",CENTRO DE FORMACAO DE CONDUTORES B ALDEOTA LTDA ,08200003,4371904.0,25,-0.62526,51,BAIXO,2025-12-06,2026-04-05 18:00:43.371636
347,1412768,"MANUTENCAO PREVENTIVA E CORRETIVA EM EQUIPAMENTO HOSPITALAR - SERVICO DE MANUTENCAO PREVENTIVA, CORRETIVA, CALIBRACAO, SEGURANCA ELETRICA E REALIZACAO DE TREINAMENTO DOS
EQUIPAMENTOS MEDICO HOSPITALARES PARA O CENTRO DE ESPECIALIDADES ODONTOLOGICA RODOLFO TEOFILO",SCORPION ENGENHARIA E SERVICOS LTDA,24200344,234000.0,3652,-0.625244,51,BAIXO,2026-01-26,2026-04-05 18:00:43.371636
332,1412859,COMPRA DE MATERIAL DE CONSUMO REALIZADO ATRAVES DA ATA DE RP Nº 2025/26819,FG COMERCIO TENDTUDO LTDA,24200344,855.0,337,-0.625236,51,BAIXO,2026-01-28,2026-04-05 18:00:43.371636
1794,1380895,AQUISIÇÃO DE MATERIAL DE LIMPEZA E PRODUÇÃO DE HIGIENIZAÇÃO - EEMTI MARIA AMÉLIA PERDIGÃO SAMPAIO - PALMACIA - CREDE 8,HSMSHOP COMERCIO DE PRODUTOS HOSPITALARES E VARIEDADES LTDA,22000000,700.0,166,-0.625221,51,BAIXO,2025-07-18,2026-04-05 18:00:43.371636
726,1409044,"Trata-se da compra de produtos controlados menos letais (Projétil AM-403/P,Projétil AM-403, Projétil GL-103, Projétil AM-470)",CONDOR S/A INDÚISTRIA QUÍMICA,18200004,6729670.0,34,-0.62522,51,BAIXO,2025-11-27,2026-04-05 18:00:43.371636
811,1408871,"Prestação de serviços, por Centros de Formação de Condutores (CFC), referentes à realização de Cursos de Formação Teórico-Técnico e Prática de Direção Veicular, visando a formação e capacitação de candidatos à obtenção da primeira habilitação no âmbito do programa CNH Popular.",CENTRO DE FORMACAO DE CONDUTORES DE VEICULOS METODO LTDA,08200003,7256435.0,37,-0.625201,51,BAIXO,2025-11-24,2026-04-05 18:00:43.371636
1905,1379381,"LOCAÇÃO DE UM IMÓVEL, NO MUNICÍPIO DE APUIARÉS-CE",FRANCISCA ZIRLANDA BERNARDO GOIS,21200001,102000.0,1826,-0.625181,51,BAIXO,2025-07-01,2026-04-05 18:00:43.371636
1144,1399937,"AQUISIÇÃO DE METFORMINA CLORIDRATO, 500 MG, COMPRIMIDO SIMPLES OU REVESTIDO PARA ATENDER À PROGRAMAÇÃO PACTUADA INTEGRADA (PPI).",PRATI DONADUZZI & CIA LTDA,24200004,15400000.0,72,-0.625144,51,BAIXO,2025-10-20,2026-04-05 18:00:43.371636
442,1411851,Contratação de serviço de produtos e serviços por meio de Pacote de Serviços dos CORREIOS,EMPRESA BRAS DE CORREIOS E TELEGRAFOS ,46200009,400000.0,1826,-0.625128,51,BAIXO,2025-12-17,2026-04-05 18:00:43.371636
1245,1396527,"AQUISIÇÃO DE BELIMUMABE, PO LIOFILIZADO PARA SOLUCAO INJETAVEL, 400MG PARA ATENDER DEMANDAS JUDICIAIS.",T S COMERCIAL DE MEDICAMENTOS E REPRESENTACAO LTDA,24200004,16854976.0,85,-0.625099,51,BAIXO,2025-10-07,2026-04-05 18:00:43.371636
428,1411908,"CT 162/2025 - CEPAL - O objeto do presente instrumento é a aquisição de 41 (quarenta e um) TRATORES SOBRE RODAS, MOTOR TURBINADO 3 CILINDROS, 56 CV, TRANSMISSAO, 8 VELOCIDADES A FRENTE, 2 A RE, TRACAO 4X4, SISTEMA HIDRAULICO 3 PONTOS, FREIO MULTIDISCO UMIDO, DIRECAO HIDROSTATICA, RODA DO DIANTEIRO 9.5 - 24R1 E TRASEIRO 14.9-28R1, KIT CONTROLE REMOTO, CAPACIDADE MINIMA HIDRAULICO 2.450KG, AVULSO 1.0 UNIDADE. MARCA: MASSEY FERGUSON/ MF 4307, conforme condições estabelecidas neste contrato, na ORDEM DE COMPRA/SERVIÇO Nº 108428/2025 - ATA DE REGISTRO DE PREÇO Nº 2024/00126, no Termo de Referência do edital e na proposta do CONTRATADO.",CEQUIP IMPORTAÇÃO E COMÉRCIO LTDA,21000000,65149000.0,365,-0.625081,51,BAIXO,2025-12-19,2026-04-05 18:00:43.371636
598,1410123,"AQUISIÇÃO DO MATERIAL DE HIGIENE PESSOAL DO KIT´S
HIGIÊNICOS DOS INTERNOS E MATERIAL PARA BERÇÁRIO (CRECHE), PARA ATENDER AS NECESSIDADES DA SECRETÁRIA DA ADMINISTRAÇÃO PENITENCIÁRIA - SAP.",BRILHARES PRODUTOS DE LIMPEZA LTDA ,18000000,5281432.0,28,-0.625042,51,BAIXO,2025-12-03,2026-04-05 18:00:43.371636
2396,1367301,"Contratação do SERVIÇO AUTÔNOMO DE ÁGUA E ESGOTO DE MADALENA ¿ SAAE DE
MADALENA, para prestação de serviços de fornecimento de água tratada, através do procedimento de
inexigibilidade de licitação por se tratar de uma entidade que congrega as associações comunitárias com
Sistema de Abastecimento de Água e Esgoto, pertencente a referida Bacia e às circunvizinhanças, no
Estado do Ceará, é uma instituição que tem concessão para a prestação dos serviços de fornecimento de
água e/ou coleta de esgoto sanitário com exclusividade no Município de Madalena ¿ CE, conforme a Lei
Municipal de Nº 005/1987, de 03 de Maio de 1989.",SAAE DE MADALENA,22000000,720000.0,1826,-0.62498,51,BAIXO,2025-04-23,2026-04-05 18:00:43.371636
2363,1367646,AQUISIÇÃO DE MATERIAL DE COPA E COZINHA - CENTRO CEARENSE DE IDIOMAS - UNIDADE BATURITÉ - CREDE 8,FRANCISCO MATEUS DA ROCHA DO NASCIMENTO 27634641812,22000000,586.0,250,-0.624975,51,BAIXO,2025-04-25,2026-04-05 18:00:43.371636
2412,1366622,"Contratação da Companhia de Água e Esgoto do Ceará ¿ CAGECE, empresa especializada, na prestação do serviço de fornecimento de água tratada e rede de esgoto, para atender demanda da sede IDACE.",COMPANHIA DE AGUA E ESGOTO DO CEARA CAGECE,21200003,240000.0,3652,-0.624939,51,BAIXO,2025-04-16,2026-04-05 18:00:43.371636
200,1416329,"Contratação de empresa para prestação de serviços contínuos a serem executados com dedicação exclusiva de mão de obra terceirizada, regidos pela Consolidação das Leis Trabalhistas (CLT) para as categorias, condições e quantidades estabelecidas no edital e seus anexos.",NEW LEAF CONCEITO E SERVIÇOS TERCEIRIZADOS LTDA,18000000,65914296.0,365,-0.62487,50,BAIXO,2026-02-24,2026-04-05 18:00:43.371636
2026,1376273,Serviço de manutenção preventiva e corretiva na Casa do Artesão (SPS).,KG CONSTRUÇÕES LTDA - EPP,43200007,65643022.0,365,-0.62487,50,BAIXO,2025-06-13,2026-04-05 18:00:43.371636
1529,1387519,Aquisição de Coletes de Proteção Balística para PMCE. MAPP 464,COPLATEX INDUSTRIA E COMERCIO DE TECIDOS LDTA.,10200008,66156826.0,365,-0.62487,50,BAIXO,2025-08-27,2026-04-05 18:00:43.371636
1066,1407013,CONTRATAÇÃO DE PRODUTOS E SERVIÇOS POR MEIO DE PACOTE DE SERVIÇOS DOS CORREIOS,EMPRESA BRAS DE CORREIOS E TELEGRAFOS ,21200001,100000.0,1826,-0.62479,50,BAIXO,2025-10-28,2026-04-05 18:00:43.371636
2447,1366227,AQUISIÇÃO DE MATERIAL ODONTOLOGICO PARA A CSASR/PMCE. MAPP 62.,GRADUAL COMERCIO E SERVICOS EIRELI,10200008,588.0,261,-0.624659,50,BAIXO,2025-04-14,2026-04-05 18:00:43.371636
1466,1389494,SERVIÇOS DE MANUTENÇÃO CORRETIVA E PREVENTIVA EM PRÉDIOS PÚBLICOS - COMPLEXO MAIS INFÂNCIA CURIÓ-CE.,KG CONSTRUÇÕES LTDA - EPP,43200007,64710271.0,365,-0.624658,50,BAIXO,2025-09-03,2026-04-05 18:00:43.371636
373,1412625,"Serviço de manutenção predial na EEMTI PROFESSORA MARIA MARGARIDA ALMEIDA, com serviços comum de engenharia para manutenção
preventiva e corretiva das instalações físicas predial do imóvel com fornecimento de mão de obra. CT 014/2026.",SALINAS EMPREENDIMENTOS E CONSTRUCOES LTDA ,22000000,64591917.0,365,-0.624658,50,BAIXO,2026-01-20,2026-04-05 18:00:43.371636
2341,1368327,"Aquisição de mobiliários para atender à Rede Pública Estadual de Ensino, de acordo com as especificações e quantitativos previstos no Termo de Referência. CT 81/2025.",MOVEIS JB INDUSTRA E COMERCIO LTDA,22000000,64899000.0,365,-0.624658,50,BAIXO,2025-04-29,2026-04-05 18:00:43.371636
1121,1402536,Material de Consumo - Material para Festividades e Homenagens para a EEMTI JOSEFA CLEMENTINO FERREIRA DE OLIVEIRA - CREDE 8,EDUQUE & BRINQUE EIRELI - ME,22000000,689.0,70,-0.624649,50,BAIXO,2025-10-22,2026-04-05 18:00:43.371636
480,1411544,"Aquisição de 18 (dezoito) licenças  ADOBE CREATIVE CLOUD VIP TEAMS GOVERNAMENTAL ALL APPS , LICENÇA SUBSCRIÇÃO POR 36 MESES.",MCR SISTEMAS E CONSULTORIA LTDA,30000000,2553930.0,1096,-0.624558,50,BAIXO,2025-12-09,2026-04-05 18:00:43.371636
1324,1396594,AQUISIÇÃO DE SERVIÇOS TECNICOS PROFISSIONAIS - CONTABILIDADE - EEMTI TIRADENTES - CREDE 19,PARTENAIRE CONTABILIDADE AUDITORIA E PLANEJAMENTO TRIBUTARIO SS,22000000,730.0,365,-0.624512,50,BAIXO,2025-09-25,2026-04-05 18:00:43.371636
1363,1395673,SERVIÇOS TÉCNICOS PROFISSIONAIS - EEM PROFESSORA DIVA CABRAL - (SEFOR 3),PARTENAIRE CONTABILIDADE AUDITORIA E PLANEJAMENTO TRIBUTARIO SS,22000000,730.0,365,-0.624512,50,BAIXO,2025-09-19,2026-04-05 18:00:43.371636
1205,1399845,Aquisição de Serviço de contabilidade - EEMTI ESTADO DA BAHIA - CRATO - CREDE 18,ANTONIA VEBEANE DE ALMEIDA CONTABILIDADE,22000000,700.0,365,-0.624512,50,BAIXO,2025-10-13,2026-04-05 18:00:43.371636
1408,1393116,SERVIÇOS DE TERCEIROS ¿ SERVIÇOS TÉCNICOS PROFISSIONAIS - EEMTI PROFESSORA ADÉLIA BRASIL FEIJÓ - SEFOR 3,PARTENAIRE CONTABILIDADE AUDITORIA E PLANEJAMENTO TRIBUTARIO SS,22000000,730.0,365,-0.624512,50,BAIXO,2025-09-15,2026-04-05 18:00:43.371636
1862,1380061,SERVIÇO DE CONSULTORIA ¿ ASSESSORIA CONTÁBIL - ESCOLA INDÍGENA ABA KATU - MONSENHOR TABOSA - CREDE 13,PARTENAIRE CONTABILIDADE AUDITORIA E PLANEJAMENTO TRIBUTARIO SS,22000000,730.0,365,-0.624512,50,BAIXO,2025-07-10,2026-04-05 18:00:43.371636
1424,1390170,Serviços Técnicos Profissionais - EEEP PAULO PETROLA - (SEFOR 1),ANTONIA VEBEANE DE ALMEIDA CONTABILIDADE,22000000,730.0,365,-0.624512,50,BAIXO,2025-09-11,2026-04-05 18:00:43.371636
1170,1400049,AQUISIÇÃO DE SERVIÇOS DE TERCEIROS - SERVIÇOS TÉCNICOS PROFISSIONAIS ASSESSORIA CONTÁBIL EM FAVOR DA EEEP PAULO BARBOSA LEITE - CARIRIACU - CREDE 19,PARTENAIRE CONTABILIDADE AUDITORIA E PLANEJAMENTO TRIBUTARIO SS,22000000,730.0,365,-0.624512,50,BAIXO,2025-10-16,2026-04-05 18:00:43.371636
1078,1403411,SERVIÇOS TÉCNICOS PROFISSIONAIS - CEJA JOÃO RICARDO DA SILVEIRA - QUIXADA - CREDE 12,PARTENAIRE CONTABILIDADE AUDITORIA E PLANEJAMENTO TRIBUTARIO SS,22000000,730.0,365,-0.624512,50,BAIXO,2025-10-28,2026-04-05 18:00:43.371636
1227,1398596,AQUISIÇÃO DE SERVIÇOS DE TERCEIROS  - SERVIÇOS CONTÁBEIS - EEFM DONA LUÍZA TÁVORA - PIO XII - (SEFOR 2),ANTONIA VEBEANE DE ALMEIDA CONTABILIDADE,22000000,690.0,365,-0.624512,50,BAIXO,2025-10-09,2026-04-05 18:00:43.371636
60,1421743,AQUISIÇÃO - SERVIÇOS DE TERCEIROS - TÉCNICOS PROFISSIONAIS - (EEMTI Jangurussu) - (SEFOR 2) - EEMTI ALMIRANTE TAMANDARÉ,ANTONIA VEBEANE DE ALMEIDA CONTABILIDADE,22000000,700.0,365,-0.624512,50,BAIXO,2026-03-17,2026-04-05 18:00:43.371636
1452,1391518,SERVIÇOS TÉCNICOS PROFISSIONAIS - COORDENADORIA REGIONAL DE DESENVOLVIMENTO DA EDUCAÇÃO (CREDE 18 - CRATO),PARTENAIRE CONTABILIDADE AUDITORIA E PLANEJAMENTO TRIBUTARIO SS,22000000,730.0,365,-0.624512,50,BAIXO,2025-09-05,2026-04-05 18:00:43.371636
1495,1390889,CONTRATAÇÃO DE SERVIÇOS TÉCNICOS PROFISSIONAIS PARA ATENDER AS NECESSIDADES DA ESCOLA - EEMTI MANUEL FERREIRA DA SILVA - EUSEBIO - CREDE 1,PARTENAIRE CONTABILIDADE AUDITORIA E PLANEJAMENTO TRIBUTARIO SS,22000000,730.0,365,-0.624512,50,BAIXO,2025-09-01,2026-04-05 18:00:43.371636
1118,1404528,AQUISIÇÃO DE serviços técnicos profissionais - CENTRO CEARENSE DE IDIOMAS DE FORTALEZA R6 - UNIDADE SUL - (SEFOR 2),PARTENAIRE CONTABILIDADE AUDITORIA E PLANEJAMENTO TRIBUTARIO SS,22000000,890.0,360,-0.6244,50,BAIXO,2025-10-23,2026-04-05 18:00:43.371636
409,1412109,"Aquisição de Liner (consumível dos Cromatógrafos a Gás) e do Padrão Analítico Cocaína D3, para uso no Núcleo de Toxicologia Forense (NUTOF), pertencente à Coordenadoria de Análises Laboratoriais Forenses ¿ CALF.",FERPEL COMERCIO E REPRESENTACAO LTDA,10100007,1526142.0,7,-0.624322,50,BAIXO,2025-12-24,2026-04-05 18:00:43.371636
59,1421737,Serviços Técnicos Profissionais - EEM POLIVALENTE MODELO DE FORTALEZA -  (SEFOR 2) //,ANTONIA VEBEANE DE ALMEIDA CONTABILIDADE,22000000,750.0,365,-0.624301,49,BAIXO,2026-03-17,2026-04-05 18:00:43.371636
1540,1388689,AQUISIÇÃO - SERVIÇOS DE TERCEIROS - TÉCNICOS PROFISSIONAIS - EEEP GOVERNADOR VIRGÍLIO TÁVORA - CRATO - CREDE 18,ANTONIA VEBEANE DE ALMEIDA CONTABILIDADE,22000000,740.0,365,-0.624301,49,BAIXO,2025-08-26,2026-04-05 18:00:43.371636
1714,1383918,AQUISIÇÃO DE GÊNEROS ALIMENTÍCIOS ATRAVÉS DA COTAÇÃO ELETRÔNICA - EEMTI EDSON LUIZ CAVALCANTE DE GOUVÊA - IGUATU - CREDE 16,O S R MAGAZINE LTDA,22000000,750.0,365,-0.624301,49,BAIXO,2025-08-01,2026-04-05 18:00:43.371636
1022,1404174,AQUISIÇÃO DE MATERIAL DE CONSUMO - GÊNEROS DE ALIMENTAÇÃO EM FAVOR DA EEM PREFEITO ANTÔNIO CONSERVA FEITOSA - JUAZEIRO DO NORTE - CREDE 19,DEYVID M. SOUSA NEVES,22000000,740.0,365,-0.624301,49,BAIXO,2025-10-31,2026-04-05 18:00:43.371636
75,1421707,SERVIÇOS CONTÁBEIS PARA ATENDER ÀS DEMANDAS LEGAIS FISCAIS E TRIBUTÁRIAS DA ESCOLA E UNIDADE EXECUTORA SANTA LUZIA - EEFM SANTA LUZIA - (SEFOR 2),ANTONIA VEBEANE DE ALMEIDA CONTABILIDADE,22000000,740.0,365,-0.624301,49,BAIXO,2026-03-13,2026-04-05 18:00:43.371636
1356,1394822,SERVIÇOS CONTÁBEIS - ESCOLA INDIGENA ANACÉ JOAQUIM DA ROCHA FRANCO - CAUCAIA - CREDE 1,ANTONIA VEBEANE DE ALMEIDA CONTABILIDADE,22000000,740.0,365,-0.624301,49,BAIXO,2025-09-19,2026-04-05 18:00:43.371636
1018,1404229,Material de Acondicionamento e Embalagem - EEMTI FRANCISCO PORCIANO FERREIRA - CREDE 3,CRISTIANE REGINA MENEZES 04692422300,22000000,660.0,61,-0.624298,49,BAIXO,2025-10-31,2026-04-05 18:00:43.371636
1222,1397473,"AQUISIÇÃO DE MEDICAMENTO: LEVONORGESTREL, ENDOCEPTIVO, BLISTER, 52MG, SISTEMA INTRA UTERINO. PARA ATENDER A REDE HOSPITALAR/SESA",BAYER S.A.,24200004,17002767.0,83,-0.624293,49,BAIXO,2025-10-09,2026-04-05 18:00:43.371636
79,1419244,"Aquisição de material de consumo - limpeza, para utilização nas dependências do uso da Coordenadoria de Imunização.",WELLINGTON IZIDIO DE OLIVEIRA,24200004,564.0,294,-0.624212,49,BAIXO,2026-03-12,2026-04-05 18:00:43.371636
1474,1389514,"OMALIZUMABE, SOLUCAO INJETAVEL, 150MG, SERINGA PREENCHIDA, UNIDADE 1.0 SERINGA PREENCHIDA. MARCA: NOVARTIS, Solicitação de compra de medicamento para atender à demanda do Componente Especializado da Assistência Farmacêutica grupo 1B (CEAF)",ONCOEXO DISTRIBUIDORA DE MEDICAMENTOS LTDA,24200004,22105512.0,119,-0.624212,49,BAIXO,2025-09-03,2026-04-05 18:00:43.371636
1453,1389986,"COMPRESSA, GAZE ESTERIL, COR BRANCA, ABSORVENTE, ISENTA DE AMIDO, ALVEJANTE OPTICO E CONTAMINANTES, ACABAMENTO SEM REBARBAS E SEM SOLTAR FIOS, PRONTA PARA USO, ESTERIL, 15CMX30CM ABERTA, 7,5CMX7,5CM FECHADA 11 FIOS/CM2, EM 8 CAMADAS, Solicitação de compra de material médico hospitalar para a Rede Hospitalar/SESA.",DISTRIBUIDORA MUNDIAL DE PROD HOSP LTDA.,24200004,21597136.0,117,-0.624212,49,BAIXO,2025-09-05,2026-04-05 18:00:43.371636
606,1410161,"A presente contratação tem por objeto a aquisição de serviço de emissão de certificados digitais, visitas técnicas e fornecimento de mídia criptográfica (tokens), para a Procuradoria-Geral do Estado - PGE.",CERTI SP CONSULTORIA EMPRESARIAL LTDA,13000000,2332485.0,1096,-0.62421,49,BAIXO,2025-12-03,2026-04-05 18:00:43.371636
1189,1399473,AQUISIÇÃO- MATERIAL DE CONSUMO- GÊNEROS DE ALIMENTAÇÃO - EEMTI ANTÔNIO MOTA - ANTONINA DO NORTE - CREDE 18,L F S COMERCIO E IMPORTACAO DE ALIMENTOS LTDA,22000000,2332068.0,12,-0.624158,49,BAIXO,2025-10-14,2026-04-05 18:00:43.371636
793,1408814,"Prestação de serviços, por Centros de Formação de Condutores (CFC), referentes à realização de Cursos de Formação Teórico-Técnico e Prática de Direção Veicular, visando a formação e capacitação de candidatos à obtenção da primeira habilitação no âmbito do programa CNH Popular.",CENTRO DE FORMAÇÃO DE CONDUTORES  VITÓRIA LTDA -- ME,08200003,7138741.0,37,-0.624144,49,BAIXO,2025-11-24,2026-04-05 18:00:43.371636
1322,1393401,Aquisição de Créditos na Plataforma Microsoft Azure; de acordo com o contrato 064/2025,LANLINK SOLUCOES E COMERCIALIZACAO EM INFORMATICA S/A,19000000,2421980.0,1096,-0.624119,49,BAIXO,2025-09-25,2026-04-05 18:00:43.371636
1455,1389898,Aquisição de material de consumo (LIMPEZA) para atender a demanda da COADS IGUATÚ.,NORCLEAN INDUSTRIA E COMERCIO LTDA,24200004,720.0,118,-0.623873,49,BAIXO,2025-09-04,2026-04-05 18:00:43.371636
807,1412344,"PRESTAÇÃO DE SERVIÇOS CONTÍNUOS A SEREM EXECUTADOS COM DEDICAÇÃO EXCLUSIVA DE MÃO DE OBRA TERCEIRIZADA, REGIDOS PELA CONSOLIDAÇÃO DAS LEIS TRABALHISTAS (CLT), PARA AS CATEGORIAS, CONDIÇÕES E QUANTIDADES ESTABELECIDAS NO EDITAL E SEUS ANEXOS.",CENTRAL DE TERCEIRIZAÇÃO DE SERVIÇOS LTDA,08200007,63251448.0,365,-0.623814,49,BAIXO,2025-11-24,2026-04-05 18:00:43.371636
1633,1384540,"Trata-se do credenciamento de prestadores de serviços de saúde de forma complementar ao Sistema Único de Saúde (SUS), para a realização de cirurgias eletivas em oftalmologia para atender os usuários do Sistema Único de Saúde - SUS, tendo em vista a necessidade identificada pela Central de Regulação do Estado do Ceará, consoante com a necessidade da administração pública, atendendo as normas estabelecidas no edital e na Lei Federal nº 14.133/2021.",INST PRAXIS DE EDUC CULTURA E ACAO SOCIA,24200004,63192941.0,365,-0.623814,49,BAIXO,2025-08-11,2026-04-05 18:00:43.371636
1359,1391886,"Aquisição de Coletes de Proteção Balística, masculinos e femininos, com capa modular, nível de proteção III-A, tamanhos variados, para atender as necessidades da Polícia Militar do Estado do Ceará. MAPP 160",COPLATEX INDUSTRIA E COMERCIO DE TECIDOS LDTA.,10100003,62998124.0,365,-0.623814,49,BAIXO,2025-09-19,2026-04-05 18:00:43.371636
1947,1377392,"Constitui-se objeto deste contrato a Prestação de Serviços em Nuvem Pública como SaaS, para a Cessão de Licenças do Software Google Workspace e Serviço Especializado Sob Demanda, em conformidade com as especificações contidas na Proposta Comercial e no Documento de Especificação Técnica de TIC.",EMPRESA DE TECNOLOGIA DA INFORMACAO DO CEARA ETICE,13000000,63005756.0,365,-0.623814,49,BAIXO,2025-06-24,2026-04-05 18:00:43.371636
780,1409434,"A presente contratação tem por objeto a aquisição de aparelhos de ar-condicionado, com instalação no local, destinados ao atendimento das necessidades das salas de aula e espaços de convivência do Campus Multi-institucional Humberto Teixeira, localizado em Iguatu ¿ CE.",GELAR REFRIGERACAO COMERCIAL LTDA - ME,31000000,63248698.0,365,-0.623814,49,BAIXO,2025-11-25,2026-04-05 18:00:43.371636
2257,1369529,"O presente Instrumento tem por objeto a contratação de empresa especializada para AQUISIÇÃO DE LICENÇAS PARA SOLUÇÃO KASPERSKY ENDPOINT DETECTION AND RESPONSE (EDR) OPTIMUM, COM SUPORTE E GARANTIA DE 36 (TRINTA E SEIS) MESES, para atender as demandas da Secretaria da Segurança Pública e Defesa Social - SSPDS.",QUALITEK TECNOLOGIA LTDA,10000000,2150000.0,1096,-0.623799,49,BAIXO,2025-05-09,2026-04-05 18:00:43.371636
673,1409443,"Aquisição de 20 (vinte) baldes (Balde, plástico alta resistência, 10 litros, alça de metal), para atendimento à Assessoria Especial da Vice Governadoria, através da Ata de Registro de Preços nº
2025/06402, Pregão Eletrônico nº 20240014/SEPLAG, cujo fornecedor é a empresa NORCLEAN INDUSTRIA E COMERCIO LTDA, CNPJ Nº48.009.091/0001-52.",GMS JAMPA DISTRIBUIDORA LTDA,58000000,946.0,33,-0.623753,49,BAIXO,2025-11-28,2026-04-05 18:00:43.371636
77,1419983,MERENDA ESCOLAR - EEM GOVERNADOR ADAUTO BEZERRA -  (SEFOR 3),OMEGA DISTRIBUIDORA DE PRODUTOS ALIMENTICIOS LTDA,22000000,2377693.0,12,-0.623736,49,BAIXO,2026-03-12,2026-04-05 18:00:43.371636
1678,1382890,"HIDROCLOROTIAZIDA, 25MG, COMPRIMIDO, Solicitação de compra de medicamento para atender a Programação Pactuada Integrada (PPI)",CIMED INDUSTRIA S.A.,24200004,24417185.0,148,-0.623711,49,BAIXO,2025-08-05,2026-04-05 18:00:43.371636
2304,1369411,Serviços de terceiros ¿ Serviços de profissionais ¿ Contabilidade - EEMTI MARIA STELA ROCHA AGUIAR - CAMOCIM - CREDE 4,ACE ASSESSORIA CONTABIL LTDA,22000000,900.0,359,-0.623704,49,BAIXO,2025-05-05,2026-04-05 18:00:43.371636
1295,1394857,"AQUISIÇÃO DE MEDICAMENTO: CLONAZEPAM, 2MG, COMPRIMIDO. PARA ATENDER A PROGRAMAÇÃO PACTUADA INTEGRADA - PPI",SANTA BRANCA DISTRIBUIDORA DE MEDICAMENTOS LTDA - EPP,24200004,17794788.0,92,-0.623662,49,BAIXO,2025-09-30,2026-04-05 18:00:43.371636
264,1415860,"Empresa especializada para prestação de Email corporativo por meio da plataforma Google Workspace, mediante a computação em nuvem pública, no modelo Software como Serviço (SaaS), contemplando o fornecimento de licenças do Google Workspace (G Suite).",EMPRESA DE TECNOLOGIA DA INFORMACAO DO CEARA ETICE,21200003,628800.0,1826,-0.623566,49,BAIXO,2026-02-12,2026-04-05 18:00:43.371636
568,1411116,AQUISIÇÃO DE MATERIAL QUÍMICO,ESSE ENE COMÉRCIO E SERVIÇOS LTDA,10100013,4637114.0,26,-0.623556,48,BAIXO,2025-12-05,2026-04-05 18:00:43.371636
2492,1365674,SERVIÇOS TÉCNICOS PROFISSIONAIS-LICEU ESTADUAL ALFREDO ALMEIDA MACHADO/ (CREDE 12 - QUIXADÁ),SANTOS SERVICOS CONTABEIS LTDA,22000000,940.0,359,-0.623493,48,BAIXO,2025-04-08,2026-04-05 18:00:43.371636
1806,1380909,"Aquisição de KIT PARA IMPLANTE DE VÁLVULA CARDÍACA TRANSCATETER (TAVI), por 12 (doze) meses, para o Hospital de Messejana Dr. Carlos Alberto Studart Gomes/SESA.",EDWARDS LIFESCIENCES COMÉRCIO DE PRODUTOS MÉDICO-CIRÚRGICOS LTDA,24200214,62380000.0,365,-0.623392,48,BAIXO,2025-07-17,2026-04-05 18:00:43.371636
281,1413971,Aquisição de material de consumo (LIMPEZA) para atender a demanda da COADS CAUCAIA.,PROLIMP PRODUTOS E SERVIÇOS  LTDA,24200004,659.0,325,-0.623381,48,BAIXO,2026-02-09,2026-04-05 18:00:43.371636
1305,1395146,Contrato nº 273/2025. CONSTRUÇÃO DE UM CENTRO DE EDUCAÇÃO INFANTIL (CEI) NO MUNICÍPIO DE PENAFORTE - CE,LUZ ENGENHARIA E SERVICOS EIRELI,22000000,17350507.0,577,-0.623336,48,BAIXO,2025-09-29,2026-04-05 18:00:43.371636
991,1405176,AQUISIÇÃO DE MATERIAL DE CONSUMO COM FORNECIMENTO CONTINUADO PARA ATENDER AS NECESSIDADES DA POLÍCIA CIVIL.,ROMULO DO NASCIMENTO FERREIRA EPP,10100002,60714545.0,364,-0.623243,48,BAIXO,2025-11-04,2026-04-05 18:00:43.371636
195,1416042,AQUISIÇÃO DE MATERIAL DE CONSUMO PARA ATENDER AS NECESSIDADES DA COADS/BREJO SANTO,FG COMERCIO TENDTUDO LTDA,24200004,560.0,310,-0.623226,48,BAIXO,2026-02-24,2026-04-05 18:00:43.371636
2268,1369788,Aquisição de medicamento.,HOSPDROGAS COMERCIAL LTDA,24200794,695.0,237,-0.623212,48,BAIXO,2025-05-08,2026-04-05 18:00:43.371636
1874,1379679,"AQUISIÇÃO DE MATERIAIS DE CONSUMO UTENSÍLIOS DE LIMPEZA (ESPONJA PARA LIMPEZA), PARA ATENDER AS NECESSIDADES DA SECRETARIA DA SEGURANÇA PÚBLICA E DEFESA SOCIAL E SUAS COORDENADORIAS VINCULADAS.",BRILHARES PRODUTOS DE LIMPEZA LTDA ,10000000,700.0,176,-0.623186,48,BAIXO,2025-07-08,2026-04-05 18:00:43.371636
1831,1380692,"Realização de serviços especializados na área da saúde, relacionados a procedimentos com finalidade diagnóstica e cirúrgica na especialidade de cardiologia, ofertados pela iniciativa privada e destinados aos usuários do Sistema Único de Saúde ¿ SUS, regulados pela Central de Regulação do Estado do Ceará ou por unidades da Rede
Hospitalar da SESA.",FUNDAÇAO OTILIA CORREIA SARAIVA,24200004,61926714.0,365,-0.623181,48,BAIXO,2025-07-14,2026-04-05 18:00:43.371636
111,1419182,"Contratação EMERGENCIAL de empresa para prestação de serviços contínuos a serem executados com dedicação exclusiva de mão de obra terceirizada, sob o regime da Consolidação das Leis do Trabalho (CLT), destinados a atender às necessidades das áreas de serviços de vigilância patrimonial do Instituto de Saúde dos Servidores do Estado do Ceará ¿ ISSEC e DIPEM para as categorias, condições e quantidades estabelecidas neste Termo de Referência.",SEGURO SEGURANÇA LTDA,46200001,62011476.0,365,-0.623181,48,BAIXO,2026-03-08,2026-04-05 18:00:43.371636
1791,1380806,"AQUISIÇÃO DE FILTRO, BACTERIANO/VIRAL TIPO HEPA, EFICIENCIA DE FILTRACAO PARA BACTERIAS E VIRUS, MEMBRANA BIDIRECIONAL E HIDROFOBICA, BAIXA RESISTENCIA AO FLUXO DE AR, MEMBRANA FILTRANTE EM PAPEL DE FIBRA DE VIDRO OU FIBRA SINTETICA DE ALTA PERFORMANCE HIDROFOFOBICO HEPA, UTILIZADO NO RAMO EXPIRATORIO E/OU INSPIRATORIO DO CIRCUITO, PROXIMAL AO EQUIPAMENTO E SEM CONEXAO DIRETA A VIA AEREA DO PACIENTE, LIVRE DE LATEX, EFICIENCIA DE FILTRACAO VIRAL DE 99,9999%, REVESTIMENTO DO FILTRO EM POLIPROPILENO, CONEXOES UNIVERSAIS","LICITATRADE SERVICO, COMERCIO E IMPORTACAO LTDA",24200004,740.0,166,-0.623163,48,BAIXO,2025-07-18,2026-04-05 18:00:43.371636
763,1409021,"Aquisições de insumos de laboratório para atender as necessidades do HEMOCE, através de entrega imediata, OC 103138/2025, ARP 2024/00153, PE 0344/2024.",HOSPMAIA COMERCIO DE MATERIAL HOSPITALAR LTDA,24200424,810.0,36,-0.623159,48,BAIXO,2025-11-25,2026-04-05 18:00:43.371636
218,1418240,Contratação de serviços e produtos postais,ECT EMP BRAS DE CORREIOS E TELEGRAFOS,08200007,600000.0,1826,-0.62315,48,BAIXO,2026-02-20,2026-04-05 18:00:43.371636
2251,1370553,"Contratação do Serviço de Consultoria - Assessoria Contábil, Pessoa Jurídica (Contador) para realizar a regularização da Agenda Tributária de 2025/2026 da Unidade Executora da Escola de Ensino Médio em Tempo Integral João Barbosa Lima e da EEMTI João Barbosa Lima  - ITAICABA - CREDE 10",CONTEC SOLUCAO CONTABIL E ADMINISTRATIVA LTDA,22000000,900.0,360,-0.623133,48,BAIXO,2025-05-12,2026-04-05 18:00:43.371636
2101,1374374,"Contratação de Serviços Técnicos Profissionais (Contador), destinado a atender as necessidades de regularização da Agenda Tributária de 2025/2026 da Executora Própria EEEM EGIDIA CAVALCANTE CHAGAS e da EEM EGIDIA CAVALCANTE CHAGAS - MORADA NOVA - CREDE 10",ACE ASSESSORIA CONTABIL LTDA,22000000,900.0,360,-0.623133,48,BAIXO,2025-06-02,2026-04-05 18:00:43.371636
2464,1366357,SERVIÇO DE CONSULTORIA - ASSESSORIA CONTáBIL PARA A EEMTI PADRE MARCELINO CHAMPAGNAT - SEFOR 2,ACE ASSESSORIA CONTABIL LTDA,22000000,900.0,360,-0.623133,48,BAIXO,2025-04-09,2026-04-05 18:00:43.371636
2395,1368752,SERVIÇOS TECNICOS PROFISSIONAIS (CREDE 4 - CAMOCIM),ZACARIAS DOS SANTOS CHAVES JUNIOR,22000000,900.0,360,-0.623133,48,BAIXO,2025-04-23,2026-04-05 18:00:43.371636
767,1409060,"Prestação de serviços, por Centros de Formação de Condutores (CFC), referentes à realização de Cursos de Formação Teórico-Técnico e Prática de Direção Veicular, visando a formação e capacitação de candidatos à obtenção da primeira habilitação no âmbito do programa CNH Popular.",CENTRO DE FORMACAO DE CONDUTORES FREITAS MAGALHAES LTDA ME,08200003,6723544.0,36,-0.623108,48,BAIXO,2025-11-25,2026-04-05 18:00:43.371636
1764,1382069,"AQUISIÇÃO DE FRALDA DESCARTÁVEL GERIÁTRICA M , PESO USUÁRIO DE 40 A 70KG PARA ATENDER DEMANDAS JUDICIAIS.",PLENAMED DISTRIBUIDORA DE MEDICAMENTOS E PRODUTOS MEDICOS HOSPITALARES LTDA,24200004,61647576.0,365,-0.62297,48,BAIXO,2025-07-28,2026-04-05 18:00:43.371636
1558,1380897,"CT 045/2025 - CODAF - O objeto do presente instrumento é a prestação dos serviços de Sistema de Produção Agroecológico Mandalla, para atender aos 281 (duzentos e oitenta e um) projetos de apoio à produção de alimentos junto a famílias na zona rural do Estado do Ceará, nas condições estabelecidas neste contrato e no Termo de Referência do edital e na proposta do CONTRATADO.",J.A.S DOMINGOS AGRONEGOCIOS,21000000,61820000.0,365,-0.62297,48,BAIXO,2025-08-21,2026-04-05 18:00:43.371636
930,1406134,CONTRATAÇÃO DE SERVIÇOS DE LINKS DE INTERNET PARA ATENDER AS NECESSIDADES DA POLÍCIA CIVIL.,BRISANET SERVICOS DE TELECOMUNICACOES S.A.,10100002,594504.0,1826,-0.622969,48,BAIXO,2025-11-11,2026-04-05 18:00:43.371636
707,1409991,"DISPENSA de LICITAÇÃO para contratação de serviço especializado para a realização do evento de confraternização do ISSEC, incluindo espaço, buffet, decoração, staff operacional e estrutura de
palco/sonorização, a ser realizado no dia 22 de dezembro de 2025, conforme especificações e quantitativos estabelecidos no Termo de Referência constante dos autos nº 46042.041620/2025-70., através do fornecedor 2M&P-Maestria Ltda ¿ CNPJ 40.520.522/0001-39.",2M&P - MAESTRIA LTDA,46200001,6272439.0,33,-0.622959,48,BAIXO,2025-11-28,2026-04-05 18:00:43.371636
853,1409122,"Contratação de 10 (dez) licenças de softwares de Design Gráfico, com direito de atualização e suporte, através de adesão Carona a ARP nº 40/2024 - MINISTÉRIO DA GESTÃO E DA INOVAÇÃO EM SERVIÇOS PÚBLICOS, item 14: AUTODESK AUTOCAD, Licença Subscrição por 36 meses, no valor unitário de R$20.631,95",MCR SISTEMAS E CONSULTORIA LTDA,24200004,2063195.0,1096,-0.622951,48,BAIXO,2025-11-18,2026-04-05 18:00:43.371636
2087,1374401,SERVIÇO TÉCNICO PROFISSIONAL - EEMTI NOSSA SENHORA DO LIVRAMENTO - GRANJA - CREDE 4,ACE ASSESSORIA CONTABIL LTDA,22000000,920.0,360,-0.622923,48,BAIXO,2025-06-03,2026-04-05 18:00:43.371636
1053,1403343,"AQUISIÇÃO DE MEDICAMENTO: SAIS PARA REIDRATACAO ORAL, GLICOSE, CLORETO DE SODIO, CLORETO DE POTASSIO, CITRATO DE SODIO DI-HIDRATADO, 27,9G, PO. PARA ATENDER A PROGRAMAÇÃO PACTUADA INTEGRADA - PPI",ELFA MEDICAMENTOS S.A.,24200004,13011425.0,63,-0.622897,47,BAIXO,2025-10-29,2026-04-05 18:00:43.371636
112,1419111,GÊNEROS DE ALIMENTAÇÃO ESCOLAR - EEM CORONEL LUIZ FELIPE - GRANJA - CREDE 4 -,OMEGA DISTRIBUIDORA DE PRODUTOS ALIMENTICIOS LTDA,22000000,2284674.0,12,-0.622893,47,BAIXO,2026-03-06,2026-04-05 18:00:43.371636
647,1409549,"AQUISIÇÃO DE MEDICAMENTO: CITALOPRAM, 20MG, COMPRIMIDO REVESTIDO. PARA ATENDER A PROGRAMAÇÃO PACTUADA INTEGRADA - PPI",NDS DISTRIBUIDORA DE MEDICAMENTOS LTDA,24200004,5638962.0,30,-0.622861,47,BAIXO,2025-12-01,2026-04-05 18:00:43.371636
1936,1377775,"ATA de registro de preços Nº 2024/21291, Pregão eletrônico  20240043, que tem como objeto aquisição MATERIAL FARMACOLÓGICO",PRATI DONADUZZI & CIA LTDA,24200204,700.0,189,-0.622824,47,BAIXO,2025-06-25,2026-04-05 18:00:43.371636
2089,1374167,"AQUISIÇÃO DE MEDICAMENTO: PAROXETINA, (CLORIDRATO), 20 MG, COMPRIMIDO REVESTIDO. PARA ATENDER A PROGRAMAÇÃO PACTUADA INTEGRADA (PPI)",HUB HEALTH DISTRIBUIDORA DE PRODUTOS HOSPITALARES LTDA,24200004,33958485.0,211,-0.622795,47,BAIXO,2025-06-03,2026-04-05 18:00:43.371636
2298,1369278,SERVIÇOS TERCEIROS -TÉCNICOS PROFISSIONAIS; EEMTI ANTÔNIO SALES - SUPERINTENDÊNCIA DAS ESCOLAS ESTADUAIS DE FORTALEZA (SEFOR 1),CONTEC SOLUCAO CONTABIL E ADMINISTRATIVA LTDA,22000000,800.0,365,-0.622614,47,BAIXO,2025-05-05,2026-04-05 18:00:43.371636
1970,1377397,"AQUISIÇÃO DE MATERIAL DE LIMPEZA PARA ESTE CEO-CENTRO, CONFORME ORDEM DE COMPRAS Nº 49183/2025 E ATA Nº 2025/06402",N MAYARA DO CARMO DE OLIVEIRA ME,24200334,654.0,191,-0.622564,47,BAIXO,2025-06-23,2026-04-05 18:00:43.371636
759,1408849,"Prestação de serviços, por Centros de Formação de Condutores (CFC), referentes à realização de Cursos de Formação Teórico-Técnico e Prática de Direção Veicular, visando a formação e capacitação de candidatos à obtenção da primeira habilitação no âmbito do programa CNH Popular.",CENTRO DE FORMACAO DE CONDUTORES B ALDEOTA LTDA,08200003,6474842.0,35,-0.622538,47,BAIXO,2025-11-26,2026-04-05 18:00:43.371636
597,1410408,AQUISIÇÃO DE MATERIAL QUÍMICO,ESSE ENE COMÉRCIO E SERVIÇOS LTDA,10100013,5145487.0,28,-0.622502,47,BAIXO,2025-12-03,2026-04-05 18:00:43.371636
558,1410748,"ATA de registro de preços Nº 2025/03963, Pregão eletrônico 20241051, que tem como objeto aquisição - MATERIAL LABORATORIAL",ESSE ENE COMÉRCIO E SERVIÇOS LTDA,24200204,4565059.0,26,-0.62223,47,BAIXO,2025-12-05,2026-04-05 18:00:43.371636
246,1415794,"O objeto do presente instrumento é a contratação para Taxa por Transação
(Transaction Fee) visando futuras e eventuais contratações de serviços de reserva,
emissão e entrega de bilhetes de passagens aéreas no âmbito nacional e internacional e
demais serviços correlatos (passagens rodoviárias e ferroviárias no âmbito internacional,
serviços de reservas de hotéis e veículos terrestres de qualquer porte, translado, seguro
de saúde e de bagagem), nas condições estabelecidas neste contrato e no Termo de
Referência do edital e na proposta do CONTRATADO.",WEBTRIP AGENCIA DE VIAGENS E TURISMO LTDA,30000000,60000000.0,365,-0.622189,47,BAIXO,2026-02-13,2026-04-05 18:00:43.371636
98,1419090,"CONTRATUALIZAÇÃO DO SALDO REMANESCENTE DA ATA DE REGISTRO DE PREÇOS Nº 2025/28013  SERVIÇOS LABORATORIAIS ESPECIALIZADOS , PELO PERÍODO DE 12 (DOZE) MESES. PARA ATENDER ÀS NECESSIDADES DO HOSPITAL GERAL DE FORTALEZA (HGF), VINCULADO À SECRETARIA DA SAÚDE DO ESTADO DO CEARÁ (SESA).   FORNECEDOR: VIDEN PATOLOGIA LTDA",VIDEN PATOLOGIA LTDA. ME,24200184,59876965.0,365,-0.622189,47,BAIXO,2026-03-11,2026-04-05 18:00:43.371636
93,1418796,Aquisição de botas para Polícia Militar do Ceará. MAPP 88,RP MILITAR COMERCIO DE EQUIPAMENTOS DE SEGURANCA LTDA,10100003,60150000.0,365,-0.622189,47,BAIXO,2026-03-11,2026-04-05 18:00:43.371636
53,1421520,"Aquisição de gêneros alimentícios (Hortifrutigranjeiros: folhosos verduras, legumes e frutas).",F.P. FAÇANHA,47000000,59731464.0,365,-0.622189,47,BAIXO,2026-03-18,2026-04-05 18:00:43.371636
1957,1377648,"AQUISIÇÃO DE ICATIBANTO ACETATO, SERINGA PRENCHIDA 3ML + AGULHA, 10 MG/ML, SOLUCAO INJETAVEL E MESALAZINA, 500 MG, SUPOSITORIO RETAL PARA ATENDER DEMANDAS JUDICIAIS.",CM HOSPITALAR S.A.,24200004,27676125.0,190,-0.622189,47,BAIXO,2025-06-24,2026-04-05 18:00:43.371636
1866,1379830,"Aquisição de insumos de laboratório (itens 1 a 6 e 8 a 15 da ARP 2024/04168, oriunda do PE 2024/00483, DOE 13.08.2024) para suprir a necessidade da Hemorrede",IMPORTEC IMPORTADORA CEARENSE LTDA,24200424,60255000.0,365,-0.622189,47,BAIXO,2025-07-09,2026-04-05 18:00:43.371636
728,1409365,AQUISIÇÃO DE VEÍCULOS TIPO VAN PARA ATENDER AS NECESSIDADES DA FUNECE,"MANUPA COMERCIO, EXPORTACAO, IMPORTACAO DE EQUIPAMENTOS E VEICULOS ADAPTADOS EIRELI",31200001,59743862.0,365,-0.622189,47,BAIXO,2025-11-27,2026-04-05 18:00:43.371636
772,1408783,"Prestação de serviços, por Centros de Formação de Condutores (CFC), referentes à realização de Cursos de Formação Teórico-Técnico e Prática de Direção Veicular, visando a formação e capacitação de candidatos à obtenção da primeira habilitação no âmbito do programa CNH Popular.",CENTRO FORMACAO DE CONDUTOR AUTO-ESCOLA BREJO SANTO LTDA,08200003,6415953.0,36,-0.622117,47,BAIXO,2025-11-25,2026-04-05 18:00:43.371636
2436,1366504,Contratação dos Serviços de Abastecimento de Água tratada e Coleta de esgoto nos Campos de Futebol Society (ARENINHAS),COMPANHIA DE AGUA E ESGOTO DO CEARA CAGECE,42200001,575418.0,1826,-0.622101,47,BAIXO,2025-04-14,2026-04-05 18:00:43.371636
587,1410515,"AQUISIÇÃO DE ILOPROSTA, 10MCG/ML, SOLUCAO PARA NEBULIZACAO, AMPOLA 1ML, AMPOLA 1.0 UNIDADE. MARCA: BAYER/BERLIMED S.A  - Solicitação de compra de medicamento para atender à demanda do Componente Especializado da Assistência Farmacêutica (CEAF)",BAYER S.A.,24200004,4938300.0,27,-0.622081,47,BAIXO,2025-12-04,2026-04-05 18:00:43.371636
797,1408382,"AQUISIÇÃO DE SERINGA, SEM AGULHA, BICO LUER SLIP SEM TRAVA, EM POLIPROPILENO/PLASTICO TRANSPARENTE, DESCARTAVEL 1MLSERINGA, SEM AGULHA, BICO LUER SLIP, EM POLIPROPILENO/PLASTICO TRANSPARENTE, DESCARTAVEL 5ML, SERINGA, SEM AGULHA, BICO LUER LOCK, EM POLIPROPILENO/PLASTICO TRANSPARENTE, DESCARTAVEL 3ML,SERINGA, SEM AGULHA, BICO LUER LOCK, EM POLIPROPILENO/PLASTICO TRANSPARENTE, DESCARTAVEL 5ML,SERINGA, SEM AGULHA, BICO LUER SLIP, EM POLIPROPILENO/PLASTICO RANSPARENTE, DESCARTAVEL 10M.",SALDANHA RODRIGUES LTDA,24200004,6912338.0,37,-0.622036,47,BAIXO,2025-11-24,2026-04-05 18:00:43.371636
2448,1366533,SERVIÇOS TECNICOS PROFISSIONAIS NA EEEP PROFESSOR EMMANUEL OLIVEIRA DE ARRUDA COELHO - CREDE 4,ACE ASSESSORIA CONTABIL LTDA,22000000,950.0,360,-0.622012,47,BAIXO,2025-04-11,2026-04-05 18:00:43.371636
1852,1380263,"Contrato nº 245/2025. O objeto do presente instrumento é o serviço de apoio logístico para atender as demandas da Secretaria da Educação do Estado do Ceará ¿ SEDUC, de acordo com as especificações e quantitativos previstos neste Termo de Referência. Pregão Eletrônico n° 20240017 SEDUC/COGEA",MERAKI LANCHONETES LTDA,22000000,60467695.0,365,-0.621979,47,BAIXO,2025-07-10,2026-04-05 18:00:43.371636
2422,1366730,"O objeto do presente instrumento é a contratação de empresa para prestação de serviços contínuos a
serem executados com dedicação exclusiva de mão de obra terceirizada, regidos pela Consolidação da Leis
Trabalhistas (CLT) para as categorias do Lote I, condições e quantidades estabelecidas no Termo de
Referência e seus anexos.  EMPRESA
FORTAL TERCEIRIZAÇÃO DE MÃO DE OBRA
LTDA.",FORTAL TERCEIRIZAÇÃO DE MÃO DE OBRA LTDA,22000000,60650904.0,365,-0.621979,47,BAIXO,2025-04-15,2026-04-05 18:00:43.371636
1715,1382783,"Prestação de serviços de saúde de forma complementar ao Sistema ùnico de Saúde - SUS, para realização de cirurgias eletivas em oftalmologia para  atender aos usuários do Sistema Único de Saúde - SUS, tendo em  vista a necessidade identificada pela Central de Regulação do Estado do Ceará.",HOSPITAL DE OLHOS NEUSA ROCHA LTDA- EPP,24200004,59467732.0,365,-0.621979,47,BAIXO,2025-08-01,2026-04-05 18:00:43.371636
189,1416985,"Contratação de empresa especializada para realização de exames laboratoriais, por um período de 12 (doze ) meses, para atender aos pacientes do Hospital Infantil Albert Sabin/SESA.",LAB DE ANALISES CARLOS RIBEIRO SS LTDA,24200204,60746376.0,365,-0.621979,47,BAIXO,2026-02-25,2026-04-05 18:00:43.371636
2479,1365303,"RECURSO DESTINADO A AQUISIÇÃO DE MEDICAMENTOS PARA HSJ, REFERENTE ATA REGISTRO PREÇO 2024/07429, PREGÃO ELETRÔNICO 2023/1967",T S COMERCIAL DE MEDICAMENTOS E REPRESENTACAO LTDA,24200224,585.0,267,-0.621969,46,BAIXO,2025-04-08,2026-04-05 18:00:43.371636
244,1415051,"AQUISIÇÃO DE MEDICAMENTO PARA ATENDER A PROGRAMAÇÃO PACTUADA INTEGRADA - PPI - ITEM 2: HALOPERIDOL, 5MG, COMPRIMIDO  -  ITEM 4: HALOPERIDOL, DECANOATO - 50MG/ML, SOLUCAO INJETAVEL AMPOLA 1ML  -  ITEM 7: PROMETAZINA, CLORIDRATO, 25MG, COMPRIMIDO REVESTIDO",EMMARKA DISTRIBUIDORADE MEDICAMENTOS LTDA,24200004,42552275.0,316,-0.621863,46,BAIXO,2026-02-18,2026-04-05 18:00:43.371636
2219,1370900,RECURSO DESTINADO A AQUISIÇÃO DE MEDICAMENTO CONFORME ATA Nº2025/06328 PARA HSJ,T S COMERCIAL DE MEDICAMENTOS E REPRESENTACAO LTDA,24200224,732.0,230,-0.621862,46,BAIXO,2025-05-15,2026-04-05 18:00:43.371636
2039,1375908,MATERIAL DE EXPEDIENTE ¿ MATERIAL DE CONSUMO MATERIAL DE LIMPEZA E PRODUÇÃO DE HIGIENIZAÇÃO (FLANELA e CESTO PARA LIXO),TTM COMERCIO E SERVICOS LTDA,46200009,725.0,203,-0.621775,46,BAIXO,2025-06-11,2026-04-05 18:00:43.371636
635,1409808,"Prestação de serviços, por Centros de Formação de Condutores (CFC), referentes à realização de Cursos de Formação Teórico-Técnico e Prática de Direção Veicular, visando a formação e capacitação de candidatos à obtenção da primeira habilitação no âmbito do programa CNH Popular.",CENTRO DE FORMAÇÃO DE CONDUTORES MALHEIRO RAMALHO LTDA -- ME,08200003,5495249.0,30,-0.621765,46,BAIXO,2025-12-01,2026-04-05 18:00:43.371636
640,1409730,"A presente Ata tem por objeto o Registro de Preço para futuras e eventuais aquisições de Material de Consumo - Pneus de Pequeno Porte, cujas especificações e quantitativos encontram-se detalhados no Anexo I ¿ Termo de Referência do edital de PREGÃO ELETRÔNICO Nº 20240009/SEPLAG que passa a fazer parte desta Ata, com as propostas de preços apresentadas pelos detentores de preços registrados classificados em primeiro lugar, conforme consta nos autos do Processo nº 46001.002404/2024-12.",DV COMERCIAL E SERVICOS LTDA,21000000,5464125.0,30,-0.621765,46,BAIXO,2025-12-01,2026-04-05 18:00:43.371636
422,1411918,"AQUISIÇÃO DE RUXOLITINIBE, FOSFATO, 5MG, COMPRIMIDO PARA ATENDER DEMANDAS JUDICIAIS.",ONCOEXO DISTRIBUIDORA DE MEDICAMENTOS LTDA,24200004,1728720.0,9,-0.621761,46,BAIXO,2025-12-22,2026-04-05 18:00:43.371636
856,1407598,"Contratualização da ATA Nº 4566/2024, por 06 (seis) meses, no valor de R$ 270.547,56, para atender as necessidades do HCASG.",G.L PHARMA LTDA,24200214,27054756.0,181,-0.621737,46,BAIXO,2025-11-17,2026-04-05 18:00:43.371636
194,1415831,AQUISIÇÃO DE MATERIAL DE CONSUMO PARA ATENDER AS NECESSIDADES DA COADS/BREJO SANTO,WELLINGTON IZIDIO DE OLIVEIRA,24200004,644.0,310,-0.621709,46,BAIXO,2026-02-24,2026-04-05 18:00:43.371636
864,1407064,"AQUISIÇÃO DE LUVA, DE PROCEDIMENTO, PEQUENO, BORRACHA/LATEX NATURAL, NAO ESTERIL, COM PO, LUBRIFICADA, AMBIDESTRA, LUVA, DE PROCEDIMENTO, TAMANHO GRANDE, BORRACHA/LATEX NATURAL, NAO ESTERIL, COM PO, LUBRIFICADA, AMBIDESTRA,LUVA, DE PROCEDIMENTO, TAMANHO GRANDE, BORRACHA/LATEX NATURAL, NAO ESTERIL, COM PO, LUBRIFICADA. PARA ATENDER ÀS UNIDADES DE SAÚDE DO ESTADO DO CEARÁ.",ALPHA MEDICAMENTOS E SOLUCOES EM SAUDE LTDA,24200004,9576490.0,47,-0.621599,46,BAIXO,2025-11-14,2026-04-05 18:00:43.371636
1855,1380100,"AQUISIÇÃO DE MATERIAL DE CONSUMO - UTENSÍLIOS DE LIMPEZA -  FLANELA, 100% ALGODAO, DIMENSOES MINIMAS 38 X 58 CM, PESO MINIMO 30 GR, BORDAS OVERLOQUEADAS LINHAS DE ALGODAO, USO GERAL, AVULSO 1.0 UNIDADE.",TTM COMERCIO E SERVICOS LTDA,57200001,725.0,174,-0.621592,46,BAIXO,2025-07-10,2026-04-05 18:00:43.371636
1010,1404351,Aquisição de material de proteção e segurança - INSTITUTO DE EDUCAÇÃO DO CEARÁ - SEFOR 3,NT COMERCIO DE FERRAGENS E FERRAMENTAS LTDA,22000000,760.0,61,-0.621582,46,BAIXO,2025-10-31,2026-04-05 18:00:43.371636
1095,1401653,AQUISIÇÃO DE MATERIAL DE LIMPEZA E PRODUÇÃO DE HIGIENIZAÇÃO  - EEMTI PADRE GUILHERME WAESSEN - SEFOR 2,GMS JAMPA DISTRIBUIDORA LTDA,22000000,748.0,69,-0.621515,46,BAIXO,2025-10-23,2026-04-05 18:00:43.371636
312,1416103,AQUISIÇÃO DE MATERIAL MÉDICO HOSPITALAR,KASVI IMPORTACAO E DISTRIBUICAO DE PRODUTOS PARA LABORATORIOS LTDA,10100013,950.0,335,-0.621495,46,BAIXO,2026-01-30,2026-04-05 18:00:43.371636
1750,1382139,"AQUISIÇÃO DE UNIFORMES, TECIDOS E AVIAMENTOS PARA A EEMTI MENEZES PIMENTEL - CREDE 8",FRANCISCO MATEUS DA ROCHA DO NASCIMENTO 27634641812,22000000,714.0,155,-0.621489,46,BAIXO,2025-07-29,2026-04-05 18:00:43.371636
1758,1382016,MATERIAL DE LIMPEZA E PRODUÇÃO DE HIGIENIZAÇÃO - EEMPC FRANCISCA PINTO DOS SANTOS - OCARA - CREDE 8,57.300.218 JOAO GABRIEL SILVA MENDES,22000000,700.0,155,-0.621489,46,BAIXO,2025-07-29,2026-04-05 18:00:43.371636
698,1409821,"Prestação de serviços, por Centros de Formação de Condutores (CFC), referentes à realização de Cursos de Formação Teórico-Técnico e Prática de Direção Veicular, visando a formação e capacitação de candidatos à obtenção da primeira habilitação no âmbito do programa CNH Popular.",CENTRO DE FORMACAO DE CONDUTORES CRISTAL LTDA ,08200003,6116738.0,33,-0.621481,46,BAIXO,2025-11-28,2026-04-05 18:00:43.371636
317,2026000003,"SAAE DE IPU - 
SERVIÇO DE ÁGUA E ESGOTO ",SAAE DE IPU                             ,57000000,120000.0,1826,-0.621433,46,BAIXO,2026-01-30,2026-04-05 18:00:43.371636
546,1410814,"Solicitação de compra de material médico hospitalar para a Rede Hospitalar/SESA, SERINGA, SEM AGULHA, BICO LUER SLIP SEM TRAVA, EM POLIPROPILENO/PLASTICO TRANSPARENTE, DESCARTAVEL 1ML; SERINGA, SEM AGULHA, BICO LUER SLIP, EM POLIPROPILENO/PLASTICO TRANSPARENTE, DESCARTAVEL 5ML; SERINGA, SEM AGULHA, BICO LUER LOCK, EM POLIPROPILENO/PLASTICO TRANSPARENTE, DESCARTAVEL 3ML; SERINGA, SEM AGULHA, BICO LUER LOCK, EM POLIPROPILENO/PLASTICO TRANSPARENTE, DESCARTAVEL 5ML; SERINGA, SEM AGULHA, BICO LUER SLIP, EM POLIPROPILENO/PLASTICO TRANSPARENTE, DESCARTAVEL 10ML.",SALDANHA RODRIGUES LTDA,24200004,4483738.0,26,-0.621388,46,BAIXO,2025-12-05,2026-04-05 18:00:43.371636
1977,1376961,RECURSO DESTINADO A AQUISIÇÃO DE MEDICAMENTO CONFORME ATA Nº 2025/00328 PARA HSJ,T S COMERCIAL DE MEDICAMENTOS E REPRESENTACAO LTDA,24200224,697.0,196,-0.621386,46,BAIXO,2025-06-18,2026-04-05 18:00:43.371636
1581,1385979,"AQUISIÇÃO DE MATERIAL FARMACOLÓGICO PARA O HOSPITAL GERAL DE FORTALEZA ( CEFTAZIDIMA, + AVIBACTRAM, 2.000 MG + 500MG, PO PARA SOLUCAO PARA INFUSAO, UNIDADE 1.0 FRASCO / AMPOLA)",PFIZER BRASIL LTDA,24200184,21009825.0,134,-0.621323,46,BAIXO,2025-08-19,2026-04-05 18:00:43.371636
602,1410173,"AQUISIÇÕES DE EXTRATOR DE ÁCIDOS NUCLEICOS E EQUIPAMENTO TERMOCICLADOR, CONFORME ESPECIFICAÇÕES NA ATA Nº 137/2025",LOCCUS DO BRASIL,24200314,4970000.0,28,-0.62124,46,BAIXO,2025-12-03,2026-04-05 18:00:43.371636
1454,1390519,"3.1. O objeto do presente instrumento é a prestação dos serviços de DEDETIZAÇÃO GERAL,
incluindo desinsetização (cupins, baratas, moscas, formigas e mosquitos aedes aegypti), além do combate a outras pragas urbanas (ratos, morcegos, aranhas e escorpiões), mediante
manutenção preventiva e corretiva, destinado a atender as áreas internas e externas de sua
sede e de seus equipamentos culturais, por um período de 02 (dois) anos, nas condições
estabelecidas neste contrato e no Termo de Referência do edital e na proposta do
CONTRATADO.",4K DEDETIZAÇÕES LTDA,27000000,6758688.0,730,-0.621225,46,BAIXO,2025-09-05,2026-04-05 18:00:43.371636
2004,1376617,MATERIAL PARA SINALIZAÇÃO VISUAL - EEMTI INTEGRADA 2 DE MAIO - SEFOR 2,NT COMERCIO DE FERRAGENS E FERRAMENTAS LTDA,22000000,700.0,198,-0.621175,46,BAIXO,2025-06-16,2026-04-05 18:00:43.371636
1047,1404486,SERVIÇOS TECNICOS PROFISISONAIS - CENTRO CEARENSE DE IDIOMAS DE FORTALEZA R1 - UNIDADE KENNEDY - SEFOR 1,ACE ASSESSORIA CONTABIL LTDA,22000000,900.0,364,-0.621018,45,BAIXO,2025-10-29,2026-04-05 18:00:43.371636
128,1419412,AQUISIÇÃO DE SERVIÇOS TÉCNICOS PROFISSIONAIS- SERVIÇO DE CONTABILIDADE - EEMTI DEPUTADO ANTÔNIO LEITE TAVARES - BARRO - CREDE 20,ANTONIA VEBEANE DE ALMEIDA CONTABILIDADE,22000000,900.0,364,-0.621018,45,BAIXO,2026-03-05,2026-04-05 18:00:43.371636
2171,1372574,SERVIÇOS TECNICOS PROFISSIONAIS - EEMTI PROFESSORA MARIA EDILCE DIAS FERNANDES - IBICUITINGA - CREDE 12,ACE ASSESSORIA CONTABIL LTDA,22000000,900.0,364,-0.621018,45,BAIXO,2025-05-22,2026-04-05 18:00:43.371636
2186,1371934,"AQUISIÇÃO DE MULETA, ALUMÍNIO ANODIZADO
POLIDO, AXILAR, EMBALAGEM 1.0 PAR. PARA ATENDER DEMANDAS JUDICIAIS/SESA",PROHOSPITAL COMÃ¿RCIO HOLANDA LTDA,24200004,726.0,224,-0.620984,45,BAIXO,2025-05-21,2026-04-05 18:00:43.371636
900,1406595,"AQUISIÇÃO DE INSUMO: TIRA, REATIVAS PARA GLICEMIA, SISTEMA PARA EVITAR INTERFERENCIA DE SUBSTANCIAS ENDOGENAS E EXOGENAS. PARA ATENDER A PROGRAMAÇÃO PACTUADA INTEGRADA - PPI",ROCHE DIABETES CARE BRASIL LTDA,24200004,9678720.0,49,-0.62096,45,BAIXO,2025-11-12,2026-04-05 18:00:43.371636
1282,1395133,"AQUISIÇÃO DE ELTROMBOPAGUE OLAMINA, COMPRIMIDO REVESTIDO, 25MG, UNIDADE 1.0 COMPRIMIDO. / ELTROMBOPAGUE OLAMINA, COMPRIMIDO REVESTIDO, 50MG,  COMPRIMIDO. Solicitação de compra de medicamento para atendimento judicial/SESA",ONCOEXO DISTRIBUIDORA DE MEDICAMENTOS LTDA,24200004,16374288.0,91,-0.620913,45,BAIXO,2025-10-01,2026-04-05 18:00:43.371636
520,1411310,"CLÍNICA: Prestação de serviços, por clínica especializada, referente à realização de exames de aptidão física e mental e avaliações psicológicas, bem como perícias médicas especiais, visando a formação e capacitação de candidatos à obtenção da primeira habilitação no âmbito do programa CNH Popular.",CENETRAN CENTRO DE EDUCACAO DE TRANSITO LTDA,08200003,3844299.0,24,-0.620889,45,BAIXO,2025-12-07,2026-04-05 18:00:43.371636
2034,1375737,"ATA de registro de preços Nº 153242024, Pregão eletrônico 422023, que tem como objeto aquisição de MATERIAL DE LIMPEZA E PRODUÇÃO DE
HIGIENIZAÇÃO",TTM COMERCIO E SERVICOS LTDA,24200204,725.0,202,-0.620845,45,BAIXO,2025-06-12,2026-04-05 18:00:43.371636
782,1408867,"Prestação de serviços, por Centros de Formação de Condutores (CFC), referentes à realização de Cursos de Formação Teórico-Técnico e Prática de Direção Veicular, visando a formação e capacitação de candidatos à obtenção da primeira habilitação no âmbito do programa CNH Popular.",CENTRO DE FORMACAO DE CONDUTORES BRILHANTE LTDA,08200003,6294445.0,36,-0.620583,45,BAIXO,2025-11-25,2026-04-05 18:00:43.371636
1657,1383863,SERVICO CONTABIL -  GFIP - ESCOLA E UEX:13/2025 E 01/2026 RAIS - ESCOLA E UEX DCTF - UEX ECF -UEX PESQUISA FISCAL DO CNPJ - ESCOLA E UEX - EEM DRA ALDACI BARBOSA - (SEFOR 2),PARTENAIRE CONTABILIDADE AUDITORIA E PLANEJAMENTO TRIBUTARIO SS,22000000,830.0,365,-0.620573,45,BAIXO,2025-08-07,2026-04-05 18:00:43.371636
1787,1382003,SERVIÇOS TÉCNICOS PROFISSIONAIS-CEJA CÍCERA GERMANO CORREIA/ (CREDE 19 - JUAZEIRO DO NORTE),PARTENAIRE CONTABILIDADE AUDITORIA E PLANEJAMENTO TRIBUTARIO SS,22000000,830.0,365,-0.620573,45,BAIXO,2025-07-21,2026-04-05 18:00:43.371636
573,1410364,"AQUISIÇÃO DE CARBAMAZEPINA, 200MG, COMPRIMIDO DE LIBERACAO PROLONGADA, PARA ATENDER DEMANDAS JUDICIAIS",ONCOEXO DISTRIBUIDORA DE MEDICAMENTOS LTDA,24200004,1080.0,27,-0.620495,45,BAIXO,2025-12-04,2026-04-05 18:00:43.371636
1974,1378247,SERVIÇOS CONTÁBEIS - EEMTI POETA PATATIVA DO ASSARÉ - SEFOR 3,ACE ASSESSORIA CONTABIL LTDA,22000000,850.0,365,-0.620363,45,BAIXO,2025-06-21,2026-04-05 18:00:43.371636
250,1414763,"AQUISIÇÃO DE MEDICAMENTO PARA ATENDER A PROGRAMAÇÃO PACTUADA INTEGRADA - PPI - ITEM: IBUPROFENO, 600MG, COMPRIMIDO SIMPLES OU REVESTIDO",NDS DISTRIBUIDORA DE MEDICAMENTOS LTDA,24200004,42817875.0,321,-0.62034,45,BAIXO,2026-02-13,2026-04-05 18:00:43.371636
2198,1371801,"AQUISIÇÃO DE CALCANHEIRA, 100% SILICONE, PARA AMORTECER IMPACTOS E REDUZIR A PRESSÃO NO CALCÂNEO, PONTO CENTRAL MACIO OGIVA, LAVÁVEL, ABAS LATERAIS, TAMANHO 33 A 44. PARA ATENDER A DEMANDAS JUDICIAIS/SESA.",CENTRO ORTOPÉDICO LTDA,24200004,750.0,225,-0.620311,45,BAIXO,2025-05-20,2026-04-05 18:00:43.371636
1221,1397347,"AQUISIÇÃO DE HEMINA , FRASCO AMPOLA, 350MG, PO LIOFILIZADO PARA SOLUCAO INJETAVEL PARA ATENDER DEMANDAS JUDICIAIS.",LICIMASTER DISTRIBUIDORA DE MEDICAMENTOS E PROD MEDICOS HOSP EIRELI,24200004,15432192.0,83,-0.620212,45,BAIXO,2025-10-09,2026-04-05 18:00:43.371636
1713,1382620,"AQUISIÇÃO DE MEDICAMENTO: BECLOMETASONA (DIPROPIONATO), SOLUCAO COM PROPELENTE 200MCG/DOSE, SPRAY ORAL, FRASCO COM 200 DOSES  -  BECLOMETASONA DIPROPIONATO, FRASCO 200 DOSES, 50MCG/DOSE, SOLUCAO AEROSSOL + DISPOSITIVO ORAL SPRAY. PARA ATENDER A PROGRAMAÇÃO PACTUADA INTEGRADA - PPI",UNI HOSPITALAR CEARA LTDA-EPP,24200004,22585285.0,152,-0.620169,45,BAIXO,2025-08-01,2026-04-05 18:00:43.371636
1307,1395958,SERVIÇOS TÉCNICOS PROFISSIONAIS - EEEP DR. JOSÉ ALVES DA SILVEIRA - QUIXERAMOBIM - CREDE 12,ANTONIA VEBEANE DE ALMEIDA CONTABILIDADE,22000000,870.0,365,-0.620153,45,BAIXO,2025-09-29,2026-04-05 18:00:43.371636
2131,1373306,"AQUISIÇÃO DE ATROPINA (SULFATO), 0,25MG/ML, SOLUCAO INJETAVEL, AMPOLA 1ML, AMPOLA 1.0 UNIDADE. MARCA: ATROFRAMA ANTENDENDO AS NECESSIDADES DO IPC CE.",FARMACE IND QUIMICO FARM CEARENSE       ,24200364,720.0,216,-0.620126,45,BAIXO,2025-05-29,2026-04-05 18:00:43.371636
2221,1370981,AQUISIÇÃO - MATERIAL DE CONSUMO - MATERIAL ELÉTRICO E ELETRÔNICO - ESCOLA INDÍGENA TAPEBA DO TRILHO - CAUCAIA - CREDE 1,RC COMERCIAL E SERVICOS MIX LTDA,22000000,755.0,230,-0.620113,45,BAIXO,2025-05-15,2026-04-05 18:00:43.371636
177,1416701,"O objeto do presente instrumento é a prestação dos serviços continuados de limpeza, conservação de áreas ajardinadas e bosques, manutenção arbórea, fornecimento integral de mão de obra qualificada, equipamentos, ferramentas e todos os insumos necessários, a serem realizados no Centro Administrativo Governador Virgílio Távora ¿ Cambeba, conforme especificações técnicas e quantitativos detalhados neste Termo de Referência nas condições estabelecidas neste contrato e no Termo de Referência do edital e na proposta do CONTRATADO",DKM SOLUÇÕES EMPRESARIAIS LTDA - EPP,46000000,55724892.0,364,-0.620088,45,BAIXO,2026-02-26,2026-04-05 18:00:43.371636
468,1411664,"DISPENSA DE LICITAÇÃO PARA AQUISIÇÃO DE MATERIAIS LABORATORIAIS ¿SERVIÇOS DE EXAMES LABORATORIAIS¿, POR UM PRAZO DE 12 (DOZE) MESES, PARA ATENDER ÀS NECESSIDADES DO HOSPITAL GERAL DE FORTALEZA (HGF), VINCULADO À SECRETARIA DA SAÚDE DO ESTADO DO CEARÁ (SESA).",MARTINS ANALISES CLINICAS LTDA,24200184,59110882.0,365,-0.620045,45,BAIXO,2025-12-11,2026-04-05 18:00:43.371636
2335,1368635,"PEN DRIVE, 64 GB, VELOCIDADE DE LEITURA 10 MB/S, INTERFACE USB 1.1, 2.0 & 3.0, UNIDADE 1.0 UNIDADEPEN DRIVE, 64 GB, VELOCIDADE DE LEITURA 10 MB/S, INTERFACE USB 1.1, 2.0 & 3.0, UNIDADE 1.0 UNIDADE. MARCA: OEM/Wernetech.",WERNETECH INFORMATICA LTDA ,69000000,726.0,246,-0.620017,45,BAIXO,2025-04-29,2026-04-05 18:00:43.371636
2242,1371481,Aquisição de serviços de Consultoria Contábil; EEMTI PROFESSOR CORONEL JOSÉ AURÉLIO CÂMARA - SUPERINTENDÊNCIA DAS ESCOLAS ESTADUAIS DE FORTALEZA (SEFOR 3),SANTOS SERVICOS CONTABEIS LTDA,22000000,950.0,364,-0.6199,45,BAIXO,2025-05-13,2026-04-05 18:00:43.371636
1479,1389686,Aquisição dos Serviços Técnicos Profissionais - EEEP PAULO VI - SEFOR 3,ACE ASSESSORIA CONTABIL LTDA,22000000,950.0,364,-0.6199,45,BAIXO,2025-09-02,2026-04-05 18:00:43.371636
2121,1373934,Aquisição de SERVIÇO DE ASSESSORIA CONTÁBIL; EEEP ÍCARO DE SOUSA MOREIRA - SUPERINTENDÊNCIA DAS ESCOLAS ESTADUAIS DE FORTALEZA (SEFOR 3),ACE ASSESSORIA CONTABIL LTDA,22000000,950.0,364,-0.6199,45,BAIXO,2025-05-29,2026-04-05 18:00:43.371636
641,1409822,"Prestação de serviços, por Centros de Formação de Condutores (CFC), referentes à realização de Cursos de Formação Teórico-Técnico e Prática de Direção Veicular, visando a formação e capacitação de candidatos à obtenção da primeira habilitação no âmbito do programa CNH Popular.",CENTRO DE FORMACAO DE CONDUTORES DE VEICULOS ARI LTDA,08200003,5272796.0,30,-0.619851,44,BAIXO,2025-12-01,2026-04-05 18:00:43.371636
236,1415109,"ATA de registro de preços Nº 2025/10196, Pregão eletrônico  20251135, que tem como objeto aquisição MATERIAL FARMACOLÓGICO",HUB HEALTH DISTRIBUIDORA DE PRODUTOS HOSPITALARES LTDA,24200204,750.0,315,-0.619841,44,BAIXO,2026-02-19,2026-04-05 18:00:43.371636
1536,1387476,"a contratação de empresa para prestação de serviços contínuos a serem executados com dedicação exclusiva de mão de obra terceirizada, regidos pela Consolidação da Leis Trabalhistas (CLT) para o serviço de vigilância patrimonial, por meio de vigilância ostensiva, para atendimento das demandas advindas do equipamento público Solar Carvalho Mota, futura ¿Casa do Trabalhador¿.",RISK SEGURANÇA ARMADA EIRELI EPP,59200002,56352372.0,364,-0.619835,44,BAIXO,2025-08-26,2026-04-05 18:00:43.371636
1263,1395819,"AQUISIÇÃO DE MEDICAMENTO: CIPROFIBRATO, 100MG, COMPRIMIDO. PARA ATENDER A PROGRAMAÇÃO PACTUADA INTEGRADA - PPI",MCW PRODUTOS MEDICOS E HOSPITALARES LTDA,24200004,16174725.0,89,-0.619685,44,BAIXO,2025-10-03,2026-04-05 18:00:43.371636
701,2025000023,REGISTRO DE PREÇOS SOLUÇÕES DE FIREWALL ,NTSEC SOLUCOES EM TELEINFORMATICA LTDA,29200007,1510897.0,1098,-0.619663,44,BAIXO,2025-11-28,2026-04-05 18:00:43.371636
872,1407172,"O Processo nº 46042.037961/2024-60 de interesse do INSTITUTO DE SAÚDE DOS SERVIDORES DO ESTADO DO CEARÁ ¿ ISSEC tem por objeto a contratação da empresa GENTE SERVIÇOS E LOCAÇÃO DE MÃO DE OBRA LTDA ¿ CNPJ n° 27.550.473/0001-19 para a prestação de serviços contínuos a serem executados com dedicação exclusiva de mão de obra terceirizada, regidos pela Consolidação da Leis Trabalhistas (CLT) ÁREA DE APOIO ADMINISTRATIVO E TÉCNICO na Diretoria de Perícia Médica ¿ DIPEM administrada pelo Instituto de Saúde dos Servidores do Estado
do Ceará ¿ ISSEC.",GENTE SERVICOS E LOCACAO DE MAO DE OBRA LTDA,46200001,58669519.0,365,-0.619626,44,BAIXO,2025-11-13,2026-04-05 18:00:43.371636
361,1412572,Contratação de mão de obra terceirizada para a Área de Vigilância para a Sede da Coordenadoria de Identificação Humana e Perícias Biométricas (CIHPB) da Pefoce em Fortaleza.,THOMPSON SEGURANCA LTDA                 ,10100007,58709616.0,365,-0.619626,44,BAIXO,2026-01-21,2026-04-05 18:00:43.371636
476,1411499,"AQUISIÇÃO DE NIVOLUMABE 100MG, SOLUÇÃO INJETÁVEL, FRASCO AMPOLA 10ML (OPDIVO) E NIVOLUMABE 40MG, SOLUÇÃO INJETÁVEL, FRASCO AMPOLA 4ML (OPDIVO) PARA ATENDER DEMANDAS JUDICIAIS.",BRISTOL-MYERS SQUIBB FARMACEUTICA LTDA ,24200004,58942068.0,365,-0.619626,44,BAIXO,2025-12-10,2026-04-05 18:00:43.371636
894,1406574,RECURSO DESTINADO A AQUISIÇÃO DE MATERIAL DE LIMPEZA CONFORME ATA Nº 2025/04085  PARA HSJ,GMS JAMPA DISTRIBUIDORA LTDA,24200224,774.0,49,-0.619533,44,BAIXO,2025-11-12,2026-04-05 18:00:43.371636
1719,1382619,"AQUISIÇÃO DE MEDICAMENTO: AZITROMICINA, 500MG, CAPSULA OU COMPRIMIDO REVESTIDO. PARA ATENDER A PROGRAMAÇÃO PACTUADA INTEGRADA - PPI",BELIEVE FARMA COMERCIO DE MEDICAMENTOS E MATERIAIS HOSPITALARES LTDA,24200004,22353069.0,152,-0.619497,44,BAIXO,2025-08-01,2026-04-05 18:00:43.371636
377,1412649,"BORRIFADOR, FRASCO PLASTICO, VALVULA BORRIFADORA SPRAY, 500ML, EMBALAGEM 1.0 UNIDADEBORRIFADOR, FRASCO PLASTICO, VALVULA BORRIFADORA SPRAY, 500ML, EMBALAGEM 1.0 UNIDADE. MARCA: ENGEPLAST",WELLINGTON IZIDIO DE OLIVEIRA,69000000,966.0,346,-0.619423,44,BAIXO,2026-01-19,2026-04-05 18:00:43.371636
386,1412690,"Contratação de serviços técnicos especializados para manutenção evolutiva, corretiva e adaptativa, suporte técnico local e infraestrutura de Data Center
(SaaS) do Sistema de Regulação, Auditoria e Pagamentos (SESA-CE).",FAST MEDIC - SISTEMAS DE GESTAO EM SAUDE LTDA.,24200004,58356000.0,365,-0.619416,44,BAIXO,2026-01-13,2026-04-05 18:00:43.371636
359,1412605,"O objeto do presente contrato Nº25/2026 é a prestação do serviço de manutenção predial na EEM FIGUEIREDO CORREIA, com serviços comum de engenharia para manutenção preventiva e corretiva das instalações físicas predial do imóvel com fornecimento de mão de obra, materiais e peças de reposição, por percentual de desconto sobre as tabelas de serviços da SEINFRA 28 e 28.1 para atender as necessidades dos Órgãos e entidades da Administração Pública Estadual do Ceará localizadas na Capital e nas Zonas Sul, Leste e Oeste da Região Metropolitana de Fortaleza nos municípios e bairros listados no Anexo 1, nas condições estabelecidas neste contrato  e no Termo de Referência do edital e na proposta do CONTRATADO - EMPRESA SALINAS EMPREENDIMENTOS E CONSTRUÇÕES LTDA.",SALINAS EMPREENDIMENTOS E CONSTRUCOES LTDA ,22000000,58250628.0,365,-0.619416,44,BAIXO,2026-01-21,2026-04-05 18:00:43.371636
731,1411864,"CONTRATAÇÃO DE EMPRESA ESPECIALIZADA NA PRESTAÇÃO DE SERVIÇO DE GERENCIAMENTO DE DISPONIBILIDADE DE ÁGUA BRUTA, MEDIANTE TARIFICAÇÃO DE USO DOS RECURSOS HÍDRICOS, POR MEIO DE OUTORGA, PARA A SEDE DA PERÍCIA FORENSE DO ESTADO DO CEARÁ/ PEFOCE.",COGERH CIA DE GESTAO DOS RECURSOS HID CE,10100007,123847.0,1826,-0.619339,44,BAIXO,2025-11-27,2026-04-05 18:00:43.371636
1019,1405611,CONTRATAÇÃO DE EMPRESA ESPECIALIZADA NA PRESTAÇÃO DE SERVIÇO DE GERENCIAMENTO DE DISPONIBILIDADE DE ÁGUA BRUTA PARA O NÚCLEO REGIONAL DE PERÍCIA EM TAUÁ QUE COMPÕE A PERÍCIA FORENSE DO ESTADO DO CEARÁ -PEFOCE.,COGERH CIA DE GESTAO DOS RECURSOS HID CE,10100007,123847.0,1826,-0.619339,44,BAIXO,2025-10-31,2026-04-05 18:00:43.371636
1020,1405628,CONTRATAÇÃO DE EMPRESA ESPECIALIZADA NA PRESTAÇÃO DE SERVIÇO DE GERENCIAMENTO DE DISPONIBILIDADE DE ÁGUA BRUTA PARA O NÚCLEO REGIONAL DE PERÍCIA EM RUSSAS QUE COMPÕE A PERÍCIA FORENSE DO ESTADO DO CEARÁ -PEFOCE.,COGERH CIA DE GESTAO DOS RECURSOS HID CE,10100007,123847.0,1826,-0.619339,44,BAIXO,2025-10-31,2026-04-05 18:00:43.371636
1526,1387907,Aquisição de MATERIAL DE CONSUMO - MATERIAL DE LIMPEZA E PRODUÇÃO DE HIGIENIZAÇÃO (Rodo) para atender as necessidades da SRSUL.,GMS JAMPA DISTRIBUIDORA LTDA,24200004,748.0,126,-0.619331,44,BAIXO,2025-08-27,2026-04-05 18:00:43.371636
146,1417223,AQUISIÇÃO DE MATERIAL DE CONSUMO PARA ATENDER AS NECESSIDADES DA COADS/BREJO SANTO,7SET COMERCIO E SERVICOS LTDA,24200004,760.0,303,-0.619294,44,BAIXO,2026-03-03,2026-04-05 18:00:43.371636
46,1421530,SERVIÇOS DE MANUTENÇÃO CORRETIVA E PREVENTIVA - PASSARELA DE PEDESTRE SÃO JOÃO DO TAUAPE.,KG CONSTRUÇÕES LTDA - EPP,43200007,55527903.0,365,-0.61925,44,BAIXO,2026-03-18,2026-04-05 18:00:43.371636
1741,1382488,"Prestação de serviços de saúde de forma complementar ao Sistema ùnico de Saúde - SUS, para realização de cirurgias eletivas em oftalmologia para  atender aos usuários do Sistema Único de Saúde - SUS, tendo em  vista a necessidade identificada pela Central de Regulação do Estado do Ceará.",ESCOLA CEARENSE DE OFTALMOLOGIA LTDA,24200004,55447788.0,365,-0.61925,44,BAIXO,2025-07-30,2026-04-05 18:00:43.371636
2297,1369442,"Aquisição de ÓRTESES E PRÓTESES em TITTÂNICO (implantes) para cirurgia de coluna tóraco lombar (escolioses  em pacientes pediátrico com material em consignação, para atender as demandas do Hospital Infantil Albert Sabin-HIAS,  dos pacientes na fila de espera, pelo período de 12 (doze) meses, de acordo com as especificações e quantitativos previstos.",PROMED MATERIAIS CIRURGICOS LTDA,24200204,55297000.0,365,-0.61925,44,BAIXO,2025-05-05,2026-04-05 18:00:43.371636
1978,1377044,"ATA de registro de preços Nº 186952024, que tem como objeto aquisição de GÊNEROS DE ALIMENTAÇÃO",ART MEDICA COM E REP PROD HOST LTDA,24200204,28410296.0,196,-0.619205,44,BAIXO,2025-06-18,2026-04-05 18:00:43.371636
827,1407919,"AQUISIÇÃO DE ANFOTERICINA B, LIPOSSOMAL 50MG, PO LIOFILIZADO PARA SOLUCAO INJETAVEL, FRASCO AMPOLA, UNIDADE 1.0 FRASCO / AMPOLA. MARCA: AMBISOME 50 MG / UNITED MEDICAL. SOLICITAÇÃO DE MEDICAMENTO PARA ATENDER A REDE HOSPITALAR - SESA",ONCO PROD DISTRIBUIDORA DE PRODUTOS HOSPITALARES E ONCOLOGICOS LTDA,24200004,7714870.0,42,-0.619175,44,BAIXO,2025-11-19,2026-04-05 18:00:43.371636
2145,1373599,serviços contábeis  - EEMTI MIRIAN PORTO MOTA - SEFOR 2,ACE ASSESSORIA CONTABIL LTDA,22000000,890.0,365,-0.619105,43,BAIXO,2025-05-27,2026-04-05 18:00:43.371636
1129,1401950,AQUISIÇÃO - SERVIÇOS DE TERCEIROS - OUTROS SERVIÇOS DE TERCEIROS  - EEMTI WILSON GONÇALVES - CRATO - CREDE 18,PARTENAIRE CONTABILIDADE AUDITORIA E PLANEJAMENTO TRIBUTARIO SS,22000000,890.0,365,-0.619105,43,BAIXO,2025-10-21,2026-04-05 18:00:43.371636
1111,1402260,AQUISIÇÃO - SERVIÇOS DE TERCEIROS - TÉCNICOS PROFISSIONAIS EEM FRANCISCO MIGUEL DE ANDRADE (CREDE 18 - CRATO),PARTENAIRE CONTABILIDADE AUDITORIA E PLANEJAMENTO TRIBUTARIO SS,22000000,890.0,365,-0.619105,43,BAIXO,2025-10-23,2026-04-05 18:00:43.371636
269,1414373,"AQUISIÇÃO DE FILME, RESINITE PELICULA, FILME EM PVC, AUTO ADESIVO, ESTICAVEL, TRANSPARENTE, 28CM X 30M, ROLO 1.0 UNIDADE. MARCA: BRICOFLEX, PARA ATENDER AS NECESSIDADES DO IPC.",FG COMERCIO TENDTUDO LTDA,24200364,756.0,323,-0.61906,43,BAIXO,2026-02-11,2026-04-05 18:00:43.371636
395,1415961,"Aquisição de sementes de algodão transgênico BRS 500 B2RF, devidamente registradas no Registro Nacional de Cultivares ¿ RNC/MAPA e com eventos aprovados pela CTNBio, destinadas à execução do Programa Estadual de Fortalecimento e Revitalização da Cotonicultura no Ceará, conforme Lei Estadual nº 19.410/2025, visando à implementação de até 5.000 hectares
de cultivo nos municípios das regiões do Sertão dos Inhamuns e Sertão Central.",LYNTERA COTTON LTDA,56000000,56900000.0,365,-0.618997,43,BAIXO,2026-01-06,2026-04-05 18:00:43.371636
2331,1368595,"Manutenção Preventiva e Corretiva das instalações Físicas Prediais e Equipamentos Públicos, na EEEP PROFESSORA MARLY FERREIRA MARTINS. CT 206/2025",KG CONSTRUÇÕES LTDA - EPP,22000000,57171519.0,365,-0.618997,43,BAIXO,2025-04-30,2026-04-05 18:00:43.371636
491,1410469,"Aquisição de equipamentos de radiocomunicação com protocolo de comunicação TETRA, destinados ao fortalecimento das ações previstas no âmbito do Programa Estadual Integrado de Segurança Pública (PISP).",TELTRONIC BRASIL LTDA,10000000,57106220.0,365,-0.618997,43,BAIXO,2025-12-08,2026-04-05 18:00:43.371636
1292,1395613,"Contratação de empresa para prestação de serviços contínuos de vigilância patrimonial, diurna e noturna, com dedicação exclusiva de mão de obra terceirizada.",SATELITE SEGURANCA PRIVADA LTDA,31200006,57511464.0,365,-0.618997,43,BAIXO,2025-09-30,2026-04-05 18:00:43.371636
113,1418233,MATERIAL DE EXPEDIENTE(PINCEL ATÔMICO RECARREGAVEL).,EMANUEL VICTOR SILVA COSTA,56200007,750.0,300,-0.618953,43,BAIXO,2026-03-06,2026-04-05 18:00:43.371636
526,1411338,"Prestação de serviços, por CFC (autoescola) visando a formação e capacitação de candidatos à obtenção da primeira habilitação no âmbito do programa CNH Popular.",CENTRO DE FORMACAO DE CONDUTORES FREITAS MAGALHAES LTDA ME,08200003,4142164.0,25,-0.618935,43,BAIXO,2025-12-06,2026-04-05 18:00:43.371636
657,1409750,"AQUISIÇÃO DE LEVODOPA + BENSERAZIDA(CLORIDRATO), 100MG + 25 MG, CAPSULA DE LIBERACAO PROLONGADA PARA ATENDER À PROGRAMAÇÃO PACTUADA INTEGRADA (PPI).",ONMED DISTRIBUIDORA DE MEDICAMENTOS LTDA,24200004,5187875.0,30,-0.618865,43,BAIXO,2025-12-01,2026-04-05 18:00:43.371636
2220,1371014,EG - AQUISIÇÃO - MATERIAL DE CONSUMO - MATERIAL ELÉTRICO E ELETRÔNICO - EEEP GOVERNADOR VIRGÍLIO TÁVORA - CRATO - CREDE 18,HSMSHOP COMERCIO DE PRODUTOS HOSPITALARES E VARIEDADES LTDA,22000000,780.0,230,-0.618812,43,BAIXO,2025-05-15,2026-04-05 18:00:43.371636
1637,1384215,"ATA de registro de preços Nº 2025/00006, Pregão eletrônico  20250350, que tem como objeto aquisição  MATERIAL FARMACOLÓGICO",ONCOVIT DISTRIBUIDORA DE MEDICAMENTOS LTDA,24200204,21883752.0,142,-0.618807,43,BAIXO,2025-08-11,2026-04-05 18:00:43.371636
1308,1394687,"Contratação de serviço medico Hospitalar - sessões de tratamento  com a empresa DAVITA UTR, para atender as necessidades do Hias.",DAVITA UTR SERVICOS DE NEFROLOGIA -LTDA,24200204,56788080.0,365,-0.618788,43,BAIXO,2025-09-29,2026-04-05 18:00:43.371636
2228,1371354,Serviços para ampliação da infraestrutura do parque tecnológico desta Setorial de Governo a partir da contratação de empresa para a prestação de serviços de fornecimento de pontos de internet (link) a partir do lançamento de cabo de fibra ótica.,EMPRESA DE TECNOLOGIA DA INFORMACAO DO CEARA ETICE,47000000,56504425.0,365,-0.618788,43,BAIXO,2025-05-14,2026-04-05 18:00:43.371636
1073,1402833,"Software Autodesk Collection Autodesk 1.085 Architecture, demais informações de acordo com Termo de Referência e/ou Descritivo Técnico do Processo, UNID. DE MEDIDA: Unitário / Marca: Autodesk Collection Autodesk Architecture / Fabricante: Autodesk QTD: 3",CS CAD CAM SERVICOS DE SOFTWARE LTDA,08000000,1221120.0,1278,-0.618759,43,BAIXO,2025-10-28,2026-04-05 18:00:43.371636
56,1422146,"CONTRATAÇÃO DE SERVIÇOS TECNICOS PROFISSIONAIS PARA REALIZAÇÃO DA AGENDA TRIBUTÁRIA DE 2026/2027, para UNIDADE EXECUTORA DA EEMTI ANTÔNIO VIDAL MALVEIRA - TABULEIRO DO NORTE - CREDE 10",ANTONIA VEBEANE DE ALMEIDA CONTABILIDADE,22000000,980.0,359,-0.61869,43,BAIXO,2026-03-17,2026-04-05 18:00:43.371636
1708,1382499,"ATA de registro de preços Nº 2025/00006, Pregão eletrônico  20250350, que tem como objeto aquisição MATERIAL FARMACOLÓGICO",ONCOVIT DISTRIBUIDORA DE MEDICAMENTOS LTDA,24200204,21883752.0,152,-0.618659,43,BAIXO,2025-08-01,2026-04-05 18:00:43.371636
1332,1393820,"Aquisição de dispositivo para implante de marcapasso câmara dupla com sensor (DDDR), por 12 (doze) meses, para o Hospital de Messejana Dr. Carlos Alberto Studart Gomes/SESA",BIOTRONIK COMERCIAL MEDICA LTDA,24200214,54069850.0,365,-0.618622,43,BAIXO,2025-09-23,2026-04-05 18:00:43.371636
1056,1404894,"SOLICITAÇÃO PARA AQUISIÇÃO DE MEDICAMENTO POR MEIO DE DISPENSA DE LICITAÇÃO POR UM PERÍODO DE 12 (DOZE) MESES - ITENS: METADONA (CLORIDRATO), 5MG, COMPRIMIDO  -  METADONA (CLORIDRATO), 10MG, COMPRIMIDO.",EMMARKA DISTRIBUIDORADE MEDICAMENTOS LTDA,24200004,54691095.0,365,-0.618622,43,BAIXO,2025-10-29,2026-04-05 18:00:43.371636
2401,1367254,"Prestação dos serviços comuns de Engenharia para Manutenção
Preventiva e Corretiva das instalações Físicas Prediais e Equipamentos Públicos, no INSTITUTO
CEARENSE DE EDUCAÇÃO DE SURDOS, com fornecimento de mão de obra, materiais e peças de
reposição, por percentual de desconto sobre as tabelas de serviços da SEINFRA 28 e 28.1 para
atender as necessidades dos Órgãos e entidades da Administração Pública Estadual do Ceará localizadas
na Capital e nas Zonas Sul, Leste e Oeste da Região Metropolitana de Fortaleza nos municípios e bairros
listados no Anexo 1, nas condições estabelecidas neste contrato e no Termo de Referência do edital e na
proposta do CONTRATADO.",KG CONSTRUÇÕES LTDA - EPP,22000000,54712882.0,365,-0.618622,43,BAIXO,2025-04-22,2026-04-05 18:00:43.371636
2195,1371779,Aquisição de Material de Expediente - ESCOLA INDÍGENA MANOEL FRANCISCO DOS SANTOS - ARATUBA - CREDE 8,ISMAEL FERREIRA GOMES,22000000,789.0,225,-0.618591,43,BAIXO,2025-05-20,2026-04-05 18:00:43.371636
135,1418777,"Aquisição de água mineral natural sem gás, envasada em garrafões de 20 (vinte) litros, em regime de comodato e com fornecimento parcelado e contínuo, destinada ao atendimento da Casa da Mulher Cearense em Tauá.",LP SOLUCOES EM LICITACOES LTDA,62000000,161850.0,1826,-0.618529,43,BAIXO,2026-03-04,2026-04-05 18:00:43.371636
624,1410020,"AQUISIÇÃO DE EXTENSOR, VOLUME DE PREENCHIMENTO PRIMING REDUZIDO PARA 0,5 A 1,5ML, USO EM NEONATOLOGIA E PEDIATRIA, CONECTOR LUER FEMEA EM UMA EXTREMIDADE E LUER LOCK REVERSIVEL NA OUTRA EXTREMIDADE, PERFUSOR 120CM, TUBO FOTOSSENSIVEL EM PVC GRAU MEDICO, FLEXIVEL. EXTENSOR, PROTETOR ENROSCADO, ESTERIL, PERFUSOR 2 VIAS, PRIME REDUZIDO COMPATIVEL COM USO EM NEONATOLOGIA, TUBO TRANSPARENTE FLEXIVEL COM CONECTOR LUER LOCK UNIVERSAL. PARA ATENDER AS UNIDADES DE SAUDE DO ESTADO DO CEARA - SESA",JB FARMA COMERCIO DE MEDICAMENTOS E REPRESENTACOES EIRELI,24200004,5081712.0,29,-0.618446,43,BAIXO,2025-12-02,2026-04-05 18:00:43.371636
625,1409891,"AQUISIÇÃO DE MATERIAL MÉDICO HOSPITALAR, (MICRO, MOLAS PARA ANEURISMA CEREBRAL; BALAO, REMODELAMENTO INTRACRANIANO; BALAO, ELASTOMERO) PARA O HOSPITAL GERAL DE FORTALEZA-HGF/SESA.",MASTERMEDIC COMERCIO DE PROD.MED. HOSPITALARES LTDA,24200184,5068920.0,29,-0.618446,43,BAIXO,2025-12-02,2026-04-05 18:00:43.371636
256,1415133,Aquisição de Equipamentos de Proteção Individual (EPI S) e fardamentos para os profissionais que desenvolvem ações de vigilância e controle de endemias e zoonoses transmitidas por vetores e seus reservatórios,RECAMONDE ARTEFATOS DE COURO LTDA,24200004,53437419.0,365,-0.618369,43,BAIXO,2026-02-13,2026-04-05 18:00:43.371636
72,1420141,"MATERIAL DE CAMA, MESA E BANHO - EEM ANANIAS DO AMARAL VIEIRA - MOMBAÇA - CREDE 14",JAMES DIAS GOMES FILHO LTDA,22000000,750.0,290,-0.618336,42,BAIXO,2026-03-16,2026-04-05 18:00:43.371636
1611,1385787,"Concessão de subvenção econômica pela CONCEDENTE à BENEFICIÁRIA DA SUBVENÇÃO, para a execução do PROJETO ¿CompreUp: ´Plataforma Inteligente de Automação e Otimização de Compras para Pequenos e Médios Negócios do Setor Alimentício¿, doravante denominado PROJETO, conforme PLANO DE TRABALHO aprovado pela Funcap e anexo a este Termo de Outorga.",COMPREUP INOVA SIMPLES (I.S.),31200005,5380740.0,730,-0.618314,42,BAIXO,2025-08-13,2026-04-05 18:00:43.371636
1499,1389268,"Concessão de subvenção econômica pela CONCEDENTE à BENEFICIÁRIA DA SUBVENÇÃO, para a execução do PROJETO ¿Cirurgia Autorizada: Plataforma Integrada para Gestão do Fluxo Cirúrgico¿, doravante denominado PROJETO, conforme PLANO DE TRABALHO aprovado pela Funcap e anexo a este Termo de Outorga.",PLATAFORMA CIRURGIA AUTORIZADA,31200005,5370000.0,730,-0.618314,42,BAIXO,2025-09-01,2026-04-05 18:00:43.371636
1496,1389031,"Serviço especializado para análise de resíduos de agrotóxicos, metais pesados e produtos químicos em amostras ambientais.",NUCLEO DE TECNOLOGIA E QUALIDADE INDUSTRIAL DO CEARA - NUTEC,24200004,5367723.0,730,-0.618314,42,BAIXO,2025-09-01,2026-04-05 18:00:43.371636
1606,1412111,Aquisição de material médico hospitalar por meio da ATA N° 2025/12613 para atender as necessidades do HCASG.,M C VITORIANO DE QUEIROZ,24200214,734.0,140,-0.618207,42,BAIXO,2025-08-13,2026-04-05 18:00:43.371636
1595,1385013,"ATA de registro de preços Nº 2025/06328, Pregão eletrônico 20241354, que tem como objeto aquisição MATERIAL FARMACOLÓGICO",T S COMERCIAL DE MEDICAMENTOS E REPRESENTACAO LTDA,24200204,732.0,139,-0.618207,42,BAIXO,2025-08-14,2026-04-05 18:00:43.371636
248,1414867,"AQUISIÇÃO DE TINTA PARA PINCEL ATOMICO, REABASTECEDOR, CORES VARIADAS, FRASCO 37.0 MILILITRO. MARCA: RADEX, PARA ATENDER AS NECESSIDADES DO IPC.",FG COMERCIO TENDTUDO LTDA,24200364,786.0,321,-0.618204,42,BAIXO,2026-02-13,2026-04-05 18:00:43.371636
2144,1373418,SERVIÇOS DE CONSULTORIA - EEM FRANCISCO DE ASSIS FONTENELE - CAMOCIM - CREDE 4,CONTEC SOLUCAO CONTABIL E ADMINISTRATIVA LTDA,22000000,980.0,360,-0.618124,42,BAIXO,2025-05-27,2026-04-05 18:00:43.371636
48,1421196,Aquisição de Serviços Contábeis em favor da EEEP Irmã Ana Zélia da Fonseca - MILAGRES - CREDE 20,ANTONIA VEBEANE DE ALMEIDA CONTABILIDADE,22000000,980.0,360,-0.618124,42,BAIXO,2026-03-18,2026-04-05 18:00:43.371636
1077,1405197,"Contratação de empresa especializada para a realização de ações voltadas à promoção da qualidade de vida no trabalho, com foco na saúde física, mental e emocional dos servidores públicos, por meio de atividades educativas, preventivas, terapêuticas e de lazer, tais como palestras, oficinas, sessões de ginástica laboral, atendimentos em saúde, dinâmicas de grupo, campanhas temáticas, entre outras iniciativas, conforme especificações técnicas e cronograma
definidos no Termo de Referência.","FUNDAÇÃO DE APOIO A CULTURA , A PESQUISA E AO DES. INST. CIENT. E TECNOLÓGICO",46100003,5505600.0,730,-0.618105,42,BAIXO,2025-10-28,2026-04-05 18:00:43.371636
1395,1391771,"AQUISIÇÃO DE MATERIAL LABORATORIAL, (REAGENTE, DOSAGEM DE ACIDO URICO; ALBUMINA; AMILASE; BILIRRUBINA TOTAL; CALCIO; CREATINAFOSFOQUINASE CK E OUTROS)  PARA O HOSPITAL GERAL DE FORTALEZA-HGF/SESA.",ESSE ENE COMÉRCIO E SERVIÇOS LTDA,24200184,18343826.0,106,-0.618065,42,BAIXO,2025-09-16,2026-04-05 18:00:43.371636
6,1423750,TEM COMO OBJETIVO A AQUISIÇÃO DO MATERIAL DE EXPEDIENTE DA EEMTI FRANCISCO GUERREIRO CHAVES - SAO JOAO DO JAGUARIBE - CREDE 10,M.G.C. DE ALMEIDA GOMES,22000000,697.0,275,-0.617874,42,BAIXO,2026-03-31,2026-04-05 18:00:43.371636
199,1415995,"ATA de registro de preços Nº 202506402, Pregão eletrônico  00142024, que tem como objeto aquisição  MATERIAL DE LIMPEZA E PRODUÇÃO DE
HIGIENIZAÇÃO",BRILHARES PRODUTOS DE LIMPEZA LTDA ,24200204,740.0,310,-0.617725,42,BAIXO,2026-02-24,2026-04-05 18:00:43.371636
1442,1390416,Material Hospitalar - EEEP PEDRO DE QUEIROZ LIMA - BEBERIBE - CREDE 9,MAXSAUDE DISTRIBUIDORA DE MEDICAMENTOS E PRODUTOS HOSPITALARES LTDA,22000000,823.0,114,-0.617699,42,BAIXO,2025-09-08,2026-04-05 18:00:43.371636
11,1423050,Aquisição de Material de Consumo - Envelope,SLIM SUPRIMENTOS LTDA,46000000,698.0,276,-0.617665,42,BAIXO,2026-03-30,2026-04-05 18:00:43.371636
224,1415556,Contratação de SERVIÇOS TÉCNICOS PROFISSIONAIS (CONTADOR) visa suprir as necessidades de regularização da Agenda Tributária de 2026/2027 da Unidade Executora da Escola de Ensino Médio Francisco Jaguaribe. De acordo com o planejamento da portaria nº 01/2026 - Manutenção - JAGUARUANA - CREDE 10,ACE ASSESSORIA CONTABIL LTDA,22000000,990.0,360,-0.617662,42,BAIXO,2026-02-20,2026-04-05 18:00:43.371636
1212,1400033,Serviços técnicos profissionais - Contador - EEM OLÍMPIO SAMPAIO DA SILVA - URUOCA - CREDE 4,PARTENAIRE CONTABILIDADE AUDITORIA E PLANEJAMENTO TRIBUTARIO SS,22000000,990.0,360,-0.617662,42,BAIXO,2025-10-10,2026-04-05 18:00:43.371636
510,1411244,"LEVOTIROXINA SODICA, 25 MCG, UNIDADE 1.0 COMPRIMIDO. MARCA: MARCA: EUTHYROX (LEVOTIROXINA) 25MCG CX 50 CP/FABRICANTE: MERCK S/A CD",PARTNER FARMA DISTRIBUIDORA DE MEDICAMENTOS LTDA - ME,24200234,1170.0,23,-0.617656,42,BAIXO,2025-12-08,2026-04-05 18:00:43.371636
1630,1385292,SERVIÇOS DE TERCEIROS - TÉCNICOS PROFISSIONAIS - EEEP MÁRIO ALENCAR - SEFOR 2,ACE ASSESSORIA CONTABIL LTDA,22000000,900.0,365,-0.617641,41,BAIXO,2025-08-12,2026-04-05 18:00:43.371636
1026,1404918,Serviços técnicos profissionais; EEEP JOAQUIM MOREIRA DE SOUSA - SUPERINTENDÊNCIA DAS ESCOLAS ESTADUAIS DE FORTALEZA (SEFOR 3),ACE ASSESSORIA CONTABIL LTDA,22000000,900.0,365,-0.617641,41,BAIXO,2025-10-31,2026-04-05 18:00:43.371636
298,1413545,Serviço contábil-GFIP - ESCOLA E UEX:01/2026 E 01/2027 RAIS - ESCOLA E UEX DCTF - UEX ECF-UEX PESQUISA FISCAL DO CNPJ - ESCOLA E UEX - EEMTI BÁRBARA DE ALENCAR - SEFOR 2,SANTOS SERVICOS CONTABEIS LTDA,22000000,900.0,365,-0.617641,41,BAIXO,2026-02-04,2026-04-05 18:00:43.371636
1913,1379151,SERVIÇOS TÉCNICOS PROFISSIONAIS - EEEP PRESIDENTE MÉDICI - CAMPOS SALES - CREDE 18,ACE ASSESSORIA CONTABIL LTDA,22000000,900.0,365,-0.617641,41,BAIXO,2025-06-30,2026-04-05 18:00:43.371636
1942,1378458,ASSESSORIA CONTÁBIL - EEMTI HERMÍNIO BARROSO - SEFOR 1,ACE ASSESSORIA CONTABIL LTDA,22000000,900.0,365,-0.617641,41,BAIXO,2025-06-25,2026-04-05 18:00:43.371636
1436,1392850,SERVIÇO DE ASSESSORIA CONTÁBIL - EEMTI ESTADO DO AMAZONAS - SEFOR 3,ACE ASSESSORIA CONTABIL LTDA,22000000,900.0,365,-0.617641,41,BAIXO,2025-09-09,2026-04-05 18:00:43.371636
2360,1368528,AQUISIÇÃO DE SERVIÇOS CONTÁBEIS PARA ATENDER ÀS DEMANDAS LEGAIS FISCAIS E TRIBUTÁRIAS DA ESCOLA E UNIDADE EXECUTORA SANTA LUZIA; EEFM SANTA LUZIA - SUPERINTENDÊNCIA DAS ESCOLAS ESTADUAIS DE FORTALEZA (SEFOR 2),ACE ASSESSORIA CONTABIL LTDA,22000000,900.0,365,-0.617641,41,BAIXO,2025-04-28,2026-04-05 18:00:43.371636
84,1420831,SERVIÇOS CONTÁBEIS - EEMTI PROFESSOR JOSÉ MARIA CAMPOS DE OLIVEIRA - SEFOR 3,ANTONIA VEBEANE DE ALMEIDA CONTABILIDADE,22000000,900.0,365,-0.617641,41,BAIXO,2026-03-12,2026-04-05 18:00:43.371636
1530,1388216,AQUISIÇÃO DE SERVIÇOS TECNICOS PROFICIONAIS - CONTADOR - EEM DOUTOR CESAR CALS - SEFOR 1,ACE ASSESSORIA CONTABIL LTDA,22000000,900.0,365,-0.617641,41,BAIXO,2025-08-27,2026-04-05 18:00:43.371636
2057,1376190,SERVIÇOS DE TERCEIROS -EEMTI CORONEL VIRGÍLIO TÁVORA/ (CREDE 12 - QUIXADÁ),ACE ASSESSORIA CONTABIL LTDA,22000000,900.0,365,-0.617641,41,BAIXO,2025-06-09,2026-04-05 18:00:43.371636
2153,1373076,AQUISIÇÃO - SERVIÇOS DE TERCEIROS - TÉCNICOS PROFISSIONAIS - ASSESSÓRIA CONTÁBIL - ESCOLA INDÍGENA POTYGUARA DO JUCÁS - MONSENHOR TABOSA - CREDE 13,ACE ASSESSORIA CONTABIL LTDA,22000000,900.0,365,-0.617641,41,BAIXO,2025-05-26,2026-04-05 18:00:43.371636
1704,1383504,AQUISIÇÃO DE SERVIÇOS DE TERCEIROS - SERVIÇOS TÉCNICOS PROFISSIONAIS - CONTADOR POR - PATATIVA DO ASSARÉ EEM - ASSARE - CREDE 18,ACE ASSESSORIA CONTABIL LTDA,22000000,900.0,365,-0.617641,41,BAIXO,2025-08-04,2026-04-05 18:00:43.371636
2440,1366863,Serviços Técnicos Profissionais na EEMTI ADAHIL BARRETO CAVALCANTE - CREDE 1,ACE ASSESSORIA CONTABIL LTDA,22000000,900.0,365,-0.617641,41,BAIXO,2025-04-14,2026-04-05 18:00:43.371636
2085,1374541,SERVICO DE CONSULTORIA - ASSESSORIA  CONTABIL - EEFM DEPUTADO JOACI PEREIRA - SEFOR 3,ZACARIAS DOS SANTOS CHAVES JUNIOR,22000000,900.0,365,-0.617641,41,BAIXO,2025-06-03,2026-04-05 18:00:43.371636
1196,1399822,AQUISIÇÃO - SERVIÇOS DE TERCEIROS - TÉCNICOS PROFISSIONAIS PARA ATENDER A DEMANDA DA ESCOLA DO ANO LETIVO DE 2025 - EEMTI FRANCISCO NAILTON CAVALCANTE DE LIMA - AQUIRAZ - CREDE 1,PARTENAIRE CONTABILIDADE AUDITORIA E PLANEJAMENTO TRIBUTARIO SS,22000000,900.0,365,-0.617641,41,BAIXO,2025-10-13,2026-04-05 18:00:43.371636
203,1415880,SERVIÇOS TÉCNICOS PROFISSIONAIS - EEMTI PADRE GUILHERME WAESSEN - SEFOR 2,BARROS E SILVA ASSESSORIA E SERVICOS CONTABEIS LTDA,22000000,900.0,365,-0.617641,41,BAIXO,2026-02-23,2026-04-05 18:00:43.371636
2459,1366378,Serviços de Terceiros PJ- Serviços Técnicos Profissionais- SERVIÇOS CONTÁBEIS; EEMTI PROFESSORA TELINA BARBOSA DA COSTA - SUPERINTENDÊNCIA DAS ESCOLAS ESTADUAIS DE FORTALEZA (SEFOR 2),ACE ASSESSORIA CONTABIL LTDA,22000000,900.0,365,-0.617641,41,BAIXO,2025-04-10,2026-04-05 18:00:43.371636
2463,1366465,SERVIÇO DE TERCEIROS - SERVIÇOS TÉCNICOS PROFISSIONAIS - SERVIÇOS CONTÁBEIS NA EEMTI VISCONDE DO RIO BRANCO - SEFOR 2,ACE ASSESSORIA CONTABIL LTDA,22000000,900.0,365,-0.617641,41,BAIXO,2025-04-09,2026-04-05 18:00:43.371636
1650,1384580,AQUISIÇÃO DE SERVIÇOS TÉCNICOS PROFISSIONAIS - CEJA ADELINO ALCÂNTARA FILHO - SEFOR 1,ACE ASSESSORIA CONTABIL LTDA,22000000,900.0,365,-0.617641,41,BAIXO,2025-08-08,2026-04-05 18:00:43.371636
1613,1385110,AQUISIÇÃO DE SERVIÇOS TÉCNICOS PROFISSIONAIS À FAVOR DA EEEP EUSÉBIO DE QUEIROZ - EUSEBIO - CREDE 1,ACE ASSESSORIA CONTABIL LTDA,22000000,900.0,365,-0.617641,41,BAIXO,2025-08-13,2026-04-05 18:00:43.371636
132,1418583,SERVIÇOS TÉCNICOS PROFISSIONAIS - EEMTI PROFESSOR PLÁCIDO ADERALDO CASTELO - (SEFOR 3),BARROS E SILVA ASSESSORIA E SERVICOS CONTABEIS LTDA,22000000,900.0,365,-0.617641,41,BAIXO,2026-03-05,2026-04-05 18:00:43.371636
1559,1386678,"SULFASSALAZINA, 500MG, COMPRIMIDO REVESTIDO, Solicitação de compra de medicamento para atender à demanda do Componente Especializado da Assistência Farmacêutica (CEAF)",ONCOEXO DISTRIBUIDORA DE MEDICAMENTOS LTDA,24200004,19864574.0,132,-0.61761,41,BAIXO,2025-08-21,2026-04-05 18:00:43.371636
174,1416813,Contratação de empresa para prestação de serviços de locação de mão de obra com dedicação exclusiva de vigilância armada,ATTACK SEGURANCA LTDA,13200001,5707368.0,730,-0.617565,41,BAIXO,2026-02-26,2026-04-05 18:00:43.371636
2052,1375424,MATERIAL EDUCATIVO E ESPORTIVO - EEMTI MARIA DOLORES ALCÂNTARA E SILVA - HORIZONTE - CREDE 9,GEANE DE BRITO GOMES 88572749349,22000000,800.0,204,-0.617554,41,BAIXO,2025-06-10,2026-04-05 18:00:43.371636
1103,1401523,FERRAMENTAS E UTENSILIOS - EEMTI ESTRELA TORQUATO - CAUCAIA - CREDE 1,NT COMERCIO DE FERRAGENS E FERRAMENTAS LTDA,22000000,830.0,69,-0.617522,41,BAIXO,2025-10-23,2026-04-05 18:00:43.371636
2467,1365524,Aquisição de material de limpeza e higiene- Ata RP nº 2024/15324,BRILHARES PRODUTOS DE LIMPEZA LTDA ,46200006,693.0,266,-0.617522,41,BAIXO,2025-04-09,2026-04-05 18:00:43.371636
1203,1399300,SERVIÇOS TÉCNICOS PROFISSIONAIS - EEMTI OLEGÁRIO ABREU MEMÓRIA - NOVA RUSSAS - CREDE 13,PARTENAIRE CONTABILIDADE AUDITORIA E PLANEJAMENTO TRIBUTARIO SS,22000000,930.0,365,-0.617432,41,BAIXO,2025-10-13,2026-04-05 18:00:43.371636
1953,1378188,AQUISIÇÃO - SERVIÇOS DE TERCEIROS - TÉCNICOS PROFISSIONAIS - EEMTI DESEMBARGADOR RAIMUNDO CARVALHO LIMA - PACATUBA - CREDE 1,SANTOS SERVICOS CONTABEIS LTDA,22000000,940.0,365,-0.617432,41,BAIXO,2025-06-24,2026-04-05 18:00:43.371636
1541,1387188,SERVIÇOS TÉCNICOS PROFISSIONAIS - CONTADOR - EEM RAIMUNDO NOGUEIRA - HORIZONTE - CREDE 9,ACE ASSESSORIA CONTABIL LTDA,22000000,930.0,365,-0.617432,41,BAIXO,2025-08-25,2026-04-05 18:00:43.371636
1178,1397063,"SERVICO DE CONSULTORIA - ASSESSORIA CONTABIL - Obs: SERVIÇOS A SEREM EXECUTADOS DURANTE 12 MESES: RAIS, DCTF, DIRF, ISS, GFIP, SPED - ECD, SPED, ECF e outros serviços contabéis - EEMTI ANTONIO GERALDO DE LIMA - ITAITINGA - CREDE 1 -",PARTENAIRE CONTABILIDADE AUDITORIA E PLANEJAMENTO TRIBUTARIO SS,22000000,930.0,365,-0.617432,41,BAIXO,2025-10-15,2026-04-05 18:00:43.371636
2106,1374206,SERVIÇOS TÉCNICOS PROFISSIONAIS - EEMTI RONALDO CAMINHA BARBOSA - CASCAVEL - CREDE 9,ACE ASSESSORIA CONTABIL LTDA,22000000,940.0,365,-0.617432,41,BAIXO,2025-06-02,2026-04-05 18:00:43.371636
1083,1403795,SERVIÇOS DE TERCEIROS - TÉCNICOS PROFISSIONAIS - EEMTI PROFESSORA MARIA DOLORES ARRAIS - CAMPOS SALES - CREDE 18,ACE ASSESSORIA CONTABIL LTDA,22000000,930.0,365,-0.617432,41,BAIXO,2025-10-24,2026-04-05 18:00:43.371636
1259,1397791,Serviços Contabéis - EEFM NOEL HUGNEN DE OLIVEIRA PAIVA -  (SEFOR 2),ACE ASSESSORIA CONTABIL LTDA,22000000,930.0,365,-0.617432,41,BAIXO,2025-10-03,2026-04-05 18:00:43.371636
1930,1378611,AQUISIÇÃO - SERVIÇOS DE TERCEIROS - TÉCNICOS PROFISSIONAIS - Assessoria contábil - EEFM DOUTOR GENTIL BARREIRA - SEFOR 3,F R SIQUEIRA LTDA,22000000,920.0,365,-0.617432,41,BAIXO,2025-06-26,2026-04-05 18:00:43.371636
1929,1378647,Aquisição de Serviços Técnicos Profissionais em favor da EEMTI ROTARY CLUB SÃO MIGUEL - CAUCAIA - CREDE 1,F R SIQUEIRA LTDA,22000000,930.0,365,-0.617432,41,BAIXO,2025-06-26,2026-04-05 18:00:43.371636
2035,1375862,MATERIAL DE EXPEDIENTE - EEMTI WLADIMIR RORIZ - CHOROZINHO - CREDE 9,HAELE COMERCIO E SERVICOS DIGITAIS LTDA,22000000,800.0,202,-0.617432,40,BAIXO,2025-06-12,2026-04-05 18:00:43.371636
1835,1380574,"Concessão de subvenção econômica pela CONCEDENTE à  BENEFICIÁRIA DA SUBVENÇÃO, para a execução do PROJETO  ¿NETProactive AX: Artificial Exepert para Monitoramento e Diagnóstica Proativo de Redes de Telecomunicações¿, doravante denominado PROJETO, conforme PLANO DE TRABALHO aprovado pela Funcap e anexo a este Termo de Outorga.",SOBRAL TELECOMUNICACOES LTDA,31200005,5616000.0,730,-0.617375,40,BAIXO,2025-07-14,2026-04-05 18:00:43.371636
1283,1395014,"Contratação para prestação de serviços de alimentação diária, na forma de refeição pronta, destinado a comunidade carcerária (pessoas privadas de liberdade) e servidores das Unidades Prisionais do Sistema Penitenciário do Estado do Ceara, com o fornecimento de material de consumo, e de equipamento em comodato, nas condições estabelecidas neste contrato e no Termo de Referencia do edital (ITEM I), e na proposta do CONTRATADO.",I.S.M. GOMES DE MATTOS EIRELI,18000000,52999898.0,365,-0.617336,40,BAIXO,2025-10-01,2026-04-05 18:00:43.371636
222,1416397,AQUISIÇÃO DE MATERIAL LABORATORIAL,BIOSAVE-DIAGNOSTICA LTDA,10100013,800.0,314,-0.61733,40,BAIXO,2026-02-20,2026-04-05 18:00:43.371636
1289,1395107,"AQUISIÇÃO DE MEDICAMENTO PARA ATENDIMENTO DE DEMANDA JUDICIAL / SESA - ALECTINIBE CLORIDRATO, 150MG, CAPSULA",PRODUTOS ROCHE QUIMICOS E FARMACEUTICOS,24200004,14184576.0,91,-0.617247,40,BAIXO,2025-10-01,2026-04-05 18:00:43.371636
2,1423950,"Aquisição de material de consumo (Lápis Preto, Fita Adesiva e Caneta Esferográfica), para atender as necessidades da Superintendência de Pesquisa e Estratégia de Segurança Pública ¿ SUPES",AMAR TRANSPORTES DE CARGAS E COMERCIO DE ARMARINHOS EM GERAL LTDA,10100009,735.0,274,-0.617216,40,BAIXO,2026-04-01,2026-04-05 18:00:43.371636
1247,1397478,SERVIÇOS TÉCNICOS PROFISSIONAIS - EEMTI MARIA DOLORES ALCÂNTARA E SILVA - HORIZONTE - CREDE 9,ACE ASSESSORIA CONTABIL LTDA,22000000,1000.0,360,-0.617201,40,BAIXO,2025-10-07,2026-04-05 18:00:43.371636
183,1416282,AQUISIÇÃO DE CANETAS DIVERSAS PARA CONSUMO NO IPC CE,M C VITORIANO DE QUEIROZ,24200364,777.0,309,-0.617099,40,BAIXO,2026-02-25,2026-04-05 18:00:43.371636
552,1410693,"Aquisição de 39 unidades de VENTILADOR PULMONAR, PACIENTES ADULTO, PEDIÁTRICO E NEONATAL, MICROPROCESSADO, BATERIA, ACESSÓRIOS, por meio da Ata de Registro Nº 2025/00375, para atender as necessidades do Hospital Universitário do Ceará - HUC.",TECME DO BRASIL COMERCIO E IMPORTACAO LTDA.,24200004,25541100.0,182,-0.61704,40,BAIXO,2025-12-05,2026-04-05 18:00:43.371636
299,1413443,"AQUISIÇÃO DE MEDICAMENTO PARA ATENDER A PROGRAMAÇÃO PACTUADA INTEGRADA - PPI - ITEM: AMOXICILINA, 500MG, CAPSULA",HOSPDROGAS COMERCIAL LTDA,24200004,41637981.0,330,-0.616966,40,BAIXO,2026-02-04,2026-04-05 18:00:43.371636
2175,1372235,"AQUISIÇÃO DE MEDICAMENTOS PARA ESTE CEO-CENTRO, CONFORME ORDEM DE COMPRAS Nº 41237/2025 E ATA Nº 2024/00085",BELIEVE FARMA COMERCIO DE MEDICAMENTOS E MATERIAIS HOSPITALARES LTDA,24200334,805.0,223,-0.616937,40,BAIXO,2025-05-22,2026-04-05 18:00:43.371636
2172,1373389,"BALDE, PLASTICO ALTA RESISTENCIA, 10 LITROS, ALCA DE METAL, EMBALAGEM 1.0 UNIDADE. MARCA: FORPLAST e  RODO, PIA, MATERIAL PLASTICO, AVULSO 1.0 UNIDADE. MARCA: CRISTAL",NORCLEAN INDUSTRIA E COMERCIO LTDA,59000000,794.0,223,-0.616937,40,BAIXO,2025-05-22,2026-04-05 18:00:43.371636
1807,1380621,Aquisição de material de marcenaria e carpintaria para serviços de manutenção no HIAS.,PUMA LICITACOES LTDA,24200204,52177555.0,365,-0.616919,40,BAIXO,2025-07-16,2026-04-05 18:00:43.371636
1378,1392566,AQUISIÇÃO - MATERIAL DE CONSUMO - MATERIAL EDUCATIVO E ESPORTIVO (RESTANTE DE SALDO) - EEM ALICE MOREIRA DE OLIVEIRA - CAUCAIA - CREDE 1,EDUQUE & BRINQUE EIRELI - ME,22000000,850.0,104,-0.616905,40,BAIXO,2025-09-18,2026-04-05 18:00:43.371636
1270,1395222,"AQUISIÇÃO DE MEDICAMENTO: BESILATO DE ANLODIPINO, 5MG, COMPRIMIDO. PARA ATENDER A PROGRAMAÇÃO PACTUADA INTEGRADA - PPI",GEOLAB INDUSTRIA FARMACEUTICA LTDA,24200004,14682375.0,90,-0.616904,40,BAIXO,2025-10-02,2026-04-05 18:00:43.371636
486,1411067,"AQUISIÇÃO DE  FIBRINOGENIO HUMANO, FRASCO AMPOLA, 1G, PARA ATENDER À DEMANDA DAS UNIDADES HOSPITALARES E AMBULATORIAIS DA SESA",F7 MEDICAL PRODUTOS HOSPITALARES LTDA,24200004,3320500.0,23,-0.616902,40,BAIXO,2025-12-08,2026-04-05 18:00:43.371636
1865,1379879,"Concessão de subvenção econômica pela CONCEDENTE à BENEFICIÁRIA DA SUBVENÇÃO, para a execução do PROJETO ¿Produção e validação do MVP do S¿iáraEco Protect: um produto cosmético grau 2 multifuncional, inovador e sustentável com fator de proteção solar para peles sensíveis¿, doravante denominado PROJETO, conforme PLANO DE TRABALHO aprovado pela Funcap e anexo a este Termo de Outorga.","4WBIOTECH PESQUISA, SERVICOS E DESENVOLVIMENTO DE PRODUTOS LTDA ",31200005,6084000.0,730,-0.616818,40,BAIXO,2025-07-09,2026-04-05 18:00:43.371636
1779,1381525,"Concessão de subvenção econômica pela CONCEDENTE à BENEFICIÁRIA DA SUBVENÇÃO, para a execução do PROJETO ¿Markoo: Acessibilidade à Terapia ABA¿, doravante denominado PROJETO, conforme PLANO DE TRABALHO aprovado pela Funcap e anexo a este Termo de Outorga.",ORANGO DIGITAL TREINAMENTO E DESENVOLVIMENTO LTDA,31200005,6084000.0,730,-0.616818,40,BAIXO,2025-07-23,2026-04-05 18:00:43.371636
1240,1398541,"Concessão de subvenção econômica pela CONCEDENTE à BENEFICIÁRIA DA SUBVENÇÃO, para a execução do PROJETO ¿Automatização e Expansão na Produção de Cafés Especiais¿, doravante denominado PROJETO, conforme PLANO DE TRABALHO aprovado pela Funcap e anexo a este Termo de Outorga.",EMPRESA DE BENEFICIAMENTO E TORREFACAO DE CAFE DA SERRA LTDA,31200005,6080000.0,730,-0.616818,40,BAIXO,2025-10-08,2026-04-05 18:00:43.371636
1742,1382559,"Concessão de subvenção econômica pela CONCEDENTE à BENEFICIÁRIA DA SUBVENÇÃO, para a execução do PROJETO ¿Aruanã Sistema de Monitoramento de Qualidade de Vida¿, doravante denominado PROJETO, conforme PLANO DE TRABALHO aprovado pela Funcap e anexo a este Termo de Outorga.",GOTEST CONSULTORIA EM TESTE DE SOFTWARE LTDA,31200005,6240000.0,730,-0.616775,40,BAIXO,2025-07-30,2026-04-05 18:00:43.371636
2158,1373542,MATERIAL DE LIMPEZA E PRODUÇÃO DE HIGIENIZAÇÃO - EEM PROFESSOR OTÁVIO TERCEIRO DE FARIAS - SEFOR 2,PRISMA DISTRIBUIDORA DE PAPEIS LTDA,22000000,794.0,219,-0.616723,40,BAIXO,2025-05-26,2026-04-05 18:00:43.371636
1830,1380947,"Aquisição de medicamentos, para atender a necessidade do HEMOCE, através de entrega imediata, OC 57899/2025, ARP 2025/08437, PE 1666/2024.",UNIAO QUIMICA FARMACEUTICA NACIONAL S A,24200424,810.0,170,-0.616667,40,BAIXO,2025-07-14,2026-04-05 18:00:43.371636
251,1414916,"ATA de registro de preços Nº 2025/07423, Pregão eletrônico  20250045, que tem como objeto aquisição - MATERIAL FARMACOLÓGICO",DIMASTER COMERCIO DE PRODUTO HOSPITALAR LTDA,24200204,825.0,321,-0.616533,39,BAIXO,2026-02-13,2026-04-05 18:00:43.371636
2337,1368268,SERVIÇOS DE TERCEIROS - TÉCNICOS PROFISSIONAIS NA EEFM ALMIRANTE TAMANDARÉ - SEFOR 2,ZACARIAS DOS SANTOS CHAVES JUNIOR,22000000,950.0,365,-0.616529,39,BAIXO,2025-04-29,2026-04-05 18:00:43.371636
2345,1368798,SERVIÇOS CONTABIL; EEMTI GOVERNADOR VIRGÍLIO TÁVORA - SUPERINTENDÊNCIA DAS ESCOLAS ESTADUAIS DE FORTALEZA (SEFOR 2),FH EMPRESARIAL LTDA,22000000,950.0,365,-0.616529,39,BAIXO,2025-04-29,2026-04-05 18:00:43.371636
268,1414940,SERVIÇOS TECNICOS PROFISSIONAIS - ASSESSORIA CONTABIL - EEMTI PROFESSOR JOSÉ TELES DE CARVALHO - BREJO SANTO - CREDE 20,ACE ASSESSORIA CONTABIL LTDA,22000000,950.0,365,-0.616529,39,BAIXO,2026-02-11,2026-04-05 18:00:43.371636
2046,1376170,SERVIÇO DE ASSESSORIA CONTÁBIL - EEFM MÁRIO HUGO CIDRACK DO VALE - SEFOR 1,ACE ASSESSORIA CONTABIL LTDA,22000000,950.0,365,-0.616529,39,BAIXO,2025-06-11,2026-04-05 18:00:43.371636
2000,1377488,Aquisição de Serviços Técnico Profissionais - Contador - EEMTI MARIA JOSÉ SANTOS FERREIRA GOMES - SEFOR 1,ACE ASSESSORIA CONTABIL LTDA,22000000,950.0,365,-0.616529,39,BAIXO,2025-06-17,2026-04-05 18:00:43.371636
1192,1400018,SERVIÇOS TÉCNICOS PROFISSIONAIS (SERVIÇO DE CONSULTORIA TÉCNICA EM  CONTABILIDADE) - EEMTI ADRIÃO DO VALE NUVENS - SANTANA DO CARIRI - CREDE 18,ACE ASSESSORIA CONTABIL LTDA,22000000,950.0,365,-0.616529,39,BAIXO,2025-10-14,2026-04-05 18:00:43.371636
1393,1393188,SERVIÇOS TÉCNICOS PROFISSIONAIS - EEMTI SÃO JOÃO PIAMARTA - SEFOR 3,ACE ASSESSORIA CONTABIL LTDA,22000000,950.0,365,-0.616529,39,BAIXO,2025-09-16,2026-04-05 18:00:43.371636
1113,1402220,AQUISIÇÃO - SERVIÇOS DE TERCEIROS - TÉCNICOS PROFISSIONAIS - ANTONIA NEDINA ONOFRE DE PAIVA - EEEP - ASSARE - CREDE 18,ACE ASSESSORIA CONTABIL LTDA,22000000,950.0,365,-0.616529,39,BAIXO,2025-10-23,2026-04-05 18:00:43.371636
1955,1378233,SERVIÇOS DE TERCEIROS - TÉCNICOS PROFISSIONAIS (CONTADOR) - EEM DR. UBIRAJARA ÍNDIO DO CEARÁ - SEFOR 3,ACE ASSESSORIA CONTABIL LTDA,22000000,950.0,365,-0.616529,39,BAIXO,2025-06-24,2026-04-05 18:00:43.371636
2437,1366572,SERVIÇOS DE TERCEIROS - EEMTI CÔNEGO LUIZ BRAGA ROCHA/ (CREDE 12 - QUIXADÁ),ACE ASSESSORIA CONTABIL LTDA,22000000,950.0,365,-0.616529,39,BAIXO,2025-04-14,2026-04-05 18:00:43.371636
2141,1373262,AQUISIÇÃO DE SERVIÇOS DE TERCEIROS- TÉCNICOS E PROFISSIONAIS DE CONTABILIDADE - NOVA OLINDA - CREDE 18,ACE ASSESSORIA CONTABIL LTDA,22000000,950.0,365,-0.616529,39,BAIXO,2025-05-27,2026-04-05 18:00:43.371636
1747,1383044,SERVIÇOS TÉCNICOS PROFISSIONAIS - EEMTI GENERAL EUDORO CORRÊA - SEFOR 1,ACE ASSESSORIA CONTABIL LTDA,22000000,950.0,365,-0.616529,39,BAIXO,2025-07-30,2026-04-05 18:00:43.371636
1554,1387170,"SERVIÇOS TÉCNICOS PROFISSIONAIS - , CONSULTORIA CONTABIL E ASSESSORIA CONTÁBIL - EEFM PROFESSOR PAULO AYRTON DE ARAÚJO - SEFOR 2",ACE ASSESSORIA CONTABIL LTDA,22000000,950.0,365,-0.616529,39,BAIXO,2025-08-22,2026-04-05 18:00:43.371636
1552,1388498,SERVIÇOS TECNICOS PROFISSIONAIS(CREDE 1 - MARACANAÚ),ACE ASSESSORIA CONTABIL LTDA,22000000,950.0,365,-0.616529,39,BAIXO,2025-08-22,2026-04-05 18:00:43.371636
1548,1388530,AQUISIÇÃO DE SERVIÇOS TÉCNICOS EM RELAÇÃO A CONTABILIDADE DA ESCOLA E DA UNIDADE EXECUTORA - EEM MANOEL SENHOR DE MELO FILHO - AQUIRAZ - CREDE 1,ACE ASSESSORIA CONTABIL LTDA,22000000,950.0,365,-0.616529,39,BAIXO,2025-08-25,2026-04-05 18:00:43.371636
1336,1396385,SERVIÇOS CONTÁBEIS - EEMTI JOSÉ DE BORBA VASCONCELOS - MARACANAU - CREDE 1,ACE ASSESSORIA CONTABIL LTDA,22000000,950.0,365,-0.616529,39,BAIXO,2025-09-23,2026-04-05 18:00:43.371636
87,1419371,"AQUISIÇÃO DE MEDICAMENTO PARA ATENDER O COMPONENTE ESPECIALIZADO DA ASSISTÊNCIA FARMACÊUTICA - CEAF - ITEM: TRIPTORRELINA, 11,25MG, PO LIOFILIZADO PARA SUSPENSAO INJETAVEL DE LIBERACAO PROLONGADA, FRASCO AMPOLA + DILUENTE - ITEM: TRIPTORRELINA, FRASCO AMPOLA + DILUENTE, 3,75 MG, PO LIOFILIZADO PARA SUSPENSAO INJETAVEL",COMERCIAL CIRURGICA RIOCLARENSE LTDA,24200004,36661376.0,294,-0.616321,39,BAIXO,2026-03-12,2026-04-05 18:00:43.371636
1096,1401641,"AQUISIÇÃO DE MATERIAL PARA MANUTENÇÃO DE BENS IMÓVEIS/INSTALAÇÕES EM PROL DA EEMTI VICENTE DE PAULO DA COSTA,  (CREDE 3 - ACARAÚ)",CRISTIANE REGINA MENEZES 04692422300,22000000,850.0,69,-0.616293,39,BAIXO,2025-10-23,2026-04-05 18:00:43.371636
1102,1401682,AQUISIÇÃO DE MATERIAL DE PROTEÇÃO E SEGURANÇA - EEEP JOSÉ CIRO NOGUEIRA MACHADO - CREDE 14,NT COMERCIO DE FERRAGENS E FERRAMENTAS LTDA,22000000,875.0,69,-0.616293,39,BAIXO,2025-10-23,2026-04-05 18:00:43.371636
1431,1391199,SERVICOS TECNICOS PROFISSIONAIS - EEMTI PARQUE MARIA BERNARDO DE CASTRO - AQUIRAZ - CREDE 1,PARTENAIRE CONTABILIDADE AUDITORIA E PLANEJAMENTO TRIBUTARIO SS,22000000,830.0,120,-0.616276,39,BAIXO,2025-09-10,2026-04-05 18:00:43.371636
1333,1393753,"AQUISIÇÃO DE HEMINA , FRASCO AMPOLA, 350MG, PO LIOFILIZADO PARA SOLUCAO INJETAVEL PARA ATENDER DEMANDAS JUDICIAIS.",LICIMASTER DISTRIBUIDORA DE MEDICAMENTOS E PROD MEDICOS HOSP EIRELI,24200004,15432192.0,99,-0.616254,39,BAIXO,2025-09-23,2026-04-05 18:00:43.371636
1352,1393466,MATERIAL DE CONSUMO - MATERIAL ELÉTRICO E ELETRÔNICO - EEMTI GENERAL EUDORO CORRÊA -(SEFOR 1),SERVSUPR SERVICOS ADMINISTRATIVOS LTDA,22000000,852.0,100,-0.616231,39,BAIXO,2025-09-22,2026-04-05 18:00:43.371636
2139,1422813,"SUPORTE PARA COPO, POUPA COPO, INJETADO EM PLASTICO ABS, TUBO EM POLIESTIRENO, SISTEMA DE BOTAO AUTOMATICO, DISPOSITIVOS SEMI AUTOMATICOS, CAPACIDADE 150 - 180 ML, MINIMO 100 COPOS, ACOMPANHA
BUCHAS/PARAFUSOS DE INSTALACAO, EMBALAGEM 1.0 UNIDADE. MARCA: BELL PLUS",OMEGA DISTRIBUIDORA DE PRODUTOS ALIMENTICIOS LTDA,08000000,4338.0,582,-0.616154,39,BAIXO,2025-05-28,2026-04-05 18:00:43.371636
1821,1380473,"RECURSO DESTINADO AQUISIÇÃO DE MEDICAMENTOS PARA HSJ, REFERENTE ATA DE REGISTRO DE PREÇO 2025/08437, PREGÃO 2024/1666",HOSPDROGAS COMERCIAL LTDA,24200224,850.0,169,-0.616085,39,BAIXO,2025-07-15,2026-04-05 18:00:43.371636
1845,1380154,"AQUISIÇÃO DE: ERTAPENEM (SODICO), FRASCO/AMPOLA, 1G/ PIPERACILINA SODICA + TAZOBACTAM SODICA, FRASCO/AMPOLA, 4G + 500MG, SOLICITAÇÃO DE MEDICAMENTO PARA  ATENDER A UNIDADES DE SAUDE DO ESTADO CEARA/SESA",T S COMERCIAL DE MEDICAMENTOS E REPRESENTACAO LTDA,24200004,22331612.0,173,-0.616056,38,BAIXO,2025-07-11,2026-04-05 18:00:43.371636
769,1408792,"Prestação de serviços, por Centros de Formação de Condutores (CFC), referentes à realização de Cursos de Formação Teórico-Técnico e Prática de Direção Veicular, visando a formação e capacitação de candidatos à obtenção da primeira habilitação no âmbito do programa CNH Popular.",CENTRO DE FORMACAO DE CONDUTOR AUTO-ESCOLA R-MARTINS LTDA ,08200003,6022252.0,36,-0.615922,38,BAIXO,2025-11-25,2026-04-05 18:00:43.371636
2124,1373337,MATERIAL DE EXPEDIENTE - EEM DE CURIMATÃ - PACAJUS - CREDE 9,WILLIAN DE MENEZES JUNIOR,22000000,807.0,216,-0.615901,38,BAIXO,2025-05-29,2026-04-05 18:00:43.371636
2119,1373689,MATERIAL ELÉTRICO E ELETRÔNICO-EEEP FRANCISCA DE ALBUQUERQUE MOURA - CEDRO - CREDE 17,FRANCISCO MATEUS DA ROCHA DO NASCIMENTO 27634641812,22000000,792.0,215,-0.615901,38,BAIXO,2025-05-30,2026-04-05 18:00:43.371636
1306,1394692,"O objeto do presente instrumento é a contratação de empresa para prestação de serviços contínuos a
serem executados com dedicação exclusiva de mão de obra terceirizada nas unidades de ensino e
administrativas vinculadas a Secretaria da Educação, regidos pela Consolidação da Leis Trabalhistas (CLT)
para as categorias, Lote único, nas condições e quantidades estabelecidas no termo de referência e seus
anexos. EMPRESA
CERTA SERVIÇOS EMPRESARIAIS E
REPRESENTAÇÕES LTDA",CERTA SERVIÇOS EMPRESARIAIS E REPRESENTAÇÕES EIRELI,22000000,51773130.0,365,-0.615876,38,BAIXO,2025-09-29,2026-04-05 18:00:43.371636
1251,1395945,"AQUISIÇÃO DE FRALDA, DESCARTAVEL GERIATRICA G, PESO USUARIO DE 70 A 90KG PARA ATENDER DEMANDAS JUDICIAIS.",BELIEVE FARMA COMERCIO DE MEDICAMENTOS E MATERIAIS HOSPITALARES LTDA,24200004,13216363.0,86,-0.615843,38,BAIXO,2025-10-06,2026-04-05 18:00:43.371636
1228,1397701,FERRAMENTAS E UTENSÍLIOS - EEMTI PADRE GUILHERME WAESSEN - SEFOR 2,NT COMERCIO DE FERRAGENS E FERRAMENTAS LTDA,22000000,870.0,83,-0.61581,38,BAIXO,2025-10-09,2026-04-05 18:00:43.371636
1232,1397052,AQUISIÇÃO DE MATERIAL DE CONSUMO (COPA E COZINHA) EM FAVOR DA EEMTI JOÃO ALVES MOREIRA E EEMTI VEREADOR AIRTON MAIA - ARACOIABA - CREDE 8,ANTONIO ESMAEL BATISTA MESQUITA,22000000,840.0,84,-0.61581,38,BAIXO,2025-10-08,2026-04-05 18:00:43.371636
136,1418439,Material de Limpeza e Produção de Higienização,GMS JAMPA DISTRIBUIDORA LTDA,22000000,860.0,302,-0.615743,38,BAIXO,2026-03-04,2026-04-05 18:00:43.371636
672,1409961,"Prestação de serviços, por Centros de Formação de Condutores (CFC), referentes à realização de Cursos de Formação Teórico-Técnico e Prática de Direção Veicular, visando a formação e capacitação de candidatos à obtenção da primeira habilitação no âmbito do programa CNH Popular.",CENTRO DE FORMACAO DE CONDUTORES FAMA LTDA,08200003,5662232.0,33,-0.615733,38,BAIXO,2025-11-28,2026-04-05 18:00:43.371636
1501,1388960,Serviço de Manutenção do muro localizado no Parque de Exposições Governador César Cals-CE.,KG CONSTRUÇÕES LTDA - EPP,43200007,24866525.0,181,-0.615494,38,BAIXO,2025-09-01,2026-04-05 18:00:43.371636
1404,1389162,"CT PATROCINIO 083/2025 - CODEA - Constitui o objeto deste contrato o patrocínio concedido à PATROCINADA para a realização do Projeto Feiras da FETRAECE: Desenvolvimento Sustentável e Integração Campo-Cidade, composta de 03(três) Feiras da Agricultura Familiar, conforme a seguir: XIII FEREAF ¿ Feira Regional da Agricultura Familiar em Sobral/CE, no período de 25 a 27 de setembro de 2025; V EXPOAF -  Exposição da Agricultura Familiar, em Iguatu/CE, no período de 16 a 18 de outubro de 2025 e XXII EXPROAF - Exposição dos Produtos da Agricultura Familiar do Cariri, que se realizará em Crato/CE, no período de 13 a 15 de novembro de 2025, composto por ações que irão promover a comercialização direta para os consumidores dos produtos oriundos da Agricultura Familiar, conforme FORMULÁRIO DE PATROCÍNIO em anexo, parte integrante deste instrumento, independentemente de sua transcrição.",FEDERAÇÃO DOS TRABALHADORES RURAIS AGRICULTORES E AGRICULTORAS FAMILIARES DO ESTADO DO CEARÁ,21000000,24000000.0,179,-0.615451,38,BAIXO,2025-09-15,2026-04-05 18:00:43.371636
2045,1375627,"AQUISIÇÃO DE MATERIAL MEDICO HOSPITALAR PARA ESTE CEO-CENTRO, CONFORME ORDEM DE COMPRAS Nº 48364/2025 E ATA Nº 2024/14265",INJEX INDUSTRIAS CIRURGICAS LTDA,24200334,840.0,203,-0.615435,38,BAIXO,2025-06-11,2026-04-05 18:00:43.371636
2136,1373057,"Aquisição do material de expediente (Capa para encadernação) para melhorar o aspecto visual do trabalho ou documento, dando um acabamento mais profissional, organizado e atrativo, e atender as necessidades da Superintendência de Pesquisa e Estratégia de Segurança Pública ¿ SUPESP, situado na Av. Aguanambi, 2600 ¿ Bairro: Aeroporto, Fortaleza ¿ CE, 60415-390  BLOCO II  SSPDS, 1º andar;",INSERT PRINT PAPELARIA LTDA,10100009,860.0,217,-0.61541,38,BAIXO,2025-05-28,2026-04-05 18:00:43.371636
119,1418054,AQUISIÇÃO DE MATERIAL DE CONSUMO PARA ATENDER AS NECESSIDADES DA COADS/BREJO SANTO,ICLEANPRO COMERCIO E SERVICOS LTDA,24200004,841.0,300,-0.615404,38,BAIXO,2026-03-06,2026-04-05 18:00:43.371636
874,1406868,"AQUISIÇÃO DE FILTRO, BACTERIANO/VIRAL TIPO HEPA, EFICIENCIA DE FILTRACAO PARA BACTERIAS E VIRUS, MEMBRANA BIDIRECIONAL E HIDROFOBICA, BAIXA RESISTENCIA AO FLUXO DE AR, MEMBRANA FILTRANTE EM PAPEL DE FIBRA DE VIDRO OU FIBRA SINTETICA DE ALTA PERFORMANCE HIDROFOFOBICO HEPA, UTILIZADO NO RAMO EXPIRATORIO E/OU INSPIRATORIO DO CIRCUITO, PROXIMAL AO EQUIPAMENTO E SEM CONEXAO DIRETA A VIA AEREA DO PACIENTE, LIVRE DE LATEX, EFICIENCIA DE FILTRACAO VIRAL DE 99,9999%, REVESTIMENTO DO FILTRO EM POLIPROPILENO, CONEXOES UNIVERSAIS PARA ATENDER DEMANDAS JUDICIAIS.","LICITATRADE SERVICO, COMERCIO E IMPORTACAO LTDA",24200004,888.0,48,-0.615383,38,BAIXO,2025-11-13,2026-04-05 18:00:43.371636
885,1406666,"AQUISIÇÃO DE MATERIAL MEDICO HOSPITALAR PARA ESTE CEO-CENTRO, CONFORME ORDEM DE COMPRAS Nº 98277/2025 E ATA Nº 2025/00028",FORTAL DISTRIBUIDORA IMPORTACAO E EXPORTACAO DE MEDICAMENTOS LTDA,24200334,885.0,48,-0.615383,38,BAIXO,2025-11-13,2026-04-05 18:00:43.371636
825,1407888,"AQUISIÇÃO DE EQUIPO, BOMBA LINEAR FOTOPROTETOR, PARA MEDICAMENTOS FOTOSSENSIVEIS, EMBALAGEM 1.0 UNIDADE. MARCA: LIFEMED, EQUIPO, BOMBA PARENTERAL, USO EM BOMBA DE INFUSAO LINEAR, EMBALAGEM 1.0 UNIDADE. MARCA: LIFEMED. PARA ATENDER ÀS UNIDADES DE SAÚDE DO ESTADO DO CEARÁ - SESA",LIFEMED,24200004,7240000.0,42,-0.615378,38,BAIXO,2025-11-19,2026-04-05 18:00:43.371636
1345,1393300,"AQUISIÇÃO DE MEDICAMENTO: IBUPROFENO, 50MG/ML, SUSPENSAO ORAL, FRASCO 30ML. PARA ATENDER A PROGRAMAÇÃO PACTUADA INTEGRADA - PPI",ELFA MEDICAMENTOS S.A.,24200004,15150915.0,100,-0.615338,38,BAIXO,2025-09-22,2026-04-05 18:00:43.371636
574,1410344,Aquisição de material de consumo (LIMPEZA) para atender a demanda da COAD BATURITÉ,GMS JAMPA DISTRIBUIDORA LTDA,24200004,1248.0,27,-0.615327,38,BAIXO,2025-12-04,2026-04-05 18:00:43.371636
1325,1394155,COTAÇÃO ELETRÔNICA No 12/2025. AQUISIÇÃO DE MATERIAL DE COPA E COZINHA EM FAVOR DA EEM HERMÍNIO BARROSO - PARACURU - CREDE 2,CSV COMERCIO E SERVICOS LTDA,22000000,894.0,98,-0.615233,38,BAIXO,2025-09-24,2026-04-05 18:00:43.371636
1462,1389884,Aquisição de material de consumo (LIMPEZA) para atender a demanda da COADS ICÓ.,GMS JAMPA DISTRIBUIDORA LTDA,24200004,860.0,118,-0.615191,38,BAIXO,2025-09-04,2026-04-05 18:00:43.371636
883,1406856,"AQUISIÇÃO DE COMPRESSA DE GAZE, ACOLCHOADA, CAMADA DE ALGODAO HIDROFILO, RECOBERTA POR UMA CAMADA DE GAZE LIVRE DE FIOS SOLTOS, REBARBAS E IMPUREZAS, MEDIDA FECHADA 15CM +/-2CM X 30CM +/-2CM, ESTERIL PARA ATENDER DEMANDAS JUDICIAIS.",PANORAMA COMERCIO DE PRODUTOS MEDICOS E FARMACEUTICOS LTDA,24200004,852.0,48,-0.615175,38,BAIXO,2025-11-13,2026-04-05 18:00:43.371636
1258,1395731,"AQUISIÇÃO DE MATERIAL MÉDICO HOSPITALAR, (VIDEO MEDIASTINOSCOPIO, COMPRIMENTO DE TRABALHO DE 16 A 21 CM;  PINCA, BIOPSIA, MANDIBULA DE ACAO DUPLA, 270MM +/-10MM X 3MM +/-1MM) PARA O HOSPITAL GERAL DE FORTALEZA-HGF/SESA.",E. TAMUSSINO & CIA LTDA,24200184,13245425.0,89,-0.61515,38,BAIXO,2025-10-03,2026-04-05 18:00:43.371636
1386,1393554,SERVIÇOS DE TERCEIROS - TÉCNICOS PROFISSIONAIS (SERVIÇO CONTÁBIL) - EEM DOM TERCEIRO - BOA VIAGEM - CREDE 12,ANTONIA VEBEANE DE ALMEIDA CONTABILIDADE,22000000,1000.0,364,-0.615106,38,BAIXO,2025-09-17,2026-04-05 18:00:43.371636
1980,1377126,Aquisição de material de copa e cozinha - EEM GUSTAVO BARROSO - JAGUARIBE - CREDE 11,M.G.C. DE ALMEIDA GOMES,22000000,800.0,196,-0.615049,37,BAIXO,2025-06-18,2026-04-05 18:00:43.371636
2100,1373976,"AQUISIÇÃO DE ABAIXADOR DE LINGUA, ESPATULA DE MADEIRA DESCARTAVEL, CONVENCIONAL COM EXTREMIDADES ARREDONDADAS COM 14 CM +/-1CM PARA ATENDER DEMANDAS JUDICIAIS.",MEDEFE PRODUTOS MÉDICO-HOSPITALARES LTDA,24200004,819.0,212,-0.615006,37,BAIXO,2025-06-02,2026-04-05 18:00:43.371636
1684,1382971,"AQUISIÇÃO DE ALFAOLIPUDASE, 20MG, PO LIOFILIZADO PARA SOLUCAO INJETAVEL, FRASCO/AMPOLA PARA ATENDER DEMANDAS JUDICIAIS.",SANOFI MEDLEY FARMACEUTICA LTDA,24200004,20456448.0,148,-0.614817,37,BAIXO,2025-08-05,2026-04-05 18:00:43.371636
1707,1389536,"OBRA DE CONCLUSÃO E SERVIÇOS COMPLEMENTARES DA CONSTRUÇÃO DE GALPÕES PARA VIATURAS DO CORPO DE BOMBEIROS E DO BATALHÃO DO RAIO, NO MUNICÍPIO DE CRATO - CE.",ACS ENGENHARIA E SERVICOS LTDA,43200007,33551518.0,273,-0.614735,37,BAIXO,2025-08-03,2026-04-05 18:00:43.371636
569,1410638,LOCAÇÃO DE GERADOR DE ENERGIA ELÉTRICA PARA ADAGRI.,CSI SERVICOS E LOCACOES LTDA,56200006,3924303.0,26,-0.614655,37,BAIXO,2025-12-05,2026-04-05 18:00:43.371636
2342,1368166,FERRAMENTAS E UTENSÍLIOS-EEMTI PROFESSORA MARIA DOLORES ARRAIS/(CREDE 18 - CRATO),NT COMERCIO DE FERRAGENS E FERRAMENTAS LTDA,22000000,800.0,246,-0.614564,37,BAIXO,2025-04-29,2026-04-05 18:00:43.371636
987,1405279,"SABAO, PO, TENSOATIVO BIODEGRADAVEL, AGUA, CORANTE, AGENTES QUELANTES E SEQUESTRANTES, BRANQUEADOR OPTICO, REGISTRO OU NOTIFICACAO ANVISA, EMBALAGEM 500.0 GRAMAS. MARCA: SÃO MARCOS",FG COMERCIO TENDTUDO LTDA,29200007,855.0,57,-0.614526,37,BAIXO,2025-11-04,2026-04-05 18:00:43.371636
2235,1370342,FERRAMENTAS E UTENSÍLIOS - EEMTI LUIZETE ALBANO DE FREITAS MENEZES - CHOROZINHO - CREDE 9,WILLIAN DE MENEZES JUNIOR,22000000,880.0,232,-0.614526,37,BAIXO,2025-05-13,2026-04-05 18:00:43.371636
559,1410686,"Aquisições de insumos de laboratório com equipamento em comodato para atender as necessidades do HEMOCE, através de entrega imediata, OC 106970/2025, ARP 2025/34053, PE 0314/2025.",IMPORTEC IMPORTADORA CEARENSE LTDA,24200424,3914200.0,26,-0.614447,37,BAIXO,2025-12-05,2026-04-05 18:00:43.371636
1786,1381552,"Prestação dos serviços comuns de Engenharia para Manutenção Preventiva e Corretiva das instalações Físicas Prediais e Equipamentos Públicos (executados no Centro de Convivência e na Coordenadoria de Promoção da Qualidade de Vida do Aposentado ¿ COPA), com fornecimento de mão de obra, materiais e peças de reposição, por percentual de desconto sobre as tabelas de serviços da SEINFRA 28 e 28.1 para atender as necessidades dos Órgãos e entidades da Administração Pública Estadual do Ceará, nas condições estabelecidas neste contrato e no Termo de Referência do edital do Pregão Eletrônico nº 20240001 ¿ SOP e na proposta do CONTRATADO.",KG CONSTRUÇÕES LTDA - EPP,46000000,48973534.0,364,-0.614349,37,BAIXO,2025-07-21,2026-04-05 18:00:43.371636
1206,1398436,AQUISIÇÃO - MATERIAL DE CONSUMO - MATERIAL DE LIMPEZA E PRODUÇÃO DE HIGIENIZAÇÃO - EEMTI VICENTE DE PAULO DA COSTA - ACARAU - CREDE 3,COMERCIAL RAMALHO LTDA,22000000,950.0,79,-0.614335,37,BAIXO,2025-10-13,2026-04-05 18:00:43.371636
2264,1369514,"Aquisição de Material Elétrico e Eletrônico, subsidiado com aporte Financeiro portaria 1/2025, manutenção. EEEP OSMIRA EDUARDO DE CASTRO - MORADA NOVA - CREDE 10",CONCEICAO MARTINS DA SILVA ,22000000,850.0,237,-0.614284,37,BAIXO,2025-05-08,2026-04-05 18:00:43.371636
583,1410474,AQUISIÇÃO DE NEOFORTE PARA ATENDER DEMANDAS JUDICIAIS.,PRIME VITA NUTRICAO E PRODUTOS HOSPITALARES LTDA,24200004,4236144.0,27,-0.61427,37,BAIXO,2025-12-04,2026-04-05 18:00:43.371636
788,1408776,"Prestação de serviços, por Centros de Formação de Condutores (CFC), referentes à realização de Cursos de Formação Teórico-Técnico e Prática de Direção Veicular, visando a formação e capacitação de candidatos à obtenção da primeira habilitação no âmbito do programa CNH Popular.",CENTRO DE FORMACAO DE CONDUTORES GLEYCIANO LTDA,08200003,5947838.0,37,-0.614257,37,BAIXO,2025-11-24,2026-04-05 18:00:43.371636
2480,1365326,SERVIÇOS TÉCNICOS PROFISSIONAIS NA EEMTI DEPUTADO IRAPUAN CAVALCANTE PINHEIRO - SEFOR 3,SANTOS SERVICOS CONTABEIS LTDA,22000000,970.0,365,-0.614171,37,BAIXO,2025-04-08,2026-04-05 18:00:43.371636
1368,1391452,ERVICOS TECNICOS PROFISSIONAIS DE TERCEIROS - EEMTI GOVERNADOR LUIZ GONZAGA DA FONSECA MOTA - (SEFOR 2),ANTONIA VEBEANE DE ALMEIDA CONTABILIDADE,22000000,970.0,365,-0.614171,37,BAIXO,2025-09-18,2026-04-05 18:00:43.371636
1555,1386806,"ATA de registro de preços Nº 2025/12323, Pregão eletrônico 20250130, que tem como objeto aquisição MATERIAL FARMACOLÓGICO",SANTA BRANCA DISTRIBUIDORA DE MEDICAMENTOS LTDA - EPP,24200204,790.0,132,-0.614151,37,BAIXO,2025-08-21,2026-04-05 18:00:43.371636
1171,1399004,"AQUISIÇÃO DE MEDICAMENTO: ALBENDAZOL, 400MG, COMPRIMIDO MASTIGAVEL. PARA ATENDER A PROGRAMAÇÃO PACTUADA INTEGRADA - PPI",T S COMERCIAL DE MEDICAMENTOS E REPRESENTACAO LTDA,24200004,12602073.0,77,-0.614043,37,BAIXO,2025-10-15,2026-04-05 18:00:43.371636
926,1406210,Aquisição de Material de Consumo ¿ CAFÉ E AÇÚCAR para manutenção do Centro de Convivência Antônio Diogo.,SONIA MARIA MATTOS FAÇANHA - ME,24200004,826.0,50,-0.614024,37,BAIXO,2025-11-11,2026-04-05 18:00:43.371636
1243,1396875,"AQUISIÇÃO DE LANREOTIDA (ACETATO), 120MG, SOLUCAO INJETAVEL DE LIBERACAO PROLONGADA, SERINGA PREENCHIDA COM 0,5ML, UNIDADE 1.0 SERINGA PREENCHIDA. MARCA: SOMATULINE. Solicitação de compra de medicamento para a Rede Hospitalar/SESA",UNI HOSPITALAR LTDA,24200004,13021296.0,84,-0.613987,37,BAIXO,2025-10-08,2026-04-05 18:00:43.371636
2284,1369357,AQUISIÇÃO DE SERVIÇOS TECNICOS PROFISSIONAIS EEMTI PARQUE MARIA BERNARDO DE CASTRO (CREDE 1 - MARACANAÚ),META SERVICOS ASSESSORIA E COMERCIO LTDA,22000000,870.0,120,-0.613929,37,BAIXO,2025-05-06,2026-04-05 18:00:43.371636
2155,1372846,"CONTRATUALIZAÇÃO DA ARP 2025/08467, QUE TEM COMO OBJETO A CONTRATAÇÃO, EM HORAS/ANO, DE SERVIÇO ESPECIALIZADO NA CATEGORIA DE TÉCNICOS DE ENFERMAGEM, PARA SUPRIR AS NECESSIDADES DO HOSPITAL DE SAÚDE MENTAL PROFESSOR FROTA PINTO, PELO PERÍODO DE 12 MESES",COOPERATIVA DE TRABALHO DE ATENDIMENTO PRE-HOSPITALAR LTDA COAPH,24200234,49858624.0,365,-0.613769,37,BAIXO,2025-05-26,2026-04-05 18:00:43.371636
358,1412657,"Serviço de manutenção predial na EEMTI JOSÉ VALDO RIBEIRO RAMOS, com serviços comum de engenharia para manutenção preventiva e
corretiva das instalações físicas predial do imóvel com fornecimento de mão de obra. CT 019/2026.",KG CONSTRUÇÕES LTDA - EPP,22000000,49923552.0,365,-0.613769,37,BAIXO,2026-01-22,2026-04-05 18:00:43.371636
1833,1380407,"Realização de cirurgias eletivas de endometriose, conforme as condições estabelecidas no edital e em conformidade com as diretrizes do Sistema Único de Saúde (SUS), tendo em vista a necessidade identificada pela Central de Regulação do Estado do Ceará.",FUNDACAO ANTONIA MARIA DA CONCEICAO,24200004,50033152.0,365,-0.613769,37,BAIXO,2025-07-14,2026-04-05 18:00:43.371636
1177,1400763,"O objeto do presente instrumento é a prestação dos serviços comuns de Engenharia para
Manutenção Preventiva e Corretiva das instalações Físicas Prediais e Equipamentos Públicos,
com fornecimento de mão de obra, materiais e peças de reposição, por percentual de desconto
sobre as tabelas de serviços da SEINFRA 28 e 28.1 para atender as necessidades da Secretaria
da Cultura, especificamente à Sede da Secult-CE (sede administrativa + chalé), nas condições
estabelecidas neste contrato e no Termo de Referência do edital e na proposta do CONTRATADO.",KG CONSTRUÇÕES LTDA - EPP,27000000,49858687.0,365,-0.613769,37,BAIXO,2025-10-15,2026-04-05 18:00:43.371636
2043,1375830,"realização de cirurgias eletivas de endometriose, conforme as condições estabelecidas no edital e em conformidade com as diretrizes do Sistema Único de Saúde (SUS), tendo em vista a necessidade identificada pela Central de Regulação do Estado do Ceará",CLINICA SAO CAMILO LTDA,24200004,50033152.0,365,-0.613769,37,BAIXO,2025-06-11,2026-04-05 18:00:43.371636
51,1421066,"MANUTENÇÃO PREDIAL - SERVIÇO COMUM DE ENGENHARIA PARA MANUTENÇÃO PREVENTIVA E CORRETIVA DAS INSTALAÇÕES FÍSICAS PREDIAIS EM IMOVEIS, COM O FORNECIMENTO DA MÃO ¿ DE - OBRA ESPECIALIZADA, MATERIAIS E PECAS DE REPOSIÇÃO, ZONA LESTE DA REGIÃO METROPOLITANA DE FORTALEZA. CENTRO COMUNITÁRIO SANTA TEREZINHA, LOCALIZADO NA RUA OSMUNDO CAVALCANTE DE OLIVEIRA, S/N, CONJUNTO SANTA TEREZINHA.",KG CONSTRUÇÕES LTDA - EPP,47000000,49679342.0,365,-0.613769,37,BAIXO,2026-03-18,2026-04-05 18:00:43.371636
50,1421176,"MANUTENÇÃO PREDIAL - SERVIÇO COMUM DE ENGENHARIA PARA MANUTENÇÃO PREVENTIVA E CORRETIVA DAS INSTALAÇÕES FÍSICAS PREDIAIS EM IMOVEIS, COM O FORNECIMENTO DA MÃO ¿ DE - OBRA
ESPECIALIZADA, MATERIAIS E PECAS DE REPOSIÇÃO, ZONA LESTE DA REGIÃO METROPOLITANA DE FORTALEZA. CASTELINHO.
AZUL",KG CONSTRUÇÕES LTDA - EPP,47000000,49917601.0,365,-0.613769,37,BAIXO,2026-03-18,2026-04-05 18:00:43.371636
215,1415673,"AQUISIÇÃO DE MATERIAL DE EXPEDIENTE, (EXTRATOR DE GRAMPOS, ESPATULA,15 CM, ACO CROMADO) PARA O HOSPITAL GERAL DE FORTALEZA-HGF/SESA - .",SUPRIMAX COMERCIAL LTDA,24200184,870.0,311,-0.613768,36,BAIXO,2026-02-23,2026-04-05 18:00:43.371636
1614,1386087,gêneros alimentícios - EEMTI FRANCISCO PORCIANO FERREIRA - MARCO - CREDE 3,OMEGA DISTRIBUIDORA DE PRODUTOS ALIMENTICIOS LTDA,22000000,1751349.0,12,-0.613703,36,BAIXO,2025-08-13,2026-04-05 18:00:43.371636
1979,1377099,"UNIFORMES, TECIDOS E AVIAMENTOS - EEMTI INTEGRADA 2 DE MAIO - SEFOR 2",EDUQUE & BRINQUE EIRELI - ME,22000000,845.0,196,-0.613647,36,BAIXO,2025-06-18,2026-04-05 18:00:43.371636
2079,1376154,"LOCAÇÃO DE UM IMÓVEL, COM A FINALIDADE DE INSTALAR O CENTRO DE ATENDIMENTO DA EMATERCE/CEATE, NO MUNICÍPIO DE CAMPOS SALES",THIENE GRACINDO FERNANDES,21200001,204000.0,1826,-0.613596,36,BAIXO,2025-06-04,2026-04-05 18:00:43.371636
1736,1382197,"Serviço de manutenção preventiva, corretiva e calibração, com cobertura total de peças e acessórios para um TOMÓGRAFO, marca Philips, pertencente ao Hospital Infantil Albert Sabin/HIAS, pelo período de 36 (trinta e seis)) meses, de acordo com as especificações e quantitativos previstos neste TERMO.",PHILIPS MEDICAL SYSTEMS LTDA,24200204,50458869.0,365,-0.613562,36,BAIXO,2025-07-30,2026-04-05 18:00:43.371636
2357,1367906,AQUISIÇÃO DE MATERIAL PERMANENTE (CENTRAL DE AR CONDICIONADO) PARA TENDER AS NECESSIDADES DA FUNECE,BRAVAR COMERCIO E SERVICOS LTDA,31200001,50278744.0,365,-0.613562,36,BAIXO,2025-04-28,2026-04-05 18:00:43.371636
364,1412644,"Serviços de manutenção predial na EEFM NOEL HUGNEN DE OLIVEIRA PAIVA, com serviços comum de engenharia para manutenção preventiva e
corretiva das instalações físicas predial do imóvel. CT 17/2026.",KG CONSTRUÇÕES LTDA - EPP,22000000,47767522.0,365,-0.613519,36,BAIXO,2026-01-21,2026-04-05 18:00:43.371636
2314,1377869,"Celebração do Contrato de Gestão com o Instituto Agropolos do Ceará,para apoiar a SEMA na execução do Programa Agente Jovem Ambiental - AJA e do Programa Auxílio Catador.",INSTITUTO AGROPOLOS DO CEARA,57000000,48240365.0,365,-0.613519,36,BAIXO,2025-05-02,2026-04-05 18:00:43.371636
1826,1376286,"Constitui objeto deste contrato o serviço de Manutenção Preventiva e Corretiva das instalações Físicas Prediais e Equipamentos Públicos, com fornecimento de mão de obra, materiais e peças de reposição, por percentual de desconto linear sobre os preços unitários das tabelas de serviços da SEINFRA 27 e 27.1 para atender as necessidades do Centro Socioeducativo São Francisco, localizado na Zona Leste da Região Metropolitana de Fortaleza/CE, de acordo com as especificações e quantitativos previstos no Anexo I ¿ Termo de Referência do edital e na proposta da CONTRATADA.",KG CONSTRUÇÕES LTDA - EPP,47100004,49565379.0,365,-0.613519,36,BAIXO,2025-07-15,2026-04-05 18:00:43.371636
1832,1380392,"Manutenção Preventiva e Corretiva das instalações Físicas Prediais e Equipamentos Públicos, com fornecimento de mão de obra, materiais e peças de reposição, por percentual de desconto linear sobre os preços unitários das tabelas de serviços da SEINFRA 28 e 28.1 para atender as necessidades do Centro Socioeducativo São Miguel localizado em Fortaleza/CE, através da Ata de Registro de Preços nº 2024/34024.",KG CONSTRUÇÕES LTDA - EPP,47100004,49561399.0,365,-0.613519,36,BAIXO,2025-07-14,2026-04-05 18:00:43.371636
1879,1379851,"Prestação de serviços especializados na área da saúde relacionado a cirurgias eletivas na especialidade de ortopedia ofertados pela iniciativa privada, direcionado aos usuários do Sistema Único de Saúde - SUS e regulados pela Central de Regulação do Estado do Ceará",HOSPITAL SAN MARINO LTDA,24200004,48401206.0,365,-0.613519,36,BAIXO,2025-07-07,2026-04-05 18:00:43.371636
1851,1380995,"Prestação dos serviços comuns de Engenharia para Manutenção Preventiva e Corretiva das instalações Físicas Prediais e
Equipamentos Públicos, com fornecimento de mão de obra, materiais e peças de
reposição, por percentual de desconto sobre as tabelas de serviços da SEINFRA 28 e 28.1
para atender as necessidades da Casa Civil, no imóvel pertencente ao Governo do Estado
do Ceará situado à Rua da Assunção, 1100, bairro José Bonifácio, local onde será sediada
a Secretaria das Mulheres, nas condições estabelecidas neste contrato e no Termo de
Referência do edital e na proposta do CONTRATADO",SALINAS EMPREENDIMENTOS E CONSTRUCOES LTDA ,30000000,48481769.0,365,-0.613519,36,BAIXO,2025-07-11,2026-04-05 18:00:43.371636
74,1419663,"Prestação dos serviços comuns de Engenharia para Manutenção Preventiva e Corretiva das instalações Físicas Prediais e Equipamentos Públicos, com fornecimento de mão de obra, materiais e peças de reposição, por percentual de desconto sobre as tabelas de serviços da SEINFRA para atender a Secretaria da Proteção Social.",SALINAS EMPREENDIMENTOS E CONSTRUCOES LTDA ,47000000,49637046.0,365,-0.613519,36,BAIXO,2026-03-13,2026-04-05 18:00:43.371636
1070,1403493,"Aquisição de Material de Consumo - Gêneros de Alimentação, destinado atender a merenda escolar da EEMTI Barão de Aracati - ARACATI - CREDE 10",COMERCIAL PRAIA E MAR EIRELI,22000000,1766885.0,12,-0.613496,36,BAIXO,2025-10-28,2026-04-05 18:00:43.371636
1031,1404775,CONTADOR (SERVIÇOS TÉCNICOS PROFISSIONAIS) - CEJA PROFESSOR MOREIRA CAMPOS -  (SEFOR 1),LC CONTABILIDADE E ASSESSORIA EMPRESARIAL LTDA,22000000,890.0,240,-0.613479,36,BAIXO,2025-10-30,2026-04-05 18:00:43.371636
1090,1402346,"Contratualização da ATA nº 2025/01894, por 06 (seis) meses, no valor de R$ 234.686,98, para atender as necessidades do HCASG.",FELIPE DA SILVA FONTENELE,24200214,23468698.0,181,-0.613469,36,BAIXO,2025-10-24,2026-04-05 18:00:43.371636
570,1410587,"Prestação de serviços, por Centros de Formação de Condutores (CFC), referentes à realização de Cursos de Formação Teórico-Técnico e Prática de Direção Veicular, visando a formação e capacitação de candidatos à obtenção da primeira habilitação no âmbito do programa CNH Popular.",CENTRO DE FORMAÇÃO DE CONDUTORES B ALDEOTA LTDA -- ME,08200003,4011724.0,27,-0.613409,36,BAIXO,2025-12-04,2026-04-05 18:00:43.371636
27,1422096,"AQUISIÇÃO DE MATERIAL FARMACOLÓGICO, (PROPRANOLOL (CLORIDRATO), 40MG, COMPRIMIDO) PARA O HOSPITAL GERAL DE FORTALEZA - HGF/SESA.",DIMASTER COMERCIO DE PRODUTO HOSPITALAR LTDA,24200184,825.0,282,-0.613402,36,BAIXO,2026-03-24,2026-04-05 18:00:43.371636
584,1410945,"Prestação de serviços, por Centros de Formação de Condutores (CFC), referentes à realização de Cursos de Formação Teórico-Técnico e Prática de Direção Veicular, visando a formação e capacitação de candidatos à obtenção da primeira habilitação no âmbito do programa CNH Popular.",CENTRO DE FORMACAO DE CONDUTORES MARCELO LTDA - ME,08200003,4109601.0,27,-0.613397,36,BAIXO,2025-12-04,2026-04-05 18:00:43.371636
369,1412613,"Serviço de manutenção predial na EEMTI GENERAL EUDORO CORRÊA, com serviços comum de engenharia para manutenção preventiva e
corretiva das instalações físicas predial do imóvel com fornecimento de mão de obra. CT 021/2025.",SALINAS EMPREENDIMENTOS E CONSTRUCOES LTDA ,22000000,50938195.0,365,-0.613354,36,BAIXO,2026-01-21,2026-04-05 18:00:43.371636
2225,1371192,"Contratualizar os itens 1 e 3 da ARP Nº 2025/04299, ENFERMEIRO - SEMANA - DIURNO e ENFERMEIRO - FINAL DE SEMANA E FERIADOS DIURNO, para atender demanda da Coordenadoria de Vigilância em Saúde - COVEP",COOPERATIVA DE TRABALHO DE ATENDIMENTO PRE-HOSPITALAR LTDA COAPH,24200004,50656344.0,365,-0.613354,36,BAIXO,2025-05-14,2026-04-05 18:00:43.371636
970,1406443,"Serviços comuns de Engenharia para Manutenção Preventiva e Corretiva das instalações Físicas Prediais e Equipamentos Públicos, com fornecimento de mão de obra, materiais e peças de reposição, por percentual de desconto sobre as tabelas de serviços da SEINFRA 28 e 28.1 para atender as necessidades da Casa Civil - Palácio da Abolição, nas condições estabelecidas neste contrato e no Termo de Referência do edital e na proposta do CONTRATADO.",KG CONSTRUÇÕES LTDA - EPP,30000000,49119447.0,365,-0.613311,35,BAIXO,2025-11-06,2026-04-05 18:00:43.371636
623,1410031,"O objeto do presente instrumento é a prestação dos serviços comuns de Engenharia para
Manutenção Preventiva e Corretiva das instalações Físicas Prediais e Equipamentos
Públicos, com fornecimento de mão de obra, materiais e peças de reposição, por percentual de
desconto sobre as tabelas de serviços da SEINFRA 28 e 28.1 para atender as necessidades
da Secretaria da Cultura, especificamente a Escola de Artes e Ofícios Thomaz Pompeu Sobrinho,
nas condições estabelecidas neste contrato e no Termo de Referência do edital e na proposta do
CONTRATADO.",KG CONSTRUÇÕES LTDA - EPP,27000000,48826836.0,365,-0.613311,35,BAIXO,2025-12-02,2026-04-05 18:00:43.371636
1490,1388996,"Contratação de empresa para prestação de serviços contínuos a serem executados com dedicação exclusiva de mão de obra terceirizada, regidos pela Consolidação da Leis Trabalhistas (CLT) para as categorias.",CENTRAL DE TERCEIRIZAÇÃO DE SERVIÇOS LTDA,10100003,48599568.0,365,-0.613311,35,BAIXO,2025-09-02,2026-04-05 18:00:43.371636
1534,1387776,"Oportunizar à população cearense, mediante cursos de formação profissional, a inclusão socioprodutiva dos trabalhadores em geral, visando a geração de renda, sustentabilidade e a preservação ambiental.",INSTITUTO DE DESENVOLVIMENTO DO TRABALHO - IDT,59000000,48700000.0,365,-0.613311,35,BAIXO,2025-08-26,2026-04-05 18:00:43.371636
1511,1389191,"Serviço de Manutenção Preventiva e Corretiva das instalações Físicas Prediais e Equipamentos Públicos, com fornecimento de mão de obra, materiais e peças de reposição, por percentual de desconto linear sobre os preços unitários das tabelas de serviços da SEINFRA 28 e 28.1 para atender as necessidades da sede administrativa da Superintendência do Sistema Estadual de Atendimento Socioeducativo, localizada na Zona Leste da Região Metropolitana de Fortaleza/CE.",KG CONSTRUÇÕES LTDA - EPP,47100004,48677312.0,365,-0.613311,35,BAIXO,2025-08-29,2026-04-05 18:00:43.371636
2320,1368462,AQUISIÇÃO DE MATERIAL PERMANENTE (CENTRAL DE AR CONDICIONADO) PARA TENDER AS NECESSIDADES DA FUNECE,BELMICRO TECNOLOGIA S/A,31200001,49152861.0,365,-0.613311,35,BAIXO,2025-04-30,2026-04-05 18:00:43.371636
553,1411002,"Prestação de serviços, por clínica especializada, referente à realização de exames de aptidão física e mental e avaliações psicológicas, bem como perícias médicas especiais, visando a formação e capacitação de candidatos à obtenção da primeira habilitação no âmbito do programa CNH Popular.",RENOVE CARIRI INSTITUTO DE MEDICINA E PSICOLOGIA LTDA,08200003,3797215.0,26,-0.613305,35,BAIXO,2025-12-05,2026-04-05 18:00:43.371636
261,1415478,AQUISIÇÃO - SERVIÇOS DE TERCEIROS - TÉCNICOS PROFISSIONAIS - EEMTI TABELIÃO JOSÉ PINTO QUEZADO - AURORA - CREDE 20,ACE ASSESSORIA CONTABIL LTDA,22000000,1050.0,364,-0.613302,35,BAIXO,2026-02-12,2026-04-05 18:00:43.371636
1076,1402548,MATERIAL DE COPA E COZINHA  - EEMTI SÃO FRANCISCO DA CRUZ - CRUZ - CREDE 3 /,13.916.880 JOSE RAIMUNDO DE ARAUJO,22000000,900.0,64,-0.61324,35,BAIXO,2025-10-28,2026-04-05 18:00:43.371636
295,1418225,"FORNECIMENTO DE ENERGIA ELÉTRICA - NO ESCRITÓRIO DA EMATERCE, NO MUNICÍPIO DE ITAPAJÉ",COMPANHIA ENERGETICA DO CEARA - ENEL,21200001,200000.0,1826,-0.613212,35,BAIXO,2026-02-05,2026-04-05 18:00:43.371636
752,1409333,"Prestação de serviços, por Centros de Formação de Condutores (CFC), referentes à realização de Cursos de Formação Teórico-Técnico e Prática de Direção Veicular, visando a formação e capacitação de candidatos à obtenção da primeira habilitação no âmbito do programa CNH Popular.",CENTRO DE FORMACAO DE CONDUTORES GUAIUBA LTDA,08200003,5563935.0,35,-0.613188,35,BAIXO,2025-11-26,2026-04-05 18:00:43.371636
601,1410071,"AQUISIÇÃO DE  SERTRALINA CLORIDRATO, 50MG, COMPRIMIDO REVESTIDO PARA ATENDER DEMANDAS JUDICIAIS",T S COMERCIAL DE MEDICAMENTOS E REPRESENTACAO LTDA,24200004,1236.0,28,-0.613116,35,BAIXO,2025-12-03,2026-04-05 18:00:43.371636
1680,1383017,"AQUISIÇÃO DE MEDICAMENTO: ESPIRONOLACTONA, 25MG, SIMPLES OU REVESTIDO. PARA ATENDER A PROGRAMAÇÃO PACTUADA INTEGRADA - PPI",SANTA BRANCA DISTRIBUIDORA DE MEDICAMENTOS LTDA - EPP,24200004,19996098.0,148,-0.613112,35,BAIXO,2025-08-05,2026-04-05 18:00:43.371636
742,1408880,"Prestação de serviços, por Centros de Formação de Condutores (CFC), referentes à realização de Cursos de Formação Teórico-Técnico e Prática de Direção Veicular, visando a formação e capacitação de candidatos à obtenção da primeira habilitação no âmbito do programa CNH Popular.",CENTRO DE FORMACAO DE CONDUTORES CONQUISTA LTDA,08200003,5770346.0,35,-0.613012,35,BAIXO,2025-11-26,2026-04-05 18:00:43.371636
497,1411342,"Prestação de serviços, por clínica especializada, referente à realização de exames de aptidão física e mental e avaliações psicológicas, bem como perícias médicas especiais, visando a formação e capacitação de candidatos à obtenção da primeira habilitação no âmbito do programa CNH Popular.",CLINICA MEDICA DO TRANSITO LTDA ,08200003,3087158.0,23,-0.612959,35,BAIXO,2025-12-08,2026-04-05 18:00:43.371636
951,1405549,"CT 093/2025 - CODEA - Constitui objeto deste instrumento a contratação de entidades privadas sem fins lucrativos prestadoras de serviços de assistência técnica e extensão rural para realização de serviços de ASSISTENCIA TÉCNICA E EXTENSÃO RURAL - ATER visando apoiar o desenvolvimento da agricultura familiar-camponesa com foco na comercialização da produção, em conformidade com o lote 02 do Edital de Chamada pública nº 004/2025.",INSTITUTO VEREDAS DA CIDADANIA,21000000,51120000.0,365,-0.612939,35,BAIXO,2025-11-07,2026-04-05 18:00:43.371636
2150,1372996,"CONTRATUALIZAÇÃO DO SALDO DISPONÍVEL NA ATA DE REGISTRO DE PREÇOS Nº 2024/14115  DE MATERIAL MEDICO HOSPITALAR ¿ELETRODO, 24FR, ALCA COM DIAMETRO 5MM, +/-1MM, HASTE 30CM, +/-1CM, PARA UROLOGIA, BIPOLAR DE CORTE EM SOLUCAO SALINA - ELETRODO, PARA UROLOGIA, BIPOLAR DE COAGULACAO EM SOLUCAO SALINA, 24FR, BOLA DE DIAMETRO 5MM,+/-1MM, HASTE 30CM +/- 1CM E CABO, CONECTOR, PECA DE MAO, TRANSMISSAO DA ENERGIA DO GERADOR BIPOLAR ATE OS ELETRODOS, COMPATIVEL COM PROCESSAMENTO PARA REUTILIZACAO, COMPATIVEL COM ELETRODO PARA UROLOGIA¿, POR UM PRAZO DE 12 (DOZE) MESES, PARA ATENDER AS NECESSIDADES DO HOSPITAL GERAL DE FORTALEZA - HGF/SESA. ARP Nº 2024/14115  -  FORNECEDOR:  EV MEDICA COMERCIO E DISTRIBUICAO DE ARTIGOS MEDICOS LTDA",EV MEDICA COMERCIO E DISTRIBUIÇÃO DE ARTIGOS MEDICOS LTDA - ME,24200184,51243016.0,365,-0.612939,35,BAIXO,2025-05-26,2026-04-05 18:00:43.371636
575,1410463,Aquisição de material de consumo odontológico para o Centro Odontológico da Diretoria de Saúde da PMCE. MAPP 62,DENTAL BONSUCESSO PRODUTOS ODONTOLOGICOS LTDA,10200008,3885395.0,27,-0.612933,35,BAIXO,2025-12-04,2026-04-05 18:00:43.371636
149,1417230,AQUISIÇÃO DE MATERIAL DE CONSUMO PARA ATENDER AS NECESSIDADES DA COADS/BREJO SANTO,GMS JAMPA DISTRIBUIDORA LTDA,24200004,918.0,303,-0.612894,35,BAIXO,2026-03-03,2026-04-05 18:00:43.371636
1025,1404007,AQUISIÇÃO  DE CONSUMO- MATERIAL  DE EXPEDIENTE EM FAVOR DA EEMTI MARIA ALICE RAMOS GOMES - CREDE 3,CRISTIANE REGINA MENEZES 04692422300,22000000,900.0,61,-0.612885,35,BAIXO,2025-10-31,2026-04-05 18:00:43.371636
1699,1382830,"AQUISIÇÃO DE MEDICAMENTO: SULFATO FERROSO, 40MG DE FERRO ELEMENTAR, COMPRIMIDO REVESTIDO. PARA ATENDER A PROGRAMAÇÃO PACTUADA INTEGRADA - PPI",T S COMERCIAL DE MEDICAMENTOS E REPRESENTACAO LTDA,24200004,19701634.0,149,-0.612862,35,BAIXO,2025-08-04,2026-04-05 18:00:43.371636
1357,1395030,"LOCAÇÃO DE UM IMÓVEL NO MUNICÍPIO DE SENADOR POMPEU, PARA PRESTAR SERVIÇOS A EMATERCE",ARTHUR PHILIPPE SINDEAUX BRAGA,21200001,216000.0,1826,-0.612754,35,BAIXO,2025-09-19,2026-04-05 18:00:43.371636
1964,1377395,Aquisição de material de processamento de dados para subsidiar trabalho na escola (Saldo) - EEMTI JOSÉ VALDO RIBEIRO RAMOS - SEFOR 1,52.754.571 FRANCISCO MOREIRA DE OLIVEIRA JUNIOR,22000000,840.0,191,-0.612735,35,BAIXO,2025-06-23,2026-04-05 18:00:43.371636
2299,1368368,Aquisição de Serviços Contábeis em favor da EEEP Irmã Ana Zélia da Fonseca. CREDE 20,ACE ASSESSORIA CONTABIL LTDA,22000000,980.0,365,-0.612675,35,BAIXO,2025-05-05,2026-04-05 18:00:43.371636
1367,1395540,Serviços Contábeis - EEFM PARQUE PRESIDENTE VARGAS - SEFOR 3,SANTOS SERVICOS CONTABEIS LTDA,22000000,980.0,365,-0.612675,35,BAIXO,2025-09-18,2026-04-05 18:00:43.371636
1662,1383659,SERVIÇOS TÉCNICOS PROFISSIONAIS - EEMTI PROFESSORA BALBINA JUCÁ DE ALBUQUERQUE - SEFOR 1,SANTOS SERVICOS CONTABEIS LTDA,22000000,980.0,365,-0.612675,35,BAIXO,2025-08-07,2026-04-05 18:00:43.371636
2041,1376230,Contratação de serviços contábeis em favor do CCI Jóquei - CENTRO CEARENSE DE IDIOMAS DE FORTALEZA R3 - UNIDADE JÓQUEI - SEFOR 1,F R SIQUEIRA LTDA,22000000,980.0,365,-0.612675,35,BAIXO,2025-06-11,2026-04-05 18:00:43.371636
2277,1370510,CONTRATAÇÃO DE SERVIÇOS DE ESCRITURAÇÃO CONTÁBIL. EEMTI MONSENHOR DOURADO (SEFOR 1),ACE ASSESSORIA CONTABIL LTDA,22000000,980.0,365,-0.612675,35,BAIXO,2025-05-07,2026-04-05 18:00:43.371636
1068,1404669,TEM COMO OBJETIVO A AQUISIÇÃO DO MATERIAL DE EXPEDIENTE PARA ATENDER AS NECESSIDADES DA EEMTI FRANCISCO GUERREIRO CHAVES - EEMTI FRANCISCO GUERREIRO CHAVES - COORDENADORIA REGIONAL DE DESENVOLVIMENTO DA EDUCAÇÃO (CREDE 10 - RUSSAS),M.G.C. DE ALMEIDA GOMES,22000000,897.0,60,-0.612657,34,BAIXO,2025-10-28,2026-04-05 18:00:43.371636
1667,1383276,MATERIAL DE LIMPEZA E PRODUÇÃO DE HIGIENIZAÇÃO PARA A EEMTI GENERAL EUDORO CORRÊA - SEFOR 1,ICLEANPRO COMERCIO E SERVICOS LTDA,22000000,841.0,147,-0.612654,34,BAIXO,2025-08-06,2026-04-05 18:00:43.371636
1602,1384864,"RITUXIMABE, 10MG/ML, SOLUCAO PARA DILUICAO PARA INFUSAO, FRASCO 10ML/ RITUXIMABE, 10MG/ML, SOLUCAO PARA DILUICAO PARA INFUSAO, FRASCO 50ML, Solicitação de compra de medicamento para a Rede Hospitalar/SESA",NORD PRODUTOS EM SAUDE LTDA,24200004,19307967.0,140,-0.612645,34,BAIXO,2025-08-13,2026-04-05 18:00:43.371636
1231,1396871,AQUISIÇÃO DE MATERIAL DE EXPEDIENTE - EEMTI CARNEIRO DE MENDONÇA - MARACANAU - CREDE 1,EDUQUE & BRINQUE EIRELI - ME,22000000,990.0,84,-0.612607,34,BAIXO,2025-10-08,2026-04-05 18:00:43.371636
747,1409295,"Prestação de serviços, por Centros de Formação de Condutores (CFC), referentes à realização de Cursos de Formação Teórico-Técnico e Prática de Direção Veicular, visando a formação e capacitação de candidatos à obtenção da primeira habilitação no âmbito do programa CNH Popular.",CENTRO DE FORMACAO DE CONDUTORES ARAGAO LTDA - ME,08200003,5450171.0,35,-0.612316,34,BAIXO,2025-11-26,2026-04-05 18:00:43.371636
577,1410946,"Prestação de serviços, por Centros de Formação de Condutores (CFC), referentes à realização de Cursos de Formação Teórico-Técnico e Prática de Direção Veicular, visando a formação e capacitação de candidatos à obtenção da primeira habilitação no âmbito do programa CNH Popular.",CENTRO DEFORMAÇÃO DE CONDUTORES CAÇULA LTDA,08200003,3862804.0,27,-0.612311,34,BAIXO,2025-12-04,2026-04-05 18:00:43.371636
638,1409575,"AQUISIÇÃO DE MEDICAMENTO: GLICOSAMINA SULFATO + CONDROITINA SULFATO, 1,5G + 1,2G, PO PARA SOLUCAO ORAL, SACHE 4,0 A 5,0G. PARA ATENDER A PROGRAMAÇÃO PACTUADA INTEGRADA - PPI",UNI HOSPITALAR CEARA LTDA-EPP,24200004,4924773.0,30,-0.612287,34,BAIXO,2025-12-01,2026-04-05 18:00:43.371636
1689,1384165,Aquisição de serviços técnicos profissionais para consultoria e assessoria contábil faz-se necessário para manter a escola idônea junto aos órgãos competentes - CAMOCIM - CREDE 4,FH EMPRESARIAL LTDA,22000000,990.0,365,-0.612218,34,BAIXO,2025-08-05,2026-04-05 18:00:43.371636
2082,1374425,AQUISIÇÃO  SERVIÇOS DE TERCEIROS - TÉCNICOS PROFISSIONAIS EEMTI ANTONIO MARQUES DE ABREU (CREDE 1 - MARACANAÚ),ACE ASSESSORIA CONTABIL LTDA,22000000,990.0,365,-0.612218,34,BAIXO,2025-06-03,2026-04-05 18:00:43.371636
2355,1368159,SERVIÇOS DE TERCEIROS - TÉCNICOS PROFISSIONAIS; EEMTI ESTADO DO MARANHÃO - SUPERINTENDÊNCIA DAS ESCOLAS ESTADUAIS DE FORTALEZA (SEFOR 3),ACE ASSESSORIA CONTABIL LTDA,22000000,990.0,365,-0.612218,34,BAIXO,2025-04-28,2026-04-05 18:00:43.371636
1241,1399874,AQUISIÇÃO DE SERVIÇOS DE TERCEIROS - TÉCNICOS PROFISSIONAIS - CONTADOR E ARBITRAGEM - EEMTI GOVERNADOR ADAUTO BEZERRA - CRATO - CREDE 18,PARTENAIRE CONTABILIDADE AUDITORIA E PLANEJAMENTO TRIBUTARIO SS,22000000,990.0,365,-0.612218,34,BAIXO,2025-10-08,2026-04-05 18:00:43.371636
1269,1397677,AQUISIÇÃO - SERVIÇOS DE TERCEIROS - TÉCNICOS PROFISSIONAIS - EEMTI ANTÔNIO MOTA - ANTONINA DO NORTE - CREDE 18,PARTENAIRE CONTABILIDADE AUDITORIA E PLANEJAMENTO TRIBUTARIO SS,22000000,990.0,365,-0.612218,34,BAIXO,2025-10-02,2026-04-05 18:00:43.371636
237,1415344,SERVIÇOS PROFISSIONAIS CONTABILIDADE ANO LETIVO 2026 - EEMTI CORONEL OSVALDO STUDART - AQUIRAZ - CREDE 1,ACE ASSESSORIA CONTABIL LTDA,22000000,990.0,365,-0.612218,34,BAIXO,2026-02-19,2026-04-05 18:00:43.371636
1400,1393208,SERVIÇOS DE TERCEIROS - SERVIÇOS TÉCNICOS PROFISSIONAIS - EEMTI SENADOR OSIRES PONTES - (SEFOR 3),PARTENAIRE CONTABILIDADE AUDITORIA E PLANEJAMENTO TRIBUTARIO SS,22000000,990.0,365,-0.612218,34,BAIXO,2025-09-16,2026-04-05 18:00:43.371636
1334,1396393,SERVIÇOS DE TERCEIROS - TÉCNICOS PROFISSIONAIS - EEMTI CAIC MARIA ALVES CARIOCA - (SEFOR 3),PARTENAIRE CONTABILIDADE AUDITORIA E PLANEJAMENTO TRIBUTARIO SS,22000000,990.0,365,-0.612218,34,BAIXO,2025-09-23,2026-04-05 18:00:43.371636
658,1409595,"AQUISIÇÃO DE SEMAGLUTIDA, 1,34MG/ML, SOLUCAO INJETAVEL EM SISTEMA DE APLICACAO PREENCHIDO COM 3ML, DOSES 1MG PARA ATENDER DEMANDAS JUDICIAIS.",UNI HOSPITALAR CEARA LTDA-EPP,24200004,4774055.0,30,-0.61208,34,BAIXO,2025-12-01,2026-04-05 18:00:43.371636
639,1409770,"AQUISIÇÃO DE ACIDO URSODESOXICOLICO, 300MG, COMPRIMIDO PARA ATENDER À DEMANDA DO COMPONENTE ESPECIALIZADO DA ASSISTÊNCIA FARMACÊUTICA (CEAF).",T S COMERCIAL DE MEDICAMENTOS E REPRESENTACAO LTDA,24200004,4697703.0,30,-0.61208,34,BAIXO,2025-12-01,2026-04-05 18:00:43.371636
139,1419135,GÊNEROS DE ALIMENTAÇÃO - EEMTI JACOB NOBRE DE OLIVEIRA BENEVIDES - BANABUIU - CREDE 12,COMERCIAL PRAIA E MAR EIRELI,22000000,1699680.0,12,-0.612045,34,BAIXO,2026-03-03,2026-04-05 18:00:43.371636
100,1419037,SERVIÇO DE CONSULTORIA ¿ ASSESSORIA CONTÁBIL - EEFM DEPUTADO JOACI PEREIRA -  (SEFOR 3),ANTONIA VEBEANE DE ALMEIDA CONTABILIDADE,22000000,1010.0,365,-0.611968,34,BAIXO,2026-03-10,2026-04-05 18:00:43.371636
557,1410892,Aquisição de material de consumo (LIMPEZA) para atender a demanda da SRCEN,BRILHARES PRODUTOS DE LIMPEZA LTDA ,24200004,1290.0,26,-0.611913,34,BAIXO,2025-12-05,2026-04-05 18:00:43.371636
1897,1379122,"HEMINA , FRASCO AMPOLA, 350MG PÓ LIOFILIZADO PARA SOLUÇÃO INJETÁVEL. Solicitação de compra mensal de medicamento para atendimento judicial/SESA",LICIMASTER DISTRIBUIDORA DE MEDICAMENTOS E PROD MEDICOS HOSP EIRELI,24200004,23272668.0,182,-0.611859,34,BAIXO,2025-07-02,2026-04-05 18:00:43.371636
1142,1400153,"AQUISIÇÃO DE CARVEDILOL, 25MG, COMPRIMIDO SIMPLES OU REVESTIDO PARA ATENDER À PROGRAMAÇÃO PACTUADA INTEGRADA (PPI).",SANTA BRANCA DISTRIBUIDORA DE MEDICAMENTOS LTDA - EPP,24200004,11981112.0,72,-0.611791,34,BAIXO,2025-10-20,2026-04-05 18:00:43.371636
1915,1378672,AQUISIÇÃO DE PROCESSAMENTO DE DADOS - EEMTI MENEZES PIMENTEL - PACOTI - CREDE 8,FRANCISCO MATEUS DA ROCHA DO NASCIMENTO 27634641812,22000000,900.0,184,-0.611789,34,BAIXO,2025-06-30,2026-04-05 18:00:43.371636
1954,1378030,Serviços de Terceiros ¿ Serviços Técnicos Profissionais (assessoria e consultoria contábil - contador) - EEMTI MONSENHOR JOSÉ AUGUSTO DA SILVA - CAMOCIM - CREDE 4,ACE ASSESSORIA CONTABIL LTDA,22000000,1000.0,365,-0.611761,33,BAIXO,2025-06-24,2026-04-05 18:00:43.371636
1956,1378177,SERVIÇOS TÉCNICOS CONTÁBEIS - EEMTI PRESIDENTE HUMBERTO DE ALENCAR CASTELO BRANCO - SEFOR 3,ZACARIAS DOS SANTOS CHAVES JUNIOR,22000000,1000.0,365,-0.611761,33,BAIXO,2025-06-24,2026-04-05 18:00:43.371636
2003,1377020,AQUISIÇÃO DE SERVIÇOS TÉCNICOS PROFISSIONAIS - EEMTI PROFESSOR JOCIÊ CAMINHA DE MENEZES - (SEFOR 3),ZACARIAS DOS SANTOS CHAVES JUNIOR,22000000,1000.0,365,-0.611761,33,BAIXO,2025-06-16,2026-04-05 18:00:43.371636
158,1417507,AQUISIÇÃO DE SERVIÇOS DE TERCEIROS REFERENTE A TÉCNICOS PROFISSIONAIS-CONTABILIDADE ANO 2026 - EEMTI JOAQUIM JOSUÉ DA COSTA - DEPUTADO IRAPUAN PINHEIRO - CREDE 14,BARROS E SILVA ASSESSORIA E SERVICOS CONTABEIS LTDA,22000000,1000.0,365,-0.611761,33,BAIXO,2026-03-02,2026-04-05 18:00:43.371636
2231,1364469,Aquisição de serviços técnicos profissionais - consultoria contábil; EEEP BALBINA VIANA ARRAIS - COORDENADORIA REGIONAL DE DESENVOLVIMENTO DA EDUCAÇÃO (CREDE 20 - BREJO SANTO),ACE ASSESSORIA CONTABIL LTDA,22000000,1000.0,365,-0.611761,33,BAIXO,2025-05-13,2026-04-05 18:00:43.371636
1397,1393212,Aquisição de serviços técnicos profissionais (assessoria contábil) em favor da EEEP Antonio Valmir Ribeiro. FARIAS BRITO - CREDE 19 //,SANTOS SERVICOS CONTABEIS LTDA,22000000,1000.0,365,-0.611761,33,BAIXO,2025-09-16,2026-04-05 18:00:43.371636
1644,1384508,SERVIÇOS DE TERCEIROS - SERVIÇOS TÉCNICOS PROFISSIONAIS - EEMTI MARIA ZENÓBIA RODRIGUES BRAGA - CAUCAIA - CREDE 1,ZACARIAS DOS SANTOS CHAVES JUNIOR,22000000,1000.0,365,-0.611761,33,BAIXO,2025-08-11,2026-04-05 18:00:43.371636
1909,1379136,Serviços Técnicos Profissionais (contabilidade) - EEMTI RENATO BRAGA -  (SEFOR 2),ZACARIAS DOS SANTOS CHAVES JUNIOR,22000000,1000.0,365,-0.611761,33,BAIXO,2025-06-30,2026-04-05 18:00:43.371636
230,1415571,SERVIÇOS CONTÁBEIS - EEMTI JOSÉ MARIA PONTES DA ROCHA - CAUCAIA - CREDE 1,ACE ASSESSORIA CONTABIL LTDA,22000000,1000.0,365,-0.611761,33,BAIXO,2026-02-20,2026-04-05 18:00:43.371636
64,1421035,SERVIÇO CONTÁBIL - ESCOLA INDÍGENA TAPEBA CAPOEIRA - CAUCAIA - CREDE 1 -,ACE ASSESSORIA CONTABIL LTDA,22000000,1000.0,365,-0.611761,33,BAIXO,2026-03-17,2026-04-05 18:00:43.371636
1063,1403803,SERVIÇOS DE TERCEIROS - TÉCNICOS PROFISSIONAIS - EEMTI INSTITUTO DOS CEGOS - (SEFOR 2),FERRAZ CONTABILIDADE & COMPANY LTDA,22000000,1000.0,365,-0.611761,33,BAIXO,2025-10-29,2026-04-05 18:00:43.371636
1370,1395384,SERVIÇOS DE TERCEIROS - TÉCNICOS PROFISSIONAIS - EEMTI POETA OTACÍLIO COLARES - (SEFOR 2),ANTONIA VEBEANE DE ALMEIDA CONTABILIDADE,22000000,1000.0,365,-0.611761,33,BAIXO,2025-09-18,2026-04-05 18:00:43.371636
2050,1376055,AQUISIÇÃO - SERVIÇOS DE TERCEIROS - TÉCNICOS PROFISSIONAIS - EEMTI SÃO FRANCISCO DE ASSIS - BOM JARDIM - SEFOR 3,SANTOS SERVICOS CONTABEIS LTDA,22000000,1000.0,365,-0.611761,33,BAIXO,2025-06-10,2026-04-05 18:00:43.371636
2180,1373077,Serviços contábeis - CEJA PROFESSORA MARIA EUDES VERAS - SEFOR 1,ZACARIAS DOS SANTOS CHAVES JUNIOR,22000000,1000.0,365,-0.611761,33,BAIXO,2025-05-22,2026-04-05 18:00:43.371636
2366,1368386,SERVIÇO CONTÁBIL ESCOLA INDÍGENA NARCÍSIO FERREIRA MATOS (CREDE 1 - MARACANAÚ),ACE ASSESSORIA CONTABIL LTDA,22000000,1000.0,365,-0.611761,33,BAIXO,2025-04-25,2026-04-05 18:00:43.371636
2358,1367663,SERVIÇOS TECNICOS PROFISSIONAIS; EEMTI PROFESSOR PLÁCIDO ADERALDO CASTELO - SUPERINTENDÊNCIA DAS ESCOLAS ESTADUAIS DE FORTALEZA (SEFOR 3),SANTOS SERVICOS CONTABEIS LTDA,22000000,1000.0,365,-0.611761,33,BAIXO,2025-04-28,2026-04-05 18:00:43.371636
1161,1402147,AQUISIÇÃO DE SERVIÇO TÉCNICO PROFISSIONAIS - EEM CORONEL LUIZ FELIPE - GRANJA - CREDE 4,SANTOS SERVICOS CONTABEIS LTDA,22000000,1000.0,365,-0.611761,33,BAIXO,2025-10-17,2026-04-05 18:00:43.371636
1364,1397069,Aquisição de Serviços Técnicos Profissionais - CENTRO CEARENSE DE IDIOMAS - UNIDADE CAUCAIA - CREDE 1,ACE ASSESSORIA CONTABIL LTDA,22000000,1000.0,365,-0.611761,33,BAIXO,2025-09-19,2026-04-05 18:00:43.371636
1586,1386077,AQUISIÇÃO - SERVIÇOS DE TERCEIROS - TÉCNICOS PROFISSIONAIS - EEFM ARQUITETO ROGÉRIO FROES - SEFOR 2,CASPE CONTABILIDADE ASSESSORIA & PERICIA LTDA,22000000,1000.0,365,-0.611761,33,BAIXO,2025-08-18,2026-04-05 18:00:43.371636
2177,1372492,SERVIÇOS DE TERCEIROS SERVIÇOS TÉCNICOS PROFISSIONAIS - EEM LUIZA BEZERRA DE FARIAS - TURURU - CREDE 2,ACE ASSESSORIA CONTABIL LTDA,22000000,1000.0,365,-0.611761,33,BAIXO,2025-05-22,2026-04-05 18:00:43.371636
1514,1387780,AQUISIÇÃO DE SERVIÇOS DE TERCEIROS - TÉCNICOS PROFISSIONAIS - EEMTI SANTA TEREZA - ALTANEIRA - CREDE 18,ZACARIAS DOS SANTOS CHAVES JUNIOR,22000000,1000.0,365,-0.611761,33,BAIXO,2025-08-29,2026-04-05 18:00:43.371636
1032,1404943,AQUISIÇÃO DE SERVIÇOS DE TERCEIROS - TÉCNICOS PROFISSIONAIS - EEEP WELLINGTON BELÉM DE FIGUEIREDO - CREDE 18,ACE ASSESSORIA CONTABIL LTDA,22000000,1000.0,365,-0.611761,33,BAIXO,2025-10-30,2026-04-05 18:00:43.371636
2075,1375015,SERVIÇOS TECNICOS PROFISSIONAIS_-_(2)_-_2025 - EEM ANA BEZERRA DE SÁ - EUSEBIO - CREDE 1,SANTOS SERVICOS CONTABEIS LTDA,22000000,1000.0,365,-0.611761,33,BAIXO,2025-06-05,2026-04-05 18:00:43.371636
2466,1366368,SERVIÇOS CONTÁBEIS; EEFM PROFESSORA MARIA DA CONCEIÇÃO PORFÍRIO TELES - SUPERINTENDÊNCIA DAS ESCOLAS ESTADUAIS DE FORTALEZA (SEFOR 2),ACE ASSESSORIA CONTABIL LTDA,22000000,1000.0,365,-0.611761,33,BAIXO,2025-04-09,2026-04-05 18:00:43.371636
2020,1376509,SERVIÇOS CONTABÉIS - INSTITUTO CEARENSE DE EDUCAÇÃO DE SURDOS - SEFOR 2,ACE ASSESSORIA CONTABIL LTDA,22000000,1000.0,365,-0.611761,33,BAIXO,2025-06-13,2026-04-05 18:00:43.371636
1686,1383472,SERVIÇOS CONTÁBEIS - EEFM SANTO AMARO - SEFOR 3,SANTOS SERVICOS CONTABEIS LTDA,22000000,1000.0,365,-0.611761,33,BAIXO,2025-08-05,2026-04-05 18:00:43.371636
2205,1372625,AQUISIÇÃO DE SERVIÇOS TÉCNICOS PROFISSIONAIS - EEMTI DOM ALOISIO LORSCHEIDER - CAUCAIA - CREDE 1,ZACARIAS DOS SANTOS CHAVES JUNIOR,22000000,1000.0,365,-0.611761,33,BAIXO,2025-05-20,2026-04-05 18:00:43.371636
2001,1377487,AQUISIÇÃO SERVIÇOS TÉCNICOS PROFISSIONAIS - ESCOLA INDÍGENA DIREITO DE APRENDER DO POVO ANACÉ  - CAUCAIA - CREDE 1,ACE ASSESSORIA CONTABIL LTDA,22000000,1000.0,365,-0.611761,33,BAIXO,2025-06-17,2026-04-05 18:00:43.371636
238,1415938,"AQUISIÇÃO SERVIÇOS DE TERCEIROS - SERVIÇOS TÉCNICOS PROFISSIONAIS,EM FAVOR DA EEMTI PROFª EUNICE MARIA DE SOUSA FREITAS - MAURITI - CREDE 20",BARROS E SILVA ASSESSORIA E SERVICOS CONTABEIS LTDA,22000000,1000.0,365,-0.611761,33,BAIXO,2026-02-19,2026-04-05 18:00:43.371636
1564,1386536,SERVIÇOS TÉCNICOS PROFISSIONAIS - SERVIÇO CONTÁBIL - EEMTI CLÓVIS BEVILÁQUA - SEFOR 2,ZACARIAS DOS SANTOS CHAVES JUNIOR,22000000,1000.0,365,-0.611761,33,BAIXO,2025-08-20,2026-04-05 18:00:43.371636
1005,1404446,"AQUISIÇÃO DE SERVIÇOS TÉCNICOS PROFISSIONAIS - SERVIÇOS CONTÁBEIS, PARA MANUTENÇÃO DESTA UNIDADE ESCOLAR - CEJA PADRE JOAQUIM ALVES - MILAGRES - CREDE 20",ACE ASSESSORIA CONTABIL LTDA,22000000,1000.0,365,-0.611761,33,BAIXO,2025-10-31,2026-04-05 18:00:43.371636
699,1409376,"AQUISIÇÃO DE MEDICAMENTO: CEFALEXINA, 500MG, CAPSULA GELATINOSA DURA OU COMPRIMIDO REVESTIDO. PARA ATENDER A PROGRAMAÇÃO PACTUADA INTEGRADA - PPI",LABORATORIO TEUTO BRASILEIRO LTDA,24200004,5318250.0,33,-0.611733,32,BAIXO,2025-11-28,2026-04-05 18:00:43.371636
739,1409192,"Prestação de serviços, por Centros de Formação de Condutores (CFC), referentes à realização de Cursos de Formação Teórico-Técnico e Prática de Direção Veicular, visando a formação e capacitação de candidatos à obtenção da primeira habilitação no âmbito do programa CNH Popular.",CENTRO DE FORMACAO DE CONDUTORES JF AUTO ESCOLA FREIRE LTDA,08200003,5398889.0,34,-0.61169,32,BAIXO,2025-11-27,2026-04-05 18:00:43.371636
715,1409695,"Prestação de serviços, por Centros de Formação de Condutores (CFC), referentes à realização de Cursos de Formação Teórico-Técnico e Prática de Direção Veicular, visando a formação e capacitação de candidatos à obtenção da primeira habilitação no âmbito do programa CNH Popular.",CENTRO DE FORMACAO DE  CONDUTORES MAE RAINHA LTDA   ME,08200003,5426186.0,34,-0.61169,32,BAIXO,2025-11-27,2026-04-05 18:00:43.371636
107,1418310,"AQUISIÇÃO DE MEDICAMENTO PARA ATENDER A PROGRAMAÇÃO PACTUADA INTEGRADA - PPI - ITEM: SINVASTATINA, 20MG, COMPRIMIDO REVESTIDO",ELFA MEDICAMENTOS S.A.,24200004,34105995.0,297,-0.611688,32,BAIXO,2026-03-09,2026-04-05 18:00:43.371636
2138,1375699,MATERIAL DE EXPEDIENTE - ARP - EEM LUÍZA TÁVORA - PROMORAR -  (SEFOR 2),F C COMERCIO DE MATERIAIS DE LIMPEZA LTDA,22000000,924.0,217,-0.611674,32,BAIXO,2025-05-28,2026-04-05 18:00:43.371636
412,1411963,"AQUISIÇÃO DE MATERIAL TÉCNICO HOSPITALAR PARA O HOSPITAL GERAL DE FORTALEZA ( FRASCO, COLETOR PARA FLUIDOS ORGANICO, ENTRE 1000 A 2000ML, BOLSA COLETORA, SISTEMA FECHADO, SEM VALVULA ANTI-TRANSBORDAMENTO, COM ANEL DE VEDACAO QUE EVITA A PERDA DE PRESSAO, EMBALAGEM 1.0 UNIDADE)",ROSS MEDICAL LTDA,24200184,1170000.0,8,-0.61155,32,BAIXO,2025-12-23,2026-04-05 18:00:43.371636
1703,1384391,"AQUISIÇÃO DE MEDICAMENTO MORFINA (SULFATO), 10 MG/ML, SOLUCAO INJETAVEL, AMPOLA 1.0 MILILITRO.",DROGAFONTE LTDA,24200234,895.0,149,-0.611531,32,BAIXO,2025-08-04,2026-04-05 18:00:43.371636
743,1409289,"Prestação de serviços, por Centros de Formação de Condutores (CFC), referentes à realização de Cursos de Formação Teórico-Técnico e Prática de Direção Veicular, visando a formação e capacitação de candidatos à obtenção da primeira habilitação no âmbito do programa CNH Popular.",CENTRO DE FORMACAO DE CONDUTOR - JUAZEIRO LTDA,08200003,5406414.0,35,-0.611483,32,BAIXO,2025-11-26,2026-04-05 18:00:43.371636
627,1409892,"AQUISIÇÃO DE MATERIAL MÉDICO HOSPITALAR, (STENT, AUTOEXPANSIVEL CORTADO A LASER, DIAMETRO DE 3 A 6MM; MICROCATETER) PARA O HOSPITAL GERAL DE FORTALEZA-HGF/SESA.",AUTO SUTURE DO BRASIL LTDA.,24200184,4295000.0,29,-0.611483,32,BAIXO,2025-12-02,2026-04-05 18:00:43.371636
1440,1390412,MATERIAL DE PROCESSAMENTO DE DADOS - EEMTI RONALDO CAMINHA BARBOSA - CASCAVEL - CREDE 9,RGB COMERCIO E SERVICOS LTDA,22000000,930.0,114,-0.611466,32,BAIXO,2025-09-08,2026-04-05 18:00:43.371636
1863,1380097,"AQUISIÇÃO DE MATERIAL DE CONSUMO - UTENSÍLIOS DE LIMPEZA - ESPONJA PARA LIMPEZA, DUPLA FACE, SINTETICA, LADO ESPUMA POLIURETANO OUTRO FIBRA SINTETICA ABRASIVA, DIMENSOES 
100X70X20MM, VARIACAO +/- 10MM, EMBALAGEM COM IDENTIFICACAO DO PRODUTO, MARCA DO FABRICANTE, EMBALAGEM 1.0 UNIDADE; ESPONJA PARA LIMPEZA, DUPLA FACE, SINTETICA, LADO ESPUMA POLIURETANO OUTRO FIBRA SINTETICA ABRASIVA, DIMENSOES 100X70X20MM, VARIACAO +/- 10MM, EMBALAGEM COM IDENTIFICACAO DO PRODUTO, MARCA DO FABRICANTE, EMBALAGEM 1.0 UNIDADE",FG COMERCIO TENDTUDO LTDA,57200001,920.0,174,-0.611443,32,BAIXO,2025-07-10,2026-04-05 18:00:43.371636
2354,1368856,Contratação de Serviços de Terceiros - Serviços Técnicos Profissionais em favor da EEMTI Maria Celeste de Azevedo Porto visando atender as necessidades da referida escola para o exercício financeiro de 2025. (CREDE 2 - ITAPIPOCA),ACE ASSESSORIA CONTABIL LTDA,22000000,900.0,199,-0.611368,32,BAIXO,2025-04-28,2026-04-05 18:00:43.371636
1435,1390825,"Aquiisição de equipamentos de escritório destinados a atender às necessidades dos Comitês de Bacias Hidrográficas do Ceará, utilizando recursos do Procomitês.",COMERCIAL MODELO DE MAQUINAS E PAPEIS LTDA ,29000000,16163826.0,113,-0.611338,32,BAIXO,2025-09-09,2026-04-05 18:00:43.371636
733,1409641,"Prestação de serviços, por Centros de Formação de Condutores (CFC), referentes à realização de Cursos de Formação Teórico-Técnico e Prática de Direção Veicular, visando a formação e capacitação de candidatos à obtenção da primeira habilitação no âmbito do programa CNH Popular.",CENTRO DE FORMACAO DE CONDUTORES ARAGAO & AMARO LTDA - ME,08200003,5355666.0,34,-0.611319,32,BAIXO,2025-11-27,2026-04-05 18:00:43.371636
23,1422069,"AQUISIÇÃO DE MEDICAMENTO PARA ATENDER A PROGRAMAÇÃO PACTUADA INTEGRADA - PPI - AQUISIÇAO: FLUOXETINA, 20 MG, CAPSULA OU COMPRIMIDO",MEDFUTURA DISTRIBUIDORA DE MEDICAMENTOS E PRODUTOS DE SAUDE LTDA,24200004,33239052.0,282,-0.61125,32,BAIXO,2026-03-24,2026-04-05 18:00:43.371636
1916,1378670,"Material de Processamento de Dados, para utilização no laboratório de informática, nas projeções de aulas e manutenção básica de impressoras e do laboratório - EEMTI PROFESSORA MARIETA SANTOS - BELA CRUZ - CREDE 3",57.554.996 PAULO MATIEL CARVALHO RIBEIRO,22000000,950.0,184,-0.611199,32,BAIXO,2025-06-30,2026-04-05 18:00:43.371636
339,1412746,"ERTAPENEM (SODICO), FRASCO/AMPOLA, 1G, PIPERACILINA SODICA + TAZOBACTAM SODICA, FRASCO/AMPOLA, 4G + 500MG. PARA ATENDER A UNIDADES DE SAÚDE DO ESTADO DO CEARÁ/SESA",T S COMERCIAL DE MEDICAMENTOS E REPRESENTACAO LTDA,24200004,42032643.0,339,-0.611195,32,BAIXO,2026-01-26,2026-04-05 18:00:43.371636
1218,1397262,"AQUISIÇÃO DE MATERIAL DE CONSUMO - MATERIAL DE COPA E COZINHA , EM FAVOR DA EEEP DR NAPOLEÃO NEVES DA LUZ - JARDIM - CREDE 19",M.G.C. DE ALMEIDA GOMES,22000000,1001.0,83,-0.611189,32,BAIXO,2025-10-09,2026-04-05 18:00:43.371636
1697,1382709,"AQUISIÇÃO DE MEDICAMENTO: ACIDO FOLICO, FRASCO 30ML, 0,2MG/ML, SOLUCAO ORAL. PARA ATENDER A PROGRAMAÇÃO PACTUADA INTEGRADA - PPI",T S COMERCIAL DE MEDICAMENTOS E REPRESENTACAO LTDA,24200004,19294338.0,149,-0.611138,32,BAIXO,2025-08-04,2026-04-05 18:00:43.371636
1317,1405613,Aquisição de medicamentos por meio da ATA N° 2025/00478 para atender as necessidades do HCASG.,ONCO PROD DISTRIBUIDORA DE PRODUTOS HOSPITALARES E ONCOLOGICOS LTDA,24200214,13394368.0,97,-0.61113,31,BAIXO,2025-09-25,2026-04-05 18:00:43.371636
629,1409895,"AQUISIÇÃO DE MEROPENEM, 1G, PO PARA SOLUCAO INJETAVEL, FRASCO/AMPOLA PARA ATENDER À DEMANDA DAS UNIDADES HOSPITALARES E AMBULATORIAIS DA SESA",UNI HOSPITALAR CEARA LTDA-EPP,24200004,4163796.0,29,-0.611112,31,BAIXO,2025-12-02,2026-04-05 18:00:43.371636
297,1413602,"Tem por objeto aquisição de 120 (cento e vinte) unidades de Academias ao Ar Livre, destinadas ao atendimento dos projetos desenvolvidos pela Secretaria do Esporte do Estado do Ceará ¿ SESPORTE.",OMEGA DISTRIBUIDORA DE PRODUTOS ALIMENTICIOS LTDA,42000000,47400000.0,365,-0.611087,31,BAIXO,2026-02-04,2026-04-05 18:00:43.371636
810,1408370,"AQUISIÇÃO DE EMICIZUMABE, SOLUCAO INJETAVEL SUBCUTANEA, FRASCO AMPOLA 1ML, 30MG/ML PARA ATENDER DEMANDAS JUDICIAIS.",PRODUTOS ROCHE QUIMICOS E FARMACEUTICOS,24200004,5632056.0,37,-0.611075,31,BAIXO,2025-11-24,2026-04-05 18:00:43.371636
781,1409076,"Prestação de serviços, por Centros de Formação de Condutores (CFC), referentes à realização de Cursos de Formação Teórico-Técnico e Prática de Direção Veicular, visando a formação e capacitação de candidatos à obtenção da primeira habilitação no âmbito do programa CNH Popular.",CENTRO DE FORMACAO DE CONDUTORES CATEGORIA A B VALE DO JAGUARIBE LTDA ,08200003,5311021.0,36,-0.610863,31,BAIXO,2025-11-25,2026-04-05 18:00:43.371636
94,1419074,"AQUISIÇÃO DE AMINOFILINA, 24MG/ML, SOLUCAO INJETAVEL, AMPOLA 10ML, UNIDADE 1.0 AMPOLA. MARCA: farmace, PARA CONSUMO NO IPC CE",FARMACE IND QUIMICO FARM CEARENSE       ,24200364,900.0,295,-0.610844,31,BAIXO,2026-03-11,2026-04-05 18:00:43.371636
2199,1373502,MATERIAL DE EXPEDIENTE - EEFM PROFESSOR PAULO AYRTON DE ARAÚJO - SEFOR 2,F C COMERCIO DE MATERIAIS DE LIMPEZA LTDA,22000000,924.0,225,-0.610835,31,BAIXO,2025-05-20,2026-04-05 18:00:43.371636
2096,1374023,"AQUISIÇÃO DE MEDICAMENTO: SERTRALINA CLORIDRATO, 50MG, COMPRIMIDO REVESTIDO. PARA ATENDER A PROGRAMAÇÃO PACTUADA INTEGRADA (PPI)",NDS DISTRIBUIDORA DE MEDICAMENTOS LTDA,24200004,27105936.0,212,-0.610662,31,BAIXO,2025-06-02,2026-04-05 18:00:43.371636
1510,1389979,AQUISIÇÃO DE SERVIÇOS TÉCNICOS E PROFISSIONAIS - EEMPC JOSÉ FIDELES DE MOURA - SANTANA DO ACARAU - CREDE 6,PARTENAIRE CONTABILIDADE AUDITORIA E PLANEJAMENTO TRIBUTARIO SS,22000000,1030.0,365,-0.610659,31,BAIXO,2025-08-29,2026-04-05 18:00:43.371636
1112,1402068,OUTROS SERVIÇOS DE TERCEIROS ¿ PESSOA JURÍDICA ¿ SERVIÇOS TÉCNICOS PROFISSIONAIS - ASSESSORIA CONTÁBIL. - EEMTI PRESIDENTE GEISEL - COORDENADORIA REGIONAL DE DESENVOLVIMENTO DA EDUCAÇÃO (CREDE 19 - JUAZEIRO DO NORTE),PARTENAIRE CONTABILIDADE AUDITORIA E PLANEJAMENTO TRIBUTARIO SS,22000000,1030.0,365,-0.610659,31,BAIXO,2025-10-23,2026-04-05 18:00:43.371636
1668,1383957,AQUISIÇÃO - MATERIAL DE CONSUMO - GÊNEROS DE ALIMENTAÇÃO - EEMTI ANTÔNIO MOTA - ANTONINA DO NORTE - CREDE 18,DEYVID M. SOUSA NEVES,22000000,1034.0,365,-0.610659,31,BAIXO,2025-08-06,2026-04-05 18:00:43.371636
1229,1398507,Aquisição de serviços profissionais de contador - EEEP PROFESSORA LYSIA PIMENTEL GOMES SAMPAIO SALES - SOBRAL - CREDE 6,PARTENAIRE CONTABILIDADE AUDITORIA E PLANEJAMENTO TRIBUTARIO SS,22000000,1030.0,365,-0.610659,31,BAIXO,2025-10-09,2026-04-05 18:00:43.371636
1527,1388203,SERVIÇOS CONTÁBEIS - EEMTI PREFEITO JOSÉ MARIA MONTEIRO - ITAREMA - CREDE 3,ACE ASSESSORIA CONTABIL LTDA,22000000,1020.0,365,-0.610659,31,BAIXO,2025-08-27,2026-04-05 18:00:43.371636
1469,1389880,serviço de contabeis - EEMTI JOHNSON - (SEFOR 2),PARTENAIRE CONTABILIDADE AUDITORIA E PLANEJAMENTO TRIBUTARIO SS,22000000,1030.0,365,-0.610659,31,BAIXO,2025-09-03,2026-04-05 18:00:43.371636
2058,1375034,MATERIAL DE ACONDICIONAMENTO E EMBALAGEM - EEM JOSÉ MARTINS RODRIGUES - QUIXADA - CREDE 12,EDUQUE & BRINQUE EIRELI - ME,22000000,958.0,205,-0.610605,31,BAIXO,2025-06-09,2026-04-05 18:00:43.371636
1108,1401834,PROTEÇÃO E SEGURANÇA - EEMTI IRMÃO URBANO GONZALEZ RODRIGUEZ - (SEFOR 3),HSMSHOP COMERCIO DE PRODUTOS HOSPITALARES E VARIEDADES LTDA,22000000,960.0,69,-0.610439,31,BAIXO,2025-10-23,2026-04-05 18:00:43.371636
1612,1385317,Contratação de serviços contábeis referentes a dois CNPJ: da Unidade Executora e da Escola em favor da EEMTI FIGUEIREDO CORREIA no ano letivo de 2025 - JUAZEIRO DO NORTE - CREDE 19,ACE ASSESSORIA CONTABIL LTDA,22000000,1040.0,365,-0.610379,31,BAIXO,2025-08-13,2026-04-05 18:00:43.371636
890,1406732,"AQUISIÇÃO DE DEXRAZOXANO (CLORIDRATO), 500MG, PO LIOFILIZADO PARA SOLUCAO INJETAVEL FRASCO/AMPOLA, UNIDADE 1.0 FRASCO / AMPOLA. MARCA: ADIUM. PARA ATENDER ÁS UNIDADES DE SAÚDE DO ESTADO DO CEARÁ.",ONCOEXO DISTRIBUIDORA DE MEDICAMENTOS LTDA,24200004,7822208.0,48,-0.610291,31,BAIXO,2025-11-13,2026-04-05 18:00:43.371636
2255,1369979,AQUISIÇÃO DE SERVIÇOS DE TERCEIROS PARA SERVIÇOS TÉCNICOS PROFISSIONAIS DA EEMTI JOSÉ TRISTÃO FILHO - GUAIUBA - CREDE 1,ACE ASSESSORIA CONTABIL LTDA,22000000,1050.0,365,-0.610173,31,BAIXO,2025-05-09,2026-04-05 18:00:43.371636
1733,1382895,Aquisição de SERVIÇOS DE TERCEIROS - OUTROS SERVIÇOS DE TERCEIROS (CREDE 3 - ACARAÚ),ACE ASSESSORIA CONTABIL LTDA,22000000,1050.0,365,-0.610173,31,BAIXO,2025-07-31,2026-04-05 18:00:43.371636
1553,1388263,CONTRATAÇÃO DOS SERVIÇOS TÉCNICOS CONTÁBEIS - EEFM PARÓQUIA DA PAZ - (SEFOR 2),ACE ASSESSORIA CONTABIL LTDA,22000000,1050.0,365,-0.610173,31,BAIXO,2025-08-22,2026-04-05 18:00:43.371636
2330,1368789,SERVIÇOS DE TERCEIROS - TÉCNICOS PROFISSIONAIS; EEFM FERNANDO CAVALCANTE MOTA - SUPERINTENDÊNCIA DAS ESCOLAS ESTADUAIS DE FORTALEZA (SEFOR 1),ACE ASSESSORIA CONTABIL LTDA,22000000,1050.0,365,-0.610173,31,BAIXO,2025-04-30,2026-04-05 18:00:43.371636
2373,1368266,SERVIÇOS DE TERCEIROS -  SERVIÇOS TÉCNICOS PROFISSIONAIS - CONTADOR COLÉGIO ESTADUAL RUI BARBOSA (CREDE 1 - MARACANAÚ),ACE ASSESSORIA CONTABIL LTDA,22000000,1050.0,365,-0.610173,31,BAIXO,2025-04-25,2026-04-05 18:00:43.371636
1339,1396521,AQUISIÇÃO DE SERVIÇOS CONTABEIS - EEMTI PROFESSORA ADALGISA BONFIM SOARES -  (SEFOR 3),ACE ASSESSORIA CONTABIL LTDA,22000000,1050.0,365,-0.610173,31,BAIXO,2025-09-23,2026-04-05 18:00:43.371636
1209,1399236,SERVIÇO CONTABIL - Contratação de pessoa juridica (serviço contabil) para realizar a regularização da agenda tributária referente aos anos 2025/2026 da EEMTI- Capelão Frei Orlando - CANINDE - CREDE 7,ACE ASSESSORIA CONTABIL LTDA,22000000,1050.0,365,-0.610173,31,BAIXO,2025-10-10,2026-04-05 18:00:43.371636
899,1406617,"AQUISIÇÃO DE MEDICAMENTO: FUROSEMIDA, 40MG, COMPRIMIDO. PARA ATENDER A PROGRAMAÇÃO PACTUADA INTEGRADA - PPI",NDS DISTRIBUIDORA DE MEDICAMENTOS LTDA,24200004,7956995.0,49,-0.610143,30,BAIXO,2025-11-12,2026-04-05 18:00:43.371636
904,1406344,"8 PROTESES, HASTE UMERAL REVERSO, EMBALAGEM 1.0 UNIDADE. MARCA: LIMACORPORATE S.P.A ¿ ITALIA",AGF MEDICAL LTDA,24200184,8058934.0,49,-0.610143,30,BAIXO,2025-11-12,2026-04-05 18:00:43.371636
927,1406158,"AQUISIÇÃO DE MEDICAMENTO: ALPRAZOLAM, 0,5MG, COMPRIMIDO. PARA ATENDER A PROGRAMAÇÃO PACTUADA INTEGRADA - PPI",SANTA BRANCA DISTRIBUIDORA DE MEDICAMENTOS LTDA - EPP,24200004,8285935.0,50,-0.610143,30,BAIXO,2025-11-11,2026-04-05 18:00:43.371636
2434,1370464,AQUISIÇÃO DE MATERIAL DE CONSUMO PARA ATENDER AS NECESSIDADES DA FUNECE,HSMSHOP COMERCIO DE PRODUTOS HOSPITALARES E VARIEDADES LTDA,31200001,920.0,261,-0.610025,30,BAIXO,2025-04-14,2026-04-05 18:00:43.371636
216,1415654,"AQUISIÇÃO DE MATERIAL DE CONSUMO   ACONDICIONAMENTOS E EMBALAGENS , (FILME, RESINITE PELICULA, FILME EM PVC, AUTO ADESIVO, ESTICAVEL,
TRANSPARENTE, 28CM X 30M, ROLO) PARA O HOSPITAL GERAL DE FORTALEZA-HGF/SESA.",FG COMERCIO TENDTUDO LTDA,24200184,945.0,311,-0.609926,30,BAIXO,2026-02-23,2026-04-05 18:00:43.371636
1509,1389471,"LOCAÇÃO DE UM IMÓVEL, NO MUNICÍPIO DE MISSÃO VELHA",FABIANA BASILIO BRANDAO E OUTROS,21200001,240000.0,1826,-0.609914,30,BAIXO,2025-08-29,2026-04-05 18:00:43.371636
8,1423006,Material para Festividades e Homenagens - CENTRO CEARENSE DE IDIOMAS - UNIDADE CASCAVEL - CASCAVEL - CREDE 9,INSERT PRINT PAPELARIA LTDA,22000000,876.0,276,-0.609782,30,BAIXO,2026-03-30,2026-04-05 18:00:43.371636
505,1411214,"Aquisição de licenças de uso do pacote AUTODESK AEC-ARCHITECTURE, ENGINEERING AND CONSTRUCTION COLLECTION pelo período de 36 (trinta e seis) meses com direito de atualização e suporte, conforme as especificações e quantitativos estabelecidos no Termo de Referência.",MAPDATA TEC.INF.E COMÉRCIO LT,46000000,1242810.0,1095,-0.609772,30,BAIXO,2025-12-08,2026-04-05 18:00:43.371636
1415,1391342,"ATA de registro de preços Nº 2024/04076, Pregão eletrônico  2024/04076, que tem como objeto aquisição - MATERIAL FARMACOLÓGICO",COMERCIAL CIRURGICA RIOCLARENSE LTDA,24200204,984.0,110,-0.609706,30,BAIXO,2025-09-12,2026-04-05 18:00:43.371636
1173,1399165,"AQUISIÇÃO DE MEDICAMENTO: ACIDO VALPROICO, 500MG, COMPRIMIDO REVESTIDO. PARA ATENDER A PROGRAMAÇÃO PACTUADA INTEGRADA - PPI",BIOLAB SANUS FARMACEUTICA LTDA,24200004,11222508.0,77,-0.609691,30,BAIXO,2025-10-15,2026-04-05 18:00:43.371636
975,1405332,"Aquisição de material de consumo (Água Sanitária), a presente aquisição tem por objetivo atender às demandas do Instituto de Pesquisa e Estratégia Econômica do Ceará - IPECE, visando ao suprimento do almoxarifado com material de consumo necessário para a adequada higienização e manutenção da limpeza das dependências deste Instituto.",FG COMERCIO TENDTUDO LTDA,46200003,934.0,56,-0.609539,30,BAIXO,2025-11-05,2026-04-05 18:00:43.371636
2487,1365691,ARP Material elétrico para atender o CEJA PROFESSORA MARIA EUDES VERAS - SEFOR 1,SERVSUPR SERVICOS ADMINISTRATIVOS LTDA,22000000,852.0,267,-0.60953,30,BAIXO,2025-04-08,2026-04-05 18:00:43.371636
1321,1395155,SERVIÇOS TÉCNICOS PROFISSIONAIS  - EEMTI CORNÉLIO DIÓGENES - JAGUARIBE - CREDE 11 //,PARTENAIRE CONTABILIDADE AUDITORIA E PLANEJAMENTO TRIBUTARIO SS,22000000,1090.0,364,-0.609481,30,BAIXO,2025-09-25,2026-04-05 18:00:43.371636
2241,1370276,"ATA de registro de preços Nº 2024/13172, Pregão eletrônico  20231786, que tem como objeto aquisição de MATERIAL FARMACOLÓGICO",NDS DISTRIBUIDORA DE MEDICAMENTOS LTDA,24200204,960.0,232,-0.609351,30,BAIXO,2025-05-13,2026-04-05 18:00:43.371636
912,1406603,"RECURSO DESTINADO A AQUISIÇÃO DE MEDICAMENTOS PARA HSJ, REFERENTE ATA REGISTRO DE PREÇO 2025/00173, PREGÃO 2025/0336",INOVAMED HOSPITALAR LTDA,24200224,1017.0,49,-0.609334,30,BAIXO,2025-11-12,2026-04-05 18:00:43.371636
227,1415477,"MEROPENEM, 1G, PO PARA SOLUCAO INJETAVEL, PARA ATENDER A UNIDADES DE SAÚDE DO ESTADO DO CEARÁ/SESA",EMMARKA DISTRIBUIDORADE MEDICAMENTOS LTDA,24200004,35821215.0,314,-0.609082,30,BAIXO,2026-02-20,2026-04-05 18:00:43.371636
1448,1389972,"SOLUÇÃO, BOLSA 1000ML, PRESERVAÇÃO DE MÚLTIPLOS ÓRGÃOS E PROTEÇÃO MIOCÁRDICA, HISTIDINA, TRIPTOFANO E ALFACETOGLUTARATO, UNIDADE 1.0 BOLSA. MARCA: Dr. Franz Köhler Chemie GMBH, Solicitação de compra de medicamento para a Rede Hospitalar/SESA.",CONTATI COMERCIO REPRESENTACAO LTDA,24200004,16521984.0,117,-0.609016,30,BAIXO,2025-09-05,2026-04-05 18:00:43.371636
656,1409829,"Prestação de serviços, por Centros de Formação de Condutores (CFC), referentes à realização de Cursos de Formação Teórico-Técnico e Prática de Direção Veicular, visando a formação e capacitação de candidatos à obtenção da primeira habilitação no âmbito do programa CNH Popular.",CENTRO DE FORMACAO DE CONDUTORES J. FERNANDES BEZERRA NETO LTDA,08200003,4459359.0,30,-0.609005,30,BAIXO,2025-12-01,2026-04-05 18:00:43.371636
1101,1401576,"AQUISIÇÃO DE INSUMO: TIRA, REATIVAS PARA GLICEMIA. PARA ATENDER A PROGRAMAÇÃO PACTUADA INTEGRADA - PPI",ROCHE DIABETES CARE BRASIL LTDA,24200004,10992000.0,69,-0.608919,30,BAIXO,2025-10-23,2026-04-05 18:00:43.371636
2151,1372618,"Solicitação de compra de medicamento para atender a Programação
Pactuada Integrada (PPI) - (CARBONATO DE LITIO, 300MG, SIMPLES OU REVESTIDO)",HUB HEALTH DISTRIBUIDORA DE PRODUTOS HOSPITALARES LTDA,24200004,27861072.0,219,-0.608885,30,BAIXO,2025-05-26,2026-04-05 18:00:43.371636
191,1415958,"Contratação de serviços em horas/ano, na Área de Farmacêutico para o Hospital e Maternidade da Polícia Militar José Martiniano de Alencar - HPM",COOPERATIVA DE TRABALHO DE ATENDIMENTO PRE-HOSPITALAR LTDA COAPH,10100013,47356056.0,365,-0.608848,30,BAIXO,2026-02-24,2026-04-05 18:00:43.371636
1255,1408630,"Aquisição de material médico hospitalar, de acordo com a ATA N°2024/33278 para atender as necessidades do HCASG.",ENDOGERAIS EQUIPAMENTOS MEDICOS LTDA ,24200214,1020.0,86,-0.608844,30,BAIXO,2025-10-06,2026-04-05 18:00:43.371636
496,1411467,Aquisição de Equipamentos e Material Permanente - Notebooks,ALFATECH DISTRIBUICAO LTDA,46000000,3016000.0,23,-0.608781,30,BAIXO,2025-12-08,2026-04-05 18:00:43.371636
599,1410391,Aquisição de materiais de limpeza diversos.,N MAYARA DO CARMO DE OLIVEIRA ME,47000000,3829505.0,28,-0.608603,30,BAIXO,2025-12-03,2026-04-05 18:00:43.371636
487,1411365,AQUISIÇÃO DE MATERIAL DE CONSUMO PARA ATENDER AS NECESSIDADES DA SRCEN (QUIXADÁ),FG COMERCIO TENDTUDO LTDA,24200004,1368.0,23,-0.608583,30,BAIXO,2025-12-08,2026-04-05 18:00:43.371636
1380,1392244,"AQUISIÇÃO DE INIBIDOR DE C1 ESTERASE, 500UI, PO LIOFILIZADO PARA SOLUCAO INJETAVEL + DILUENTE 10ML PARA ATENDER DEMANDAS JUDICIAIS.",F7 MEDICAL PRODUTOS HOSPITALARES LTDA,24200004,13700775.0,105,-0.608506,29,BAIXO,2025-09-17,2026-04-05 18:00:43.371636
414,1412037,"ATA de registro de preços Nº 2025/07952, Pregão eletrônico  20241629, que tem como objeto aquisição - MATERIAL FARMACOLÓGICO - SERVIÇO",FARMACIA IRMAOS NOGUEIRA LTDA,24200204,1200.0,8,-0.608463,29,BAIXO,2025-12-23,2026-04-05 18:00:43.371636
1107,1401779,5° COEP MATERIAL DE EXPEDIENTE (PAPEL A4) - EEMTI ESTADO DO PARÁ - SUPERINTENDÊNCIA DAS ESCOLAS ESTADUAIS DE FORTALEZA (SEFOR 2),PAPELARIA CHAO DE GIZ LTDA ,22000000,996.0,69,-0.608413,29,BAIXO,2025-10-23,2026-04-05 18:00:43.371636
717,1409578,"Prestação de serviços, por Centros de Formação de Condutores (CFC), referentes à realização de Cursos de Formação Teórico-Técnico e Prática de Direção Veicular, visando a formação e capacitação de candidatos à obtenção da primeira habilitação no âmbito do programa CNH Popular.",CENTRO DE FORMACAO DE CONDUTORES CAT AB ITAPERY LTDA,08200003,5078525.0,34,-0.608381,29,BAIXO,2025-11-27,2026-04-05 18:00:43.371636
4,1423642,AQUISIÇÃO DE MATERIAL DE EXPEDIENTE EM FAVOR DA EEMTI MARIA ALICE RAMOS GOMES - ACARAU - CREDE 3 -,CRISTIANE REGINA MENEZES 04692422300,22000000,900.0,275,-0.60834,29,BAIXO,2026-03-31,2026-04-05 18:00:43.371636
1148,1400238,"AQUISIÇÃO DE CLOPIDOGREL, 75MG, COMPRIMIDO REVESTIDO PARA ATENDER À PROGRAMAÇÃO PACTUADA INTEGRADA (PPI).",HUB HEALTH DISTRIBUIDORA DE PRODUTOS HOSPITALARES LTDA,24200004,10669776.0,72,-0.608259,29,BAIXO,2025-10-20,2026-04-05 18:00:43.371636
952,1405691,"AQUISIÇÃO DE MEDICAMENTO: LUSPATERCEPTE, 25 MG, PO LIOFILIZADO PARA SOLUCAO INJETAVEL FRASCO AMPOLA. PARA ATENDIMENTO JUDICIAL/SESA",BRISTOL-MYERS SQUIBB FARMACEUTICA LTDA ,24200004,8765106.0,54,-0.608208,29,BAIXO,2025-11-07,2026-04-05 18:00:43.371636
178,1416506,"AQUISIÇÃO LIVRO DE ATA, SEM MARGEM, CAPA DURA, COR PRETA, DIMENSOES 320X220MM VARIACAO +/-5%, FOLHA 75 GR/M², 100 FOLHAS, NUMERADO TIPOGRAFICAMENTE, PAUTADO",FG COMERCIO TENDTUDO LTDA,24200004,962.0,308,-0.60818,29,BAIXO,2026-02-26,2026-04-05 18:00:43.371636
670,1409432,"Prestação de serviços, por Centros de Formação de Condutores (CFC), referentes à realização de Cursos de Formação Teórico-Técnico e Prática de Direção Veicular, visando a formação e capacitação de candidatos à obtenção da primeira habilitação no âmbito do programa CNH Popular.",CENTRO DE FORMACAO DE CONDUTORES RENASCER LTDA,08200003,5084203.0,33,-0.608176,29,BAIXO,2025-11-28,2026-04-05 18:00:43.371636
593,1410095,"INEXIGIBILIDADE DE LICITAÇÃO PARA CONTRATAÇÃO EM SERVIÇOS DE EMPRESA ESPECIALIZADA, PARA EXECUTAR SERVIÇOS DE MANUTENÇÃO PREVENTIVA E CORRETIVA DE 1(UM) EQUIPAMENTO NEURONAVEGADOR, SÉRIE:2358422001, DA MARCA BRAINLAB, MODELO CURVE DUAL, COM PEÇAS DE REPOSIÇÃO ORIGINAL OU COMPATÍVEL, QUANDO NECESSÁRIO, POR UM PERÍODO DE 12 (DOZE) MESES, PARA ATENDER AS NECESSIDADES DO HOSPITAL GERAL DE FORTALEZA - HGF/SESA",BRAINLAB LTDA,24200184,46913076.0,365,-0.608087,29,BAIXO,2025-12-03,2026-04-05 18:00:43.371636
2194,1371633,"ATA de registro de preços Nº 2024/09661, Pregão eletrônico  20240625, que tem como objeto aquisição de MATERIAL FARMACOLÓGICO",PANORAMA COMERCIO DE PRODUTOS MEDICOS E FARMACEUTICOS LTDA,24200204,970.0,225,-0.608,29,BAIXO,2025-05-20,2026-04-05 18:00:43.371636
678,1409646,"Prestação de serviços, por Centros de Formação de Condutores (CFC), referentes à realização de Cursos de Formação Teórico-Técnico e Prática de Direção Veicular, visando a formação e capacitação de candidatos à obtenção da primeira habilitação no âmbito do programa CNH Popular.",CENTRO DE FORMACAO DE CONDUTORES PREFERENCIAL LTDA,08200003,5032132.0,33,-0.60797,29,BAIXO,2025-11-28,2026-04-05 18:00:43.371636
1848,1380516,"Concessão de subvenção econômica pela CONCEDENTE à BENEFICIÁRIA DA SUBVENÇÃO, para a execução do PROJETO ¿Bolsa Térmica Ocular Natural¿, doravante denominado PROJETO, conforme PLANO DE TRABALHO aprovado pela Funcap e anexo a este Termo de Outorga.",NATUREYE FARMA E CONSULTORIA LTDA,31200005,4720000.0,730,-0.607968,29,BAIXO,2025-07-11,2026-04-05 18:00:43.371636
285,1413756,AQUISIÇÃO DE MATERIAL DE CONSUMO - ESPANADOR,7SET COMERCIO E SERVICOS LTDA,30200003,1050.0,328,-0.607885,29,BAIXO,2026-02-06,2026-04-05 18:00:43.371636
1154,1393982,"O objeto do presente instrumento é a aquisição de material (areia grossa, brita pó de pedra, brita de 5/8 - 16mm, cimento e desmoldante líquido PVA) para fabricação de pré-moldados de concreto, meio-fio e blocos de concreto, nas condições estabelecidas neste contrato e no Termo de Referência do edital e na proposta do Contratado.",D. V. PINHEIRO LTDA,18000000,46467481.0,365,-0.607881,29,BAIXO,2025-10-17,2026-04-05 18:00:43.371636
1648,1383826,MATERIAL ELÉTRICO E ELETRÔNICO - EEFM PATRONATO SAGRADA FAMÍLIA - SEFOR 1,RLUX ILUMINAÇÃO LTDA,22000000,960.0,145,-0.60787,29,BAIXO,2025-08-08,2026-04-05 18:00:43.371636
2474,1417400,AQUISIÇÃO DE MATERIAL DE CONSUMO ATRAVÉS DA ATA DE REGISTRO DE PREÇO Nº 2025/03353 (PNEUS),MARCELO R DOS SANTOS - ME,24200324,6700.0,631,-0.607862,29,BAIXO,2025-04-09,2026-04-05 18:00:43.371636
1044,1403726,"AQUISIÇÃO DE MATERIAL DE LIMPEZA PARA ESTE CEO-CENTRO, CONFORME ORDEM DE COMPRAS Nº 91935/2025 E ATA Nº 2025/27635",GMS JAMPA DISTRIBUIDORA LTDA,24200334,972.0,62,-0.607794,29,BAIXO,2025-10-30,2026-04-05 18:00:43.371636
1050,1403339,"AQUISIÇÃO DE FUROSEMIDA, 40MG, COMPRIMIDO PARA ATENDER À PROGRAMAÇÃO PACTUADA INTEGRADA (PPI).",NDS DISTRIBUIDORA DE MEDICAMENTOS LTDA,24200004,9283485.0,63,-0.607645,29,BAIXO,2025-10-29,2026-04-05 18:00:43.371636
2315,1368883,Aquisição de material de limpeza,GMS JAMPA DISTRIBUIDORA LTDA,24200794,966.0,243,-0.607637,29,BAIXO,2025-05-02,2026-04-05 18:00:43.371636
2027,1377066,"Aquisição de material médico hospitalar, para atender as necessidades do HEMOCE, através de entrega imediata, OC 49938/2025, ARP 2025/11846, PE 2061/2023.",RGN INSTRUMENTOS E EQUIPAMENTOS MEDICOS LTDA,24200424,964.0,201,-0.607624,29,BAIXO,2025-06-13,2026-04-05 18:00:43.371636
1236,1397062,Aquisição - Material de Consumo - Material de Expediente - CENTRO CEARENSE DE IDIOMAS - UNIDADE CASCAVEL - CASCAVEL - CREDE 9,CSV COMERCIO E SERVICOS LTDA,22000000,1020.0,84,-0.60749,29,BAIXO,2025-10-08,2026-04-05 18:00:43.371636
2402,1366977,"Reforma de uma Barragem no Assentamento Pachicu, associado ao MST, no município de Itarema - CE",TERPA CONSTRUCOES S/A,29200001,27636000.0,427,-0.607446,29,BAIXO,2025-04-22,2026-04-05 18:00:43.371636
2281,1369029,"AQUISIÇÃO DE MATERIAL ELÉTRICO E ELETRÔNICO PARA SUPRIR AS NECESSIDADES DA EEMTI AYRES DE SOUSA, DURANTE O ANO DE 2025. SOBRAL - CREDE 6",NT COMERCIO DE FERRAGENS E FERRAMENTAS LTDA,22000000,960.0,239,-0.607404,29,BAIXO,2025-05-06,2026-04-05 18:00:43.371636
541,1410774,"Prestação de serviços, por Centros de Formação de Condutores (CFC), referentes à realização de Cursos de Formação Teórico-Técnico e Prática de Direção Veicular, visando a formação e capacitação de candidatos à obtenção da primeira habilitação no âmbito do programa CNH Popular.",CENTRO DE FORMACAO DE CONDUTORES MALHEIRO RAMALHO LTDA,08200003,3532055.0,26,-0.607374,29,BAIXO,2025-12-05,2026-04-05 18:00:43.371636
949,1406343,AQUISIÇÃO DE MATERIAL LABORATORIAL,JOSE GADELHA LIMA NETO 01546876340,10100013,990.0,54,-0.607203,28,BAIXO,2025-11-07,2026-04-05 18:00:43.371636
766,1409288,"Prestação de serviços, por Centros de Formação de Condutores (CFC), referentes à realização de Cursos de Formação Teórico-Técnico e Prática de Direção Veicular, visando a formação e capacitação de candidatos à obtenção da primeira habilitação no âmbito do programa CNH Popular.",C & W CENTRO DE FORMACAO DE CONDUTORES LTDA,08200003,5123844.0,36,-0.607123,28,BAIXO,2025-11-25,2026-04-05 18:00:43.371636
185,1416260,"AQUISIÇÃO DE MATERIAL FARMACOLÓGICO, (HALOPERIDOL, 5MG, COMPRIMIDO) PARA O HOSPITAL GERAL DE FORTALEZA - HGF/SESA.",EMMARKA DISTRIBUIDORADE MEDICAMENTOS LTDA,24200184,971.0,309,-0.607085,28,BAIXO,2026-02-25,2026-04-05 18:00:43.371636
906,1406616,"AQUISIÇÃO DE MEDICAMENTO: LOSARTANA POTASSICA, 50MG, COMPRIMIDO REVESTIDO. PARA ATENDER A PROGRAMAÇÃO PACTUADA INTEGRADA - PPI",PRATI DONADUZZI & CIA LTDA,24200004,7385760.0,49,-0.607066,28,BAIXO,2025-11-12,2026-04-05 18:00:43.371636
632,1409853,"AQUISIÇÃO DE CARBOPLATINA, 10MG/ML, SOLUCAO INJETAVEL, FRASCO/AMPOLA 15ML PARA ATENDER À DEMANDA DAS UNIDADES HOSPITALARES E AMBULATORIAIS DA SESA.",ONCOVIT DISTRIBUIDORA DE MEDICAMENTOS LTDA,24200004,3963904.0,29,-0.607055,28,BAIXO,2025-12-02,2026-04-05 18:00:43.371636
2286,1369138,MATERIAL ELÉTRICO E ELETRÔNICO - EEEP PROFESSORA MARLY FERREIRA MARTINS - CAUCAIA - CREDE 1,TOTAL DEP MATERIAL E FERRAMENTAS LTDA,22000000,968.0,239,-0.606993,28,BAIXO,2025-05-06,2026-04-05 18:00:43.371636
495,1411090,"AQUISIÇÃO DE MEDICAMENTO: PREDNISONA, 5 MG, COMPRIMIDO. PARA ATENDER A PROGRAMAÇÃO PACTUADA INTEGRADA - PPI",FORTAL DISTRIBUIDORA IMPORTACAO E EXPORTACAO DE MEDICAMENTOS LTDA,24200004,2934513.0,23,-0.606978,28,BAIXO,2025-12-08,2026-04-05 18:00:43.371636
1589,1385690,"Aquisição de medicamentos para atender a necessidade do HEMOCE, através de entrega imediata, OC 65723/2025, ARP 2025/11477, PE 1415/2024.",HIPOLABOR FARMACÊUTICA LTDA,24200424,970.0,139,-0.606976,28,BAIXO,2025-08-14,2026-04-05 18:00:43.371636
824,1407892,"Solução de tecnologia da informação e comunicação de contratação de licenças de uso de antivírus Kaspersky Endpoint Security for Business Select, com atualização contínua por 36 (trinta e seis) meses, para servidores, estações Linux e Windows no HEMOCE.","VTECH COMERCIO, SERVIÇOS E EQUIPAMENTOS DE INFORMATICA EIRELI",24200424,1176000.0,1096,-0.606864,28,BAIXO,2025-11-19,2026-04-05 18:00:43.371636
1818,1381673,Aquisição de medicamentos por meio da ATA N° 2025/14526 para atender as necessidades do HCASG.,PFIZER BRASIL LTDA,24200214,21009825.0,168,-0.606818,28,BAIXO,2025-07-16,2026-04-05 18:00:43.371636
96,1419451,"Autorização de utilização da Ata nº 2025/03636 - ETICE como Órgão Interessado para Aquisição de solução
de proteção de redes, incluindo aquisições de hardware e software e respectivo serviço de implantação,
posterior monitoramento e suporte técnico 24x7x365, solução de firewall",NTSEC SOLUCOES EM TELEINFORMATICA LTDA,56000000,1217663.0,1096,-0.606702,28,BAIXO,2026-03-11,2026-04-05 18:00:43.371636
1674,1383235,"AQUISIÇÃO DE CARFILZOMIBE, 60MG, PO LIOFILIZADO PARA SOLUCAO INJETAVEL PARA ATENDER DEMANDAS JUDICIAIS.",ONCOVIT DISTRIBUIDORA DE MEDICAMENTOS LTDA,24200004,18575776.0,147,-0.606501,28,BAIXO,2025-08-06,2026-04-05 18:00:43.371636
2476,1365210,AQUISIÇÃO DE MATERIAL HOSPITALAR PARA CSASR/PMCE. MAPP 62,ULTRA MEDICAL COMERCIO DE MATERIAIS HOSPITALARES LTDA,10200008,912.0,267,-0.606403,28,BAIXO,2025-04-08,2026-04-05 18:00:43.371636
634,1409799,"Prestação de serviços, por Centros de Formação de Condutores (CFC), referentes à realização de Cursos de Formação Teórico-Técnico e Prática de Direção Veicular, visando a formação e capacitação de candidatos à obtenção da primeira habilitação no âmbito do programa CNH Popular.",CENTRO DE FORMACAO DE CONDUTORES VALE DO COREAU LTDA,08200003,4259224.0,30,-0.606375,28,BAIXO,2025-12-01,2026-04-05 18:00:43.371636
2351,1368607,SERVIÇOS TÉCNICOS PROFISSIONAIS-EEEP MARIA MADEIRO DIAS/ (CREDE 13 - CRATEÚS),ACE ASSESSORIA CONTABIL LTDA,22000000,1090.0,365,-0.606372,28,BAIXO,2025-04-28,2026-04-05 18:00:43.371636
1617,1385000,"AQUISIÇÃO DE LIDOCAINA CLORIDRATO, BISNAGA 30G, 20MG/G, GELEIA, UNIDADE 1.0 BISNAGA. MARCA: LIDOGEL/BRAINFARMA, PARA ATENDER AS NECESSIDADES DO IPC CE.",UNI HOSPITALAR LTDA,24200364,988.0,140,-0.606318,28,BAIXO,2025-08-13,2026-04-05 18:00:43.371636
1159,1399748,"Adesão à ata de preços: 2024/10744, Pregão Eletrônico: 20240710; cujo objeto é Aquisição de material farmacológico - CLOPIDOGREL 75MG - para atender as necessidades do SAMU 192 CE",HUB HEALTH DISTRIBUIDORA DE PRODUTOS HOSPITALARES LTDA,24200004,1040.0,75,-0.606276,28,BAIXO,2025-10-17,2026-04-05 18:00:43.371636
1927,1378053,AQUISIÇÃO DE MATERIAL DE COPA E COZINHA - EEM ALICE MOREIRA DE OLIVEIRA - CAUCAIA - CREDE 1,C M COMERCIAL E SERVICOS LTDA,22000000,1000.0,188,-0.606267,28,BAIXO,2025-06-26,2026-04-05 18:00:43.371636
1622,1384807,Aquisição de material de expediente para suprir as necessidades do segundo semestre da EEMTI João Barbosa Lima - ITAICABA - CREDE 10,HSMSHOP COMERCIO DE PRODUTOS HOSPITALARES E VARIEDADES LTDA,22000000,1020.0,199,-0.606152,28,BAIXO,2025-08-12,2026-04-05 18:00:43.371636
919,1406249,Aquisição de material de consumo (LIMPEZA) para atender a demanda da COADS ITAPIPOCA.,K. N. B. DA SILVA,24200004,1054.0,50,-0.60614,28,BAIXO,2025-11-11,2026-04-05 18:00:43.371636
564,1410927,Aquisição de material de consumo (LIMPEZA) para atender a demanda da COADS TAUÁ,FG COMERCIO TENDTUDO LTDA,24200004,1401.0,26,-0.606118,28,BAIXO,2025-12-05,2026-04-05 18:00:43.371636
2036,1375755,AQUISIÇÃO DE MATERIAL - BALDE PLÁSTICO 20 L,GMS JAMPA DISTRIBUIDORA LTDA,30200003,1036.0,202,-0.606034,28,BAIXO,2025-06-12,2026-04-05 18:00:43.371636
2274,1369447,MATERIAL ELÉTRICO E ELETRÔNICO - EEMTI FRANCISCO PORCIANO FERREIRA - MARCO - CREDE 3,CRISTIANE REGINA MENEZES 04692422300,22000000,984.0,238,-0.605822,28,BAIXO,2025-05-07,2026-04-05 18:00:43.371636
1058,1404756,Aquisição de Serviços de Terceiros ( Serviço de Consultoria - Assessoria Contábil) - EEFM GOVERNADOR FLÁVIO MARCÍLIO - SEFOR 1,SANTOS SERVICOS CONTABEIS LTDA,22000000,1000.0,300,-0.605803,28,BAIXO,2025-10-29,2026-04-05 18:00:43.371636
668,1409481,Aquisição de material de consumo (GARRAFÃO TÉRMICO / TAÇA) para atender a demanda da COADS BATURITÉ,N MAYARA DO CARMO DE OLIVEIRA ME,24200004,1290.0,32,-0.605763,28,BAIXO,2025-11-29,2026-04-05 18:00:43.371636
506,1411240,"Aquisição de servidores hiperconvergentes, com assistência técnica de 60 (sessenta) meses",CLEAR TECNOLOGIA DA INFORMACAO S.A.,46000000,45884230.0,364,-0.605557,27,BAIXO,2025-12-08,2026-04-05 18:00:43.371636
193,1416242,AQUISIÇÃO DE MATERIAL DE LIMPEZA E HIGIENIZAÇÃO,N MAYARA DO CARMO DE OLIVEIRA ME,10100013,981.0,310,-0.605535,27,BAIXO,2026-02-24,2026-04-05 18:00:43.371636
534,1410950,"Prestação de serviços, por Centros de Formação de Condutores (CFC), referentes à realização de Cursos de Formação Teórico-Técnico e Prática de Direção Veicular, visando a formação e capacitação de candidatos à obtenção da primeira habilitação no âmbito do programa CNH Popular.",CLIMEJA CLINICA DE ESPECIALIDADES MEDICAS S/S LTDA,08200003,3391126.0,26,-0.605429,27,BAIXO,2025-12-05,2026-04-05 18:00:43.371636
2282,1370435,ARP 29404/2024 PARA AQUISIÇÃO DE MATERIAL DE EXPEDIENTE EM PROL DA EEMTI ANTÔNIO CUSTÓDIO DE MESQUITA - EEMTI ANTONIO CUSTÓDIO DE MESQUITA - ITAPAJE - CREDE 2,PRISMA DISTRIBUIDORA DE PAPEIS LTDA,22000000,980.0,239,-0.605412,27,BAIXO,2025-05-06,2026-04-05 18:00:43.371636
1885,1379451,"AQUISIÇÃO DE GILTERITINIBE HEMIFUMARATO, 40MG, COMPRIMIDO REVESTIDO PARA ATENDER DEMANDAS JUDICIAIS.",ELFA MEDICAMENTOS S.A.,24200004,22327536.0,180,-0.605364,27,BAIXO,2025-07-04,2026-04-05 18:00:43.371636
944,1406053,"AQUISIÇÃO DE MEDICAMENTO: ATORVASTATINA CALCICA, COMPRIMIDO REVESTIDO, 20MG. PARA ATENDER O COMPONENTE ESPECIALIZADO  DA ASSISTÊNCIA FARMACÊUTICA - CEAF",DROGAFONTE LTDA,24200004,7319659.0,51,-0.605314,27,BAIXO,2025-11-10,2026-04-05 18:00:43.371636
2234,1370288,AQUISIÇÃO DE MATERIAL - RING LIGHT,PROJETUB PROJ INST ASS T TUBULACOES LTDA,30200003,990.0,232,-0.605311,27,BAIXO,2025-05-13,2026-04-05 18:00:43.371636
2246,1370379,"AQUISIÇÃO DE MEDICAMENTO: POLIMIXINA B (SULFATO), 500.000 UI, PO LIOFILIZADO PARA SOLUCAO INJETAVEL, FRASCO AMPOLA  -  SURFACTANTE PULMONAR, FRASCO AMPOLA 3ML, ALFAPORACTANTO 80MG/ML, SUSPENSAO INJETAVEL. PARA ATENDER A REDE HOSPITALAR/SESA",UNI HOSPITALAR CEARA LTDA-EPP,24200004,28457017.0,232,-0.605195,27,BAIXO,2025-05-13,2026-04-05 18:00:43.371636
1563,1386441,AQUISIÇÃO DE MATERIAL DE CONSUMO - MATERIAL DE EXPEDIENTE (SALDO) - EEMTI MARIA DO CARMO BEZERRA - ACARAPE - CREDE 8,EDUQUE & BRINQUE EIRELI - ME,22000000,996.0,133,-0.605169,27,BAIXO,2025-08-20,2026-04-05 18:00:43.371636
1484,1389300,"HEMINA , FRASCO AMPOLA, 350MG, PO LIOFILIZADO PARA SOLUCAO INJETAVEL, UNIDADE 1.0 FRASCO / AMPOLA. MARCA: HEMINA - PANHEMATIN RECORDAT, Solicitação de compra mensal de medicamento para atendimento judicial/SESA.",LICIMASTER DISTRIBUIDORA DE MEDICAMENTOS E PROD MEDICOS HOSP EIRELI,24200004,15432192.0,120,-0.605124,27,BAIXO,2025-09-02,2026-04-05 18:00:43.371636
1323,1395370,Aquisição de Serviço de Consultoria - Assessoria Contábil - ESCOLA INDÍGENA EXPEDITO OLIVEIRA ROCHA - CANINDE - CREDE 7,PARTENAIRE CONTABILIDADE AUDITORIA E PLANEJAMENTO TRIBUTARIO SS,22000000,1130.0,350,-0.605073,27,BAIXO,2025-09-25,2026-04-05 18:00:43.371636
225,1415284,AQUISIÇÃO DE MATERIAL LABORATORIAL - EEMTI CORNÉLIO DIÓGENES - JAGUARIBE - CREDE 11,HSMSHOP COMERCIO DE PRODUTOS HOSPITALARES E VARIEDADES LTDA,22000000,1000.0,314,-0.60502,27,BAIXO,2026-02-20,2026-04-05 18:00:43.371636
2107,1374015,"Aquisição de medicamentos para atender as necessidades do HEMOCE, através de entrega imediata, OC 44656/2025, ATA 2025/03640, PE 2024/1103.",FARMACE IND QUIMICO FARM CEARENSE       ,24200424,990.0,213,-0.604965,27,BAIXO,2025-06-01,2026-04-05 18:00:43.371636
2149,1373115,REFORMA DA QUADRA ESPORTIVA,M A CONSTRUCOES SERVICOS E LOCACOES LTDA,22000000,8886968.0,60,-0.604928,27,BAIXO,2025-05-26,2026-04-05 18:00:43.371636
71,1420125,MATERIAL DE EXPEDIENTE - EEM ANANIAS DO AMARAL VIEIRA - MOMBAÇA - CREDE 14,CONCEICAO MARTINS DA SILVA ,22000000,978.0,290,-0.604909,27,BAIXO,2026-03-16,2026-04-05 18:00:43.371636
710,1409239,"Aquisição de 30 (trinta) rodos (Rodo, ponteira plástica rosqueável, borracha preta, resistente, base mínimo 30cm, cabo madeira com revestimento impermeável ou metal, tamanho padrão 1,20m), para atendimento à Assessoria Especial da Vice Governadoria, através da Ata de Registro de Preços nº 2025/06402, Pregão Eletrônico nº 20240014/SEPLAG, cujo fornecedor é a empresa GMS JAMPA DISTRIBUIDORA LTDA, CNPJ nº 40.499.432/0001-03.",GMS JAMPA DISTRIBUIDORA LTDA,58000000,1260.0,34,-0.604755,27,BAIXO,2025-11-27,2026-04-05 18:00:43.371636
271,1414148,"CLOMIPRAMINA, CLORIDRATO, 25MG, COMPRIMIDO REVESTIDO",SANTA BRANCA DISTRIBUIDORA DE MEDICAMENTOS LTDA - EPP,24200004,33628707.0,324,-0.604622,27,BAIXO,2026-02-10,2026-04-05 18:00:43.371636
2072,1375541,"PROCEDENTE DA ATA DE REGISTRO DE PREÇO Nº 2024/09661, ORDEM DE COMPRA Nº 46036/2025, INSTRUMENTO CONVOCATÓRIO Nº 2024/0625, CUJO OBJETO E AQUISIÇÃO DE MEDICAMENTOS MEDICO HOSPITALAR E AMBULATORIAL PARA ATENDER AS NECESSIDADES DO HGCC",SANTA BRANCA DISTRIBUIDORA DE MEDICAMENTOS LTDA - EPP,24200194,1000.0,209,-0.604584,27,BAIXO,2025-06-05,2026-04-05 18:00:43.371636
2324,1368718,AQUISIÇÃO DE SERVIÇOS  TÉCNICOS PROFISSIONAIS - SERVIÇOS DE CONTABILIDADE EM FAVOR DA EEMTI DEPUTADO ANTÔNIO LEITE TAVARES - COORDENADORIA REGIONAL DE DESENVOLVIMENTO DA EDUCAÇÃO (CREDE 20 - BREJO SANTO),ACE ASSESSORIA CONTABIL LTDA,22000000,1100.0,364,-0.604556,27,BAIXO,2025-04-30,2026-04-05 18:00:43.371636
1798,1380703,"Aquisição de Material para serviços de manutenção (pintura e diversos), no Hospital Infantil Albert  Sabin-HIAS e anexos, de acordo com as especificações e quantitativos previstos neste Termo.",PUMA LICITACOES LTDA,24200204,45950737.0,365,-0.604534,27,BAIXO,2025-07-17,2026-04-05 18:00:43.371636
348,1421946,"Aquisição de centrais de ares condicionados, incluindo serviços de instalação, manutenções preventiva e corretiva, incluindo reposição de peças, para atender às necessidades da Superintendência Estadual de Defesa do Consumidor - PROCON Ceará",OFICIAL SERVICOS LTDA,63200002,45816038.0,365,-0.604534,27,BAIXO,2026-01-23,2026-04-05 18:00:43.371636
2497,1368646,"Prestação dos serviços comum de engenharia para manutenção das instalações físicas no prédio da FUNTELC contemplando a adequação dos estúdios da TVC Rádio FM e outros ambientes, com fornecimento de mão de obra, materiais e peças de reposição, por percentual de desconto sobre as tabelas de serviços da SEINFRA 28 e 28.1 nas condições estabelecidas neste contrato, no Termo de Referência da FUNTELC e na proposta do CONTRATADO.",KG CONSTRUÇÕES LTDA - EPP,30200001,45784122.0,365,-0.604534,27,BAIXO,2025-04-07,2026-04-05 18:00:43.371636
1172,1399050,"AQUISIÇÃO DE RITUXIMABE, 10MG/ML, SOLUCAO PARA DILUICAO PARA INFUSAO, FRASCO 10ML, RITUXIMABE, 10MG/ML, SOLUCAO PARA DILUICAO PARA INFUSAO, FRASCO 50ML. Solicitação de compra de medicamento para a Rede Hospitalar/SESA",NORD PRODUTOS EM SAUDE LTDA,24200004,10867563.0,77,-0.604466,27,BAIXO,2025-10-15,2026-04-05 18:00:43.371636
908,1406431,"AQUISIÇÃO DE ALTEPLASE, 50MG, PO LIOFILIZADO PARA SOLUCAO INJETAVEL, FRASCO/AMPOLA + DILUENTE 50ML. PARA ATENDER AS UNIDADES DE SAUDE DO ESTADO DO CEARA - SESA",UNI HOSPITALAR CEARA LTDA-EPP,24200004,6958950.0,49,-0.604378,27,BAIXO,2025-11-12,2026-04-05 18:00:43.371636
1654,1384316,"Concessão de subvenção econômica pela CONCEDENTE à BENEFICIÁRIA DA SUBVENÇÃO, para a execução do PROJETO ¿Plataforma ASSIS: aumentando a retenção de alunos através de IA generativa¿, doravante denominado PROJETO, conforme PLANO DE TRABALHO aprovado pela Funcap e anexo a este Termo de Outorga.",BSQ SERVIÇOS EM INOVAÇÃO TECNOLÓGICA LTDA ME,31200005,4240000.0,730,-0.604372,27,BAIXO,2025-08-07,2026-04-05 18:00:43.371636
321,1412974,COMPRA DE MATERIAL DE CONSUMO -ACONDICIONAMENTO E EMBALAGEM-REALIZADO ATAVES DA ATA DE RP Nº2025/35173,N MAYARA DO CARMO DE OLIVEIRA ME,24200344,1112.0,336,-0.604366,26,BAIXO,2026-01-29,2026-04-05 18:00:43.371636
325,1412893,COMPRA DE MATERIAL DE CONSUMO REALIZADO ATRAvES DA ATA DE RP Nº2026/00063,FG COMERCIO TENDTUDO LTDA,24200344,1120.0,337,-0.604356,26,BAIXO,2026-01-28,2026-04-05 18:00:43.371636
284,1414668,Aquisição de vassouras por meio de ARP - EEEP ÍCARO DE SOUSA MOREIRA - SEFOR 3,EB DISTRIBUIDORA LTDA,22000000,1083.0,328,-0.604345,26,BAIXO,2026-02-06,2026-04-05 18:00:43.371636
1493,1413870,"PAPEL, TIPO A3, 75 G, TAMANHO 297 X 420 MM, COR BRANCA, RESMA 1.0 UNIDADE. MARCA: REPORT",ALD COMERCIO DE MATERIAIS EM GERAL LTDA,08000000,4637.0,485,-0.604295,26,BAIXO,2025-09-02,2026-04-05 18:00:43.371636
960,1405548,"AQUISIÇÃO DE TIOPRONINA 100 MG, COMPRIMIDO PARA ATENDER DEMANDAS JUDICIAIS.","PHARMEDIC PHARMACEUTICALS IMPORTACAO, EXPORTACAO, DISTRIBUICAO, COMERCIO E REPRESENTACOES LTDA",24200004,7819708.0,55,-0.604274,26,BAIXO,2025-11-06,2026-04-05 18:00:43.371636
2178,1372284,Cotação Eletrônica 01/2025 - Aquisição de Material de Expediente em favor da EEMTI São Sebastião - Apuiarés/Ce - CREDE 2,CSV COMERCIO E SERVICOS LTDA,22000000,1029.0,223,-0.604236,26,BAIXO,2025-05-22,2026-04-05 18:00:43.371636
1064,1402770,"AQUISIÇÃO DE MEDICAMENTO: HIDROXIUREIA, 100MG, COMPRIMIDO REVESTIDO. PARA ATENDER O COMPONENTE ESPECIALIZADO DA ASSISTÊNCIA FARMACÊUTICA - CEAF",ONCOEXO DISTRIBUIDORA DE MEDICAMENTOS LTDA,24200004,9082174.0,63,-0.604161,26,BAIXO,2025-10-29,2026-04-05 18:00:43.371636
1035,1403507,"AQUISIÇÃO DE MEDICAMENTO: ACIDO FOLICO, FRASCO 30ML, 0,2MG/ML, SOLUCAO ORAL. PARA ATENDER A PROGRAMAÇÃO PACTUADA INTEGRADA - PPI",T S COMERCIAL DE MEDICAMENTOS E REPRESENTACAO LTDA,24200004,9046343.0,62,-0.604161,26,BAIXO,2025-10-30,2026-04-05 18:00:43.371636
750,1408842,"AQUISIÇÃO DE MEDICAMENTO: TIOTROPIO BROMETO, MONOIDRATADO 2,5MCG/DOSE + OLODATEROL CLORIDRATO 2,5MCG/DOSE, SOLUCAO PARA INALACAO FRASCO 4ML+ INALADOR. PARA ATENDER O COMPONENTE ESPECIALIZADO DA ASSISTÊNCIA FARMACÊUTICA - CEAF",BOEHRINGER INGELHEIM DO BRASIL QUIMICA E FARMACEUTICA LTDA.,24200004,4798352.0,35,-0.604102,26,BAIXO,2025-11-26,2026-04-05 18:00:43.371636
2213,1370925,"RECURSO DESTINADO AQUISIÇÃO DE MEDICAMENTOS PARA HSJ, REFERENTE ATA REGISTRO DE PREÇO 2024/09661, PREGÃO 2024/0625",SANTA BRANCA DISTRIBUIDORA DE MEDICAMENTOS LTDA - EPP,24200224,1008.0,230,-0.604092,26,BAIXO,2025-05-15,2026-04-05 18:00:43.371636
876,1406660,"AQUISIÇÃO DE MATERIAL MEDICO HOSPITALAR PARA ESTE CEO-CENTRO, CONFORME ORDEM DE COMPRAS Nº 98465/2025 E ATA Nº 2025/00028",CIRURGICA SAO FELIPE PRODUTOS PARA SAUDE EIRELI,24200334,1050.0,48,-0.604027,26,BAIXO,2025-11-13,2026-04-05 18:00:43.371636
220,1415518,AQUISIÇÃO DE MATERIAL DE CONSUMO PARA ATENDER AS NECESSIDADES DA COADS / TAUÁ,EXPEL COMERCIO DE PAPEIS LTDA,24200004,1017.0,314,-0.60393,26,BAIXO,2026-02-20,2026-04-05 18:00:43.371636
2427,1366870,"Contratação de serviço de energia elétrica para atender a Unidade Prisional de Aquiraz, junto a Companhia Energética do Ceará - ENEL.",COMPANHIA ENERGETICA DO CEARA - ENEL,18000000,45718642.0,365,-0.60392,26,BAIXO,2025-04-15,2026-04-05 18:00:43.371636
440,1411783,"Contratação de serviços comuns de gerenciamento e controle de aquisição de combustíveis em rede de postos credenciados através de sistema informatizado de gerenciamento integrado para a captura eletrônica de dados, visando atender as demandas da Secretaria de Direitos Humanos do Estado do Ceará - SEDIH, de acordo com as especificações e quantitativos previstos no Termo de Referência.",PRIME CONSULTORIA E ASSESSORIA EMPRESARIAL LTDA,63000000,45718086.0,365,-0.60392,26,BAIXO,2025-12-17,2026-04-05 18:00:43.371636
1971,1377497,AQUISIÇÃO - MATERIAL DE CONSUMO - MATERIAL DE EXPEDIENTE - EEMTI PROFESSOR PAULO FREIRE - SEFOR 1,PRISMA DISTRIBUIDORA DE PAPEIS LTDA,22000000,1009.0,191,-0.603912,26,BAIXO,2025-06-23,2026-04-05 18:00:43.371636
719,1409545,"Prestação de serviços, por Centros de Formação de Condutores (CFC), referentes à realização de Cursos de Formação Teórico-Técnico e Prática de Direção Veicular, visando a formação e capacitação de candidatos à obtenção da primeira habilitação no âmbito do programa CNH Popular.",CENTRO DE FORMACAO DE CONDUTORES DIAMANTE LTDA ,08200003,4794606.0,34,-0.603897,26,BAIXO,2025-11-27,2026-04-05 18:00:43.371636
768,1408845,"Prestação de serviços, por Centros de Formação de Condutores (CFC), referentes à realização de Cursos de Formação Teórico-Técnico e Prática de Direção Veicular, visando a formação e capacitação de candidatos à obtenção da primeira habilitação no âmbito do programa CNH Popular.",CENTRO DE FORMACAO DE CONDUTORES SAO RAIMUNDO NONATO LTDA ,08200003,4860369.0,36,-0.603855,26,BAIXO,2025-11-25,2026-04-05 18:00:43.371636
895,1407105,"INSETICIDA, AEROSSOL, INSETOS EM GERAL, MOSCAS, MOSQUITOS, BARATAS, FORMIGAS, NAO CONTENDO CFC - CLOROFLUORCARBONO, EMBALAGEM COM IDENTIFICACAO DO PRODUTO, MARCA DO FABRICANTE, DATA DE FABRICACAO, PRAZO DE VALIDADE, TUBO 300.0 MILILITROS. MARCA: BUZZ e SABAO, PO, TENSOATIVO BIODEGRADAVEL, AGUA, CORANTE, AGENTES QUELANTES E SEQUESTRANTES, BRANQUEADOR OPTICO, REGISTRO OU NOTIFICACAO ANVISA, EMBALAGEM 500.0 GRAMAS. MARCA: SÃO MARCOS",FG COMERCIO TENDTUDO LTDA,59000000,1061.0,49,-0.603823,26,BAIXO,2025-11-12,2026-04-05 18:00:43.371636
765,1408816,"Prestação de serviços, por Centros de Formação de Condutores (CFC), referentes à realização de Cursos de Formação Teórico-Técnico e Prática de Direção Veicular, visando a formação e capacitação de candidatos à obtenção da primeira habilitação no âmbito do programa CNH Popular.",CENTRO DE FORMACAO DE CONDUTORES CL AB AUTO CONFIANCA LTDA - ME,08200003,4781629.0,36,-0.603813,26,BAIXO,2025-11-25,2026-04-05 18:00:43.371636
633,1409787,"Prestação de serviços, por Centros de Formação de Condutores (CFC), referentes à realização de Cursos de Formação Teórico-Técnico e Prática de Direção Veicular, visando a formação e capacitação de candidatos à obtenção da primeira habilitação no âmbito do programa CNH Popular.",F R CENTRO DE FORMACAO DE CONDUTORES DE VEICULOS LTDA,08200003,4109234.0,30,-0.603765,26,BAIXO,2025-12-01,2026-04-05 18:00:43.371636
1480,1389118,Aquisição de material de consumo (guardanapo de Papel) para atender as necessidades da COADS-ICÓ.,GMS JAMPA DISTRIBUIDORA LTDA,24200004,1032.0,120,-0.60374,26,BAIXO,2025-09-02,2026-04-05 18:00:43.371636
993,1405844,PROCEDENTE DA ATA DE REGISTRO DE PREÇO  nº 2025/00173  INSTRUMENTO CONVOCATÓRIO Nº 2025/0336  ORDEM DE COMPRA Nº 95141/2025 CUJO OBJETO E AQUISIÇÃO DE MEDICAMENTOS MEDICO E AMBULATORIAL PARA ATENDER AS NECESSIDADES DO HGCC.,INOVAMED HOSPITALAR LTDA,24200194,1017.0,57,-0.603739,26,BAIXO,2025-11-04,2026-04-05 18:00:43.371636
1298,1397305,SERVICO DE CONSULTORIA - ASSESSORIA CONTABIL - EEMTI PROFESSOR PAULO FREIRE - (SEFOR 1),PARTENAIRE CONTABILIDADE AUDITORIA E PLANEJAMENTO TRIBUTARIO SS,22000000,990.0,179,-0.60365,26,BAIXO,2025-09-29,2026-04-05 18:00:43.371636
2197,1373217,"RODO, BASE MINIMO 40CM, UMA LAMINA BORRACHA PRETA, CABO 1,20 M, EM METAL REVESTIDO EM PLASTICO, PONTEIRA PLASTICA ROSQUEAVEL, ROTULO OU CORPO GRAVADO COM IDENTIFICACAO DO PRODUTO E MARCA DO FABRICANTE, AVULSO 1.0 UNIDADE. MARCA: FORTLEVES",WELLINGTON IZIDIO DE OLIVEIRA,59000000,1034.0,225,-0.603197,26,BAIXO,2025-05-20,2026-04-05 18:00:43.371636
1194,1399153,"GUARDANAPO DE PAPEL, FIBRA DE CELULOSE, DIMENSAO MINIMA 22 X 23CM, COR BRANCA, ALTA ALVURA/SEM PIGMENTOS, MACIO, GROFADO, FOLHA SIMPLES, 04 DOBRAS, EMBALAGEM COM IDENTIFICACAO DO PRODUTO, MARCA DO FABRICANTE, NORMA TAPPI T437, FICHA TECNICA DO PRODUTO, PACOTE 50.0 UNIDADESGUARDANAPO DE PAPEL, FIBRA DE CELULOSE, DIMENSAO MINIMA 22 X 23CM, COR BRANCA, ALTA ALVURA/SEM PIGMENTOS, MACIO, GROFADO, FOLHA SIMPLES, 04 DOBRAS, EMBALAGEM COM IDENTIFICACAO DO PRODUTO, MARCA DO FABRICANTE, NORMA TAPPI T437, FICHA TECNICA DO PRODUTO, PACOTE 50.0 UNIDADES.MARCA: LIZ",GMS JAMPA DISTRIBUIDORA LTDA,69000000,1075.0,78,-0.603117,26,BAIXO,2025-10-14,2026-04-05 18:00:43.371636
1476,1389617,AQUISIÇÃO DE SERVIÇOS DE TERCEIRTOS - TÉCNICO PROFISSIONAIS (ASSESSORIA CONTÁBIL) PARA A EEM CAMILO BRASILIENSE - REDENCAO - CREDE 8,PARTENAIRE CONTABILIDADE AUDITORIA E PLANEJAMENTO TRIBUTARIO SS,22000000,1000.0,250,-0.603065,25,BAIXO,2025-09-03,2026-04-05 18:00:43.371636
314,1413123,RECURSO DESTINADO A AQUISIÇÃO DE MEDICAMENTO CONFORME ATA Nº 2025/00326 PARA HSJ,BELIEVE FARMA COMERCIO DE MEDICAMENTOS E MATERIAIS HOSPITALARES LTDA,24200224,1140.0,335,-0.603022,25,BAIXO,2026-01-30,2026-04-05 18:00:43.371636
665,1409810,"Prestação de serviços, por Centros de Formação de Condutores (CFC), referentes à realização de Cursos de Formação Teórico-Técnico e Prática de Direção Veicular, visando a formação e capacitação de candidatos à obtenção da primeira habilitação no âmbito do programa CNH Popular.",CENTRO DE FORMACAO DE CONDUTORES NOVA RUSSAS LTDA - ME,08200003,3886348.0,30,-0.60302,25,BAIXO,2025-12-01,2026-04-05 18:00:43.371636
1249,1404216,"Conclusão da Obra de Construção do Terminal Rodoviário de Itarema/CE -  Localizado na Travessa Francisco Rufino, com a Rua SDO s/n Lagoa Seca, Itarema/CE, Concorrência Eletrônica nº 20250002/DETRAN/CE.",CCS CONSTRUÇÕES LTDA,08200003,25791660.0,426,-0.602955,25,BAIXO,2025-10-07,2026-04-05 18:00:43.371636
2261,1369757,"RECURSO DESTINADO AQUISIÇÃO DE MATERIAL DE EXPEDIENTE, REFERENTE A ATA DO RP 2025/04728 - PARA O HSJ.", LEGACY DISTRIBUIDORA DE INFORMATICA E ELETROELETRONICOS LTDA,24200224,1014.0,236,-0.602926,25,BAIXO,2025-05-09,2026-04-05 18:00:43.371636
2308,1368985,AQUISIÇÃO DE GÊNEROS ALIMENTÍCIOS PARA A FUNECE,F.P. FAÇANHA,31200001,45485141.0,365,-0.6029,25,BAIXO,2025-05-02,2026-04-05 18:00:43.371636
1023,1404678,"O objeto do presente instrumento é a aquisição de televisores, vinculado às condições e especificações
estabelecidas no edital, termo de referência, seus anexos e proposta da CONTRATADA, independente de
transcrição e conforme as cláusulas e condições abaixo relacionadas.",REPREMIG REPRESENTAÇÃO E COMERCIO DE MINAS GERAIS LTDA,22000000,45481520.0,365,-0.6029,25,BAIXO,2025-10-31,2026-04-05 18:00:43.371636
1799,1380777,"Aquisição de 23 ITENS DO EQUIPAMENTO: BISTURI ELETRÔNICO, MICROPROCESSADO para Hospital Universitário do Ceará - HUC / Rede SESA.",DELTRONIX EQUIPAMENTOS LTDA,24200004,45375561.0,365,-0.6029,25,BAIXO,2025-07-17,2026-04-05 18:00:43.371636
1197,1398503,Serviços de manutenção na pista de skate localizada no Centro de Formação Olímpica (CFO).,KG CONSTRUÇÕES LTDA - EPP,43200007,26004071.0,241,-0.602887,25,BAIXO,2025-10-13,2026-04-05 18:00:43.371636
996,1405837,PROCEDENTE DA ATA DE REGISTRO DE PREÇO  nº 2024/00724  INSTRUMENTO CONVOCATÓRIO Nº 2023/1646  ORDEM DE COMPRA Nº 95413/2025 CUJO OBJETO E AQUISIÇÃO DE MEDICAMENTOS MEDICO E AMBULATORIAL PARA ATENDER AS NECESSIDADES DO HGCC.,DIMASTER COMERCIO DE PRODUTO HOSPITALAR LTDA,24200194,1045.0,57,-0.60288,25,BAIXO,2025-11-04,2026-04-05 18:00:43.371636
1009,1404343,Aquisição de material de copa e cozinha - INSTITUTO DE EDUCAÇÃO DO CEARÁ -  (SEFOR 3),JONATAS FREITAS DO NASCIMENTO,22000000,996.0,61,-0.60285,25,BAIXO,2025-10-31,2026-04-05 18:00:43.371636
525,1410940,"AQUISIÇÃO DE SOLUCAO, BOLSA 1000ML, PRESERVACAO DE MULTIPLOS ORGAOS E PROTECAO MIOCARDICA, HISTIDINA, TRIPTOFANO E ALFACETOGLUTARATO, UNIDADE 1.0 BOLSA.",CONTATI COMERCIO REPRESENTACAO LTDA,24200004,3097872.0,25,-0.602824,25,BAIXO,2025-12-06,2026-04-05 18:00:43.371636
1688,1382950,"REAGENTE, CLORETO DE SODIO PA 99,5%, UNIDADE 1.0 GRAMA. MARCA: DINÂMICA",APA COMÉRCIO DE PRODUTOS MÉDICOS HOSPITALARES E LABORATORIAIS LTDA - EPP,24200314,1035.0,148,-0.602814,25,BAIXO,2025-08-05,2026-04-05 18:00:43.371636
494,1411234,"DEXAMETASONA, 1MG/G, CREME DERMATOLOGICO, BISNAGA 10G, UNIDADE 1.0 BISNAGA. MARCA: Prati-Donaduzzi",NDS DISTRIBUIDORA DE MEDICAMENTOS LTDA,24200234,1520.0,23,-0.602799,25,BAIXO,2025-12-08,2026-04-05 18:00:43.371636
808,1409254,"Prestação de serviços, por Centros de Formação de Condutores (CFC), referentes à realização de Cursos de Formação Teórico-Técnico e Prática de Direção Veicular, visando a formação e capacitação de candidatos à obtenção da primeira habilitação no âmbito do programa CNH Popular.",AUTO ESCOLA NOGUEIRA LTDA,08200003,4864734.0,37,-0.602792,25,BAIXO,2025-11-24,2026-04-05 18:00:43.371636
787,1409252,"Prestação de serviços, por Centros de Formação de Condutores (CFC), referentes à realização de Cursos de Formação Teórico-Técnico e Prática de Direção Veicular, visando a formação e capacitação de candidatos à obtenção da primeira habilitação no âmbito do programa CNH Popular.",AUTO ESCOLA NOGUEIRA LTDA,08200003,4864734.0,37,-0.602792,25,BAIXO,2025-11-24,2026-04-05 18:00:43.371636
370,1412495,"Aquisição de material de consumo (Rodo, plástico) por meio de adesão de Ata de Registro de preço nº 2025/06402 para atender as necessidades da Procuradoria Geral do Estado do Ceará.",NORCLEAN INDUSTRIA E COMERCIO LTDA,13000000,1145.0,345,-0.602749,25,BAIXO,2026-01-20,2026-04-05 18:00:43.371636
131,1417979,"AQUISIÇÃO DE INDAPAMIDA, 1,5MG, COMPRIMIDO REVESTIDO LIBERACAO PROLONGADA PARA ATENDER DEMANDAS JUDICIAIS.",ONCOEXO DISTRIBUIDORA DE MEDICAMENTOS LTDA,24200004,1053.0,301,-0.602663,25,BAIXO,2026-03-05,2026-04-05 18:00:43.371636
2415,1366727,AQUISIÇÃO DE MATERIAL DE LIMPEZA E HIGIENIZAÇÃO PARA PMCE.,BRILHARES PRODUTOS DE LIMPEZA LTDA ,10100003,1032.0,259,-0.602626,25,BAIXO,2025-04-16,2026-04-05 18:00:43.371636
688,1409292,Aquisição de material de consumo (LIMPEZA) para atender a demanda da COADS CRATEÚS,FG COMERCIO TENDTUDO LTDA,24200004,1401.0,33,-0.60257,25,BAIXO,2025-11-28,2026-04-05 18:00:43.371636
700,1409260,Aquisição de Material de Consumo - Limpeza (Água Sanitária) a fim de atender as demandas da COADS-ACARAÚ,FG COMERCIO TENDTUDO LTDA,24200004,1401.0,33,-0.60257,25,BAIXO,2025-11-28,2026-04-05 18:00:43.371636
630,1410144,"AQUISIÇÃO DE SAPROPTERINA (DICLORIDRATO), 100MG, COMPRIMIDO SOLÚVEL (KUVAN) PARA ATENDIMENTO ÀS DEMANDAS JUDICIAIS E ÀS NECESSIDADES DO CEAF.",MULTICARE PHARMACEUTICALS LTDA ,24200004,44902872.0,365,-0.602534,25,BAIXO,2025-12-02,2026-04-05 18:00:43.371636
2159,1372499,"AQUISIÇÃO DE REAGENTES COM EQUIPAMENTO EM REGIME DE COMODATO, PARA A REALIZAÇÃO DE TIPAGEM HLA E ANALISE ANTICORPICA (PRA) NO HEMOCE, ATRAVÉS DE IMPORTAÇÃO DIRETA",BIOMETRIX DIAGNOSTICA LTDA,24200424,44655339.0,365,-0.602534,25,BAIXO,2025-05-23,2026-04-05 18:00:43.371636
2327,1369856,"Tem por objeto aquisição de material esportivo(EQUIPAGEM , BOLA FUTEBOL DE CAMPO, BOLA, FUTSAL MASCULINO, BOLA, VOLEIBOL, REDE ESPORTIVA, FUTSAL)",GGS INDUSTRIA COMERCIO E SERVICOS LTDA,42000000,44891950.0,365,-0.602534,25,BAIXO,2025-04-30,2026-04-05 18:00:43.371636
556,1410929,AQUISIÇÃO DE MATERIAL DE LIMPEZA(VASSOURAS) PARA ATENDER AS NECESSIDADES DA SESA NÍVEL CENTRAL,7SET COMERCIO E SERVICOS LTDA,24200004,1500.0,26,-0.602513,25,BAIXO,2025-12-05,2026-04-05 18:00:43.371636
860,1407062,"AQUISIÇÃO DE PASIREOTIDA PAMOATO, 40MG, PO PARA SUSPENSAO INJETAVEL IM, FRASCO/AMPOLA + SERINGA PREENCHIDA COM DILUENTE 2ML + AGULHA + ADAPTADO PARA ATENDER DEMANDAS JUDICIAIS.",MULTICARE PHARMACEUTICALS LTDA ,24200004,6650665.0,47,-0.602408,24,BAIXO,2025-11-14,2026-04-05 18:00:43.371636
1152,1399890,AQUISIÇÃO DE MATERIAL LABORATORIAL PARA O HOSPITAL GERAL DE FORTALEZA (REAGENTE DOSAGEM DE ACIDO URICO AUTOMAÇÃO EM BIOQUÍMICA; REAGENTE DETERMINAÇÃO ADENOSINA DEAMINASE (ADA) AUTOMAÇÃO EM BIOQUÍMICA; REAGENTE DOSAGEM DE ALBUMINA AUTOMAÇÃO EM BIOQUÍMICA; REAGENTE DOSAGEM DE AMILASE AUTOMAÇÃO EM BIOQUÍMICA; REAGENTE DOSAGEM DE BILIRRUBINA TOTAL AUTOMAÇÃO EM BIOQUÍMICA; REAGENTE DOSAGEM DE BILIRRUBINA DIRETA OU INDIRETA AUTOMAÇÃO EM BIOQUÍMICA; REAGENTE DOSAGEM DE CÁLCIO AUTOMAÇÃO EM BIOQUÍMICA; REAGENTE DOSAGEM CKMB AUTOMAÇÃO EM BIOQUÍMICA; REAGENTE DOSAGEM CREATINA FOSFOQUINASE CK (CK NAC) AUTOMAÇÃO EM BIOQUÍMICA; REAGENTE DOSAGEM DE COLESTEROL AUTOMAÇÃO EM BIOQUÍMICA; E OUTROS),ESSE ENE COMÉRCIO E SERVIÇOS LTDA,24200184,10142036.0,72,-0.602374,24,BAIXO,2025-10-20,2026-04-05 18:00:43.371636
350,1412892,"Serviço de manutenção predial na EEMTI SALES CAMPOS , com serviços comum de engenharia para manutenção preventiva e corretiva das instalações
físicas predial do imóvel com fornecimento de mão de obra. CT 011/2026",KG CONSTRUÇÕES LTDA - EPP,22000000,45022871.0,365,-0.60233,24,BAIXO,2026-01-23,2026-04-05 18:00:43.371636
972,1405350,"Aquisição de material de consumo (Desinfetante), a presente aquisição tem por objetivo atender às demandas do Instituto de Pesquisa e Estratégia Econômica do Ceará - IPECE, visando ao suprimento do almoxarifado com material de consumo necessário para a adequada higienização das dependências do Instituto.",K. N. B. DA SILVA,46200003,1054.0,56,-0.602324,24,BAIXO,2025-11-05,2026-04-05 18:00:43.371636
2182,1372451,"Contratação de prestação de abastecimento de Energia Elétrica com o objetivo de suprir a demanda nas dependências da UNIDADE PRISIONAL DE ENSINO, CAPACITAÇÃO E TRABALHO DE ITAITINGA (UPECT - ITAITINGA)",COMPANHIA ENERGETICA DO CEARA COELCE,18000000,45280932.0,365,-0.602288,24,BAIXO,2025-05-21,2026-04-05 18:00:43.371636
744,1408885,"Prestação de serviços, por Centros de Formação de Condutores (CFC), referentes à realização de Cursos de Formação Teórico-Técnico e Prática de Direção Veicular, visando a formação e capacitação de candidatos à obtenção da primeira habilitação no âmbito do programa CNH Popular.",CENTRO DE FORMACAO DE CONDUTORES CHAVAL LTDA ,08200003,4583375.0,35,-0.602246,24,BAIXO,2025-11-26,2026-04-05 18:00:43.371636
545,1410858,"Prestação de serviços, por Centros de Formação de Condutores (CFC), referentes à realização de Cursos de Formação Teórico-Técnico e Prática de Direção Veicular, visando a formação e capacitação de candidatos à obtenção da primeira habilitação no âmbito do programa CNH Popular.",CENTRO DE FORMAÇÃO DE CONDUTORES MALHEIRO RAMALHO LTDA -- ME,08200003,3299054.0,26,-0.602208,24,BAIXO,2025-12-05,2026-04-05 18:00:43.371636
704,1409346,Aquisição de material de consumo (COPA E COZINHA) para atender a demanda da SRCEN CANINDÉ,C A ALIMENTOS LTDA,24200004,1470.0,33,-0.602188,24,BAIXO,2025-11-28,2026-04-05 18:00:43.371636
1139,1400155,"AQUISIÇÃO DE CARVEDILOL, 6,25MG, COMPRIMIDO PARA ATENDER À PROGRAMAÇÃO PACTUADA INTEGRADA (PPI).",CIMED INDUSTRIA S.A.,24200004,10038051.0,72,-0.60217,24,BAIXO,2025-10-20,2026-04-05 18:00:43.371636
1425,1391131,"SERVIÇOS DE MANUTENÇÃO CORRETIVA E PREVENTIVA EM PRÉDIOS PÚBLICOS - BLOCO E (LABORATÓRIOS DE QUÍMICA, DE FÍSICA E ANEXO) DO CAMPUS DO ITAPERI - UECE-CE.",SALINAS EMPREENDIMENTOS E CONSTRUCOES LTDA ,43200007,16864670.0,487,-0.602144,24,BAIXO,2025-09-11,2026-04-05 18:00:43.371636
2439,1366588,"A presente contratação de serviços técnicos profissionais - contador, visa suprir a organização da agenda tributária 2025/2026 da unidade executora da escola, atendendo a EEMTI Maria de Lourdes Oliveira. RUSSAS - CREDE 10",ACE ASSESSORIA CONTABIL LTDA,22000000,1200.0,359,-0.602133,24,BAIXO,2025-04-14,2026-04-05 18:00:43.371636
736,1409581,"Prestação de serviços, por Centros de Formação de Condutores (CFC), referentes à realização de Cursos de Formação Teórico-Técnico e Prática de Direção Veicular, visando a formação e capacitação de candidatos à obtenção da primeira habilitação no âmbito do programa CNH Popular.",CENTRO DE FORMACAO DE CONDUTORES DIAMANTE LTDA,08200003,4566742.0,34,-0.602084,24,BAIXO,2025-11-27,2026-04-05 18:00:43.371636
887,1406654,"CEFTAZIDIMA, + AVIBACTRAM, 2.000 MG + 500MG, PO PARA SOLUCAO PARA INFUSAO",PFIZER BRASIL LTDA,24200184,6723144.0,48,-0.602072,24,BAIXO,2025-11-13,2026-04-05 18:00:43.371636
1098,1401435,"AQUISIÇÃO DE MATERIAL DE LIMPEZA PARA ESTE CEO-CENTRO, CONFORME ORDEM DE COMPRAS Nº 90581/2025 E ATA Nº 2025/27896",K. N. B. DA SILVA,24200334,1054.0,69,-0.602022,24,BAIXO,2025-10-23,2026-04-05 18:00:43.371636
1176,1399506,Promoção das Comemorações em Referência ao Dia dos Servidores Públicos do Ceará - Eventos Esportivos e Culturais,INSTITUTO BRASIL SEM FRONTEIRAS - IBESF,46100003,2000000.0,16,-0.601914,24,BAIXO,2025-10-15,2026-04-05 18:00:43.371636
720,1409270,"Prestação de serviços, por Centros de Formação de Condutores (CFC), referentes à realização de Cursos de Formação Teórico-Técnico e Prática de Direção Veicular, visando a formação e capacitação de candidatos à obtenção da primeira habilitação no âmbito do programa CNH Popular.",CENTRO DE FORMACAO DE CONDUTORES EMERSON LTDA - ME,08200003,4576837.0,34,-0.601881,24,BAIXO,2025-11-27,2026-04-05 18:00:43.371636
2061,1380048,CONTRATUALIZAÇÃO DA ARP Nº 2024/00180 QUE TEM COMO OBJETO A AQUISIÇÃO DE GÊNEROS ALIMENTÍCIO (FRUTAS E VERDURAS). TAL CONTRATO SUPRIRÁ AS NECESSIDADES DO HOSPITAL DE SAÚDE MENTAL PELO PERÍODO DE 12 MESES.,MX DISTRIBUIDORA LTDA,24200234,44393962.0,365,-0.601856,24,BAIXO,2025-06-09,2026-04-05 18:00:43.371636
1487,1394055,"O objeto do presente instrumento é a aquisição de BEBEDOURO INDUSTRIAL, REFIL PARA FILTRO CARBONO BLOCK E MESA PARA ESCRITÓRIO - GRUPO I e ITEM 06 - (material permanente - eletrodomésticos PE nº 20240030) nas condições estabelecidas neste contrato e no Termo de Referencia do edital e na proposta do CONTRATADO.",COMERCIAL LIMA DE EQUIPAMENTOS SUPRIMENTOS E SERVISSE LTDA,18000000,44336975.0,365,-0.601856,24,BAIXO,2025-09-02,2026-04-05 18:00:43.371636
1933,1378234,Aquisição de Gêneros Alimenticios ( Hortifrutigranjeiros ).,COMERCIAL PRAIA E MAR EIRELI,47000000,44239128.0,365,-0.601856,24,BAIXO,2025-06-25,2026-04-05 18:00:43.371636
1494,1389961,Serviço de Assessoria Contábil - EEEP MARWIN - (SEFOR 1),ANTONIA VEBEANE DE ALMEIDA CONTABILIDADE,22000000,1010.0,250,-0.601842,24,BAIXO,2025-09-02,2026-04-05 18:00:43.371636
684,1409735,"Prestação de serviços, por Centros de Formação de Condutores (CFC), referentes à realização de Cursos de Formação Teórico-Técnico e Prática de Direção Veicular, visando a formação e capacitação de candidatos à obtenção da primeira habilitação no âmbito do programa CNH Popular.",CENTRO DE FORMACAO DE CONDUTORES DJALMA LTDA ,08200003,4375264.0,33,-0.601839,24,BAIXO,2025-11-28,2026-04-05 18:00:43.371636
1950,1377564,"SOLUCAO, BOLSA 1000ML, PRESERVACAO DE MULTIPLOS ORGAOS E PROTECAO MIOCARDICA, HISTIDINA, TRIPTOFANO E ALFACETOGLUTARATO.  Solicitação de compra de medicamento para a Rede Hospitalar/SESA",CONTATI COMERCIO REPRESENTACAO LTDA,24200004,21685104.0,190,-0.601826,24,BAIXO,2025-06-24,2026-04-05 18:00:43.371636
1569,1385894,"Aquisição de Material de Consumo - Limpeza e Higiene (Guardanapos), para atender as necessidades Superintendência de Pesquisa e Estratégia de Segurança Pública SUPESP-CE.",GMS JAMPA DISTRIBUIDORA LTDA,10100009,1032.0,134,-0.601824,24,BAIXO,2025-08-19,2026-04-05 18:00:43.371636
576,1410457,Aquisição de material de consumo odontológico para o Centro Odontológico da Diretoria de Saúde da PMCE. MAPP 480,DENTAL IPO LTDA,10200008,3410292.0,27,-0.601771,24,BAIXO,2025-12-04,2026-04-05 18:00:43.371636
258,1414777,"DIETA, ENTERAL, LIQUIDA, SISTEMA ABERTO, POLIMERICA, NUTRICIONALMENTE COMPLETA, NORMOCALORICA OU HIPERCALORICA 1,2 A 1,3 KCAL/ML NORMOPROTEICA <20%, SENDO MAIOR OU IGUAL A 70% PROTEINA ISOLADA DE SOJA , ISENTA DE FIBRAS, LACTOSE E SACAROSE, DEMANDA JUDICIAL",PRLV INDÚSTRIA DE SUPLEMENTOS ALIMENTARES LTDA,24200004,31982019.0,321,-0.601637,24,BAIXO,2026-02-13,2026-04-05 18:00:43.371636
796,1408618,"Prestação de serviços, por Centros de Formação de Condutores (CFC), referentes à realização de Cursos de Formação Teórico-Técnico e Prática de Direção Veicular, visando a formação e capacitação de candidatos à obtenção da primeira habilitação no âmbito do programa CNH Popular.",CENTRO DE FORMACAO DE CONDUTORES B ALDEOTA LTDA,08200003,4732756.0,37,-0.601617,23,BAIXO,2025-11-24,2026-04-05 18:00:43.371636
1636,1384238,RECURSO DESTINADO A AQUISIÇÃO DE MEDICAMENTO CONFORME ATA Nº 2024//18675 PARA HSJ,JB FARMA COMERCIO DE MEDICAMENTOS E REPRESENTACOES EIRELI,24200224,1027.0,142,-0.601586,23,BAIXO,2025-08-11,2026-04-05 18:00:43.371636
2083,1374396,Serviços Técnicos Profissionais - EEM POLIVALENTE MODELO DE FORTALEZA - SEFOR 2,ACE ASSESSORIA CONTABIL LTDA,22000000,1100.0,365,-0.601472,23,BAIXO,2025-06-03,2026-04-05 18:00:43.371636
32,1422528,SERVIÇOS TÉCNICOS PROFISSIONAIS - EEMTI RONALDO CAMINHA BARBOSA - CASCAVEL - CREDE 9 -,ACE ASSESSORIA CONTABIL LTDA,22000000,1100.0,365,-0.601472,23,BAIXO,2026-03-23,2026-04-05 18:00:43.371636
1180,1399994,SERVIÇOS TECNICOS PROFISSIONAIS - CONTABEIS - EEEP JOSÉ IVANILTON NOCRATO - GUAIUBA - CREEDE 1 //,ACE ASSESSORIA CONTABIL LTDA,22000000,1100.0,365,-0.601472,23,BAIXO,2025-10-15,2026-04-05 18:00:43.371636
2367,1368296,SERVIÇOS TÉCNICOS PROFISSIONAIS-CONTADOR NA EEM DEPUTADO FRANCISCO DE ALMEIDA MONTE - SEFOR 1,ACE ASSESSORIA CONTABIL LTDA,22000000,1100.0,365,-0.601472,23,BAIXO,2025-04-25,2026-04-05 18:00:43.371636
2218,1371263,SERVIÇOS TECNICOS PROFISSIONAIS - EEMTI ANTONIO LUIZ COELHO - MARANGUAPE - CREDE 1,ACE ASSESSORIA CONTABIL LTDA,22000000,1100.0,365,-0.601472,23,BAIXO,2025-05-15,2026-04-05 18:00:43.371636
1685,1379064,AQUISIÇÃO DOS SERVIÇOS TÉCNICOS PROFISSIONAIS (ASSESSORIA CONTÁBIL) - EEEP LEONEL DE MOURA BRIZOLA - SEFOR 3,ACE ASSESSORIA CONTABIL LTDA,22000000,1100.0,365,-0.601472,23,BAIXO,2025-08-05,2026-04-05 18:00:43.371636
1772,1381557,"DETERGENTE, LIQUIDO, NEUTRO PRONTO PARA USO, PRINCIPIO ATIVO TENSOATIVO ANIÔNICO DE CADEIA LINEAR BIODEGRADAVEL, COMPONENTES CODJUVANTES, CONSERVANTES, ESTABILIZANTES, QUELANTES",BRILHARES PRODUTOS DE LIMPEZA LTDA ,24200004,1014.0,160,-0.601445,23,BAIXO,2025-07-24,2026-04-05 18:00:43.371636
14,1423134,"AQUISIÇÃO DE MEDICAMENTOS - BROMAZEPAM, 3 MG, COMPRIMIDO, UNIDADE 1.0 COMPRIMIDO",T S COMERCIAL DE MEDICAMENTOS E REPRESENTACAO LTDA,24200234,1002.0,279,-0.601386,23,BAIXO,2026-03-27,2026-04-05 18:00:43.371636
2380,1367448,AQUISIÇÃO DE MATERIAL DE LIMPEZA E HIGIENIZAÇÃO PARA PMCE. MAPP 62,BRILHARES PRODUTOS DE LIMPEZA LTDA ,10200008,1032.0,251,-0.601368,23,BAIXO,2025-04-24,2026-04-05 18:00:43.371636
2379,1369095,"Aquisição através da Ata de Registro de Preço Nº 2025/04085 ¿SEPLAG, para  compra do material de consumo, como  previsão de consumo nos próximos 12 (doze) meses.",GMS JAMPA DISTRIBUIDORA LTDA,31200005,1032.0,251,-0.601368,23,BAIXO,2025-04-24,2026-04-05 18:00:43.371636
1187,1398894,"AQUISIÇAO DE ENOXAPARINA, SODICA, VIA DE ADMINISTRACAO SUBCUTANEA INTRAVENOSA COM DISPOSITIVO DE PROTECAO PARA DESCARTE DA AGULHA, USO EM
PROFILAXIA E TRATAMENTO DA TROMBOSE VENOSA PROFUNDA, 60MG/0,6ML, PROFILAXIA E TRATAMENTO DO TROMBOEMBOLISMO PULMONAR, TRATAMENTO DA ANGINA INSTAVEL E INFARTO DO MIOCARDIO, PREVENCAO DA COAGULACAO DO CIRCUITO EXTRACORPOREO DURANTE A HEMODIALISE, SERINGA PREENCHIDA, SOLUCAO INJETAVEL.",EMMARKA DISTRIBUIDORADE MEDICAMENTOS LTDA,24200004,10049704.0,78,-0.601324,23,BAIXO,2025-10-14,2026-04-05 18:00:43.371636
336,1412792,"SOLUCAO, BOLSA 1000ML, PRESERVACAO DE MULTIPLOS ORGAOS E PROTECAO MIOCARDICA, HISTIDINA, TRIPTOFANO E ALFACETOGLUTARATO. PARA ATENDER A UNIDADES DE SAÚDE DO ESTADO DO CEARÁ/SESA",CONTATI COMERCIO REPRESENTACAO LTDA,24200004,32011344.0,338,-0.6013,23,BAIXO,2026-01-27,2026-04-05 18:00:43.371636
1524,1387952,"AQUISIÇÃO DE MANIPULADO, DOXAZOSINA, 1MG/ML, SOLUCAO ORAL, MANIPULADO, FRASCO 100ML E MANIPULADO, UREIA + OLEO DE AMENDOAS DOCE, 10% + 5%, LOCAO NAO IONICA, BISNAGA 80G PARA ATENDER DEMANDAS JUDICIAIS",ESTRATTI VEGETALI FARMACIA E MANIPULAÇÃO EIRELI ME ,24200004,1035.0,126,-0.601295,23,BAIXO,2025-08-27,2026-04-05 18:00:43.371636
1969,1377316,"AQUISIÇÃO DE MEDICAMENTO: MEPOLIZUMABE, 100MG/ML, SOLUCAO INJETAVEL, CANETA APLICADORA. PARA ATENDER O COMPONENTE ESPECIALIZADO DA ASSISTÊNCIA FARMACÊUTICA - CEAF",T S COMERCIAL DE MEDICAMENTOS E REPRESENTACAO LTDA,24200004,20837043.0,191,-0.60115,23,BAIXO,2025-06-23,2026-04-05 18:00:43.371636
2232,1370283,MATERIAL ELÉTRICO E ELETRÔNICO - EEMTI PREFEITO JOSÉ MARIA MONTEIRO - ITAREMA - CREDE 3,TOTAL DEP MATERIAL E FERRAMENTAS LTDA,22000000,1050.0,232,-0.601078,23,BAIXO,2025-05-13,2026-04-05 18:00:43.371636
5,1423653,"A aquisição de materiais elétricos e eletrônicos pela E.E.E.P. Lúcia Baltazar Costa tem por finalidade suprir as demandas contínuas de manutenção das instalações elétricas e de apoio às atividades pedagógicas e administrativas, durante o exercício de 2026. LIMOEIRO DO NORTE - CREDE 10 -",BANDEIRA ATACAREJO LTDA,22000000,1002.0,275,-0.601046,23,BAIXO,2026-03-31,2026-04-05 18:00:43.371636
54,1420501,AQUISIÇÃO - MATERIAL DE CONSUMO - MATERIAL ELÉTRICO E ELETRÔNICO - EEEP GOVERNADOR VIRGÍLIO TÁVORA - CRATO - CREDE 18,NT COMERCIO DE FERRAGENS E FERRAMENTAS LTDA,22000000,1050.0,289,-0.601044,23,BAIXO,2026-03-17,2026-04-05 18:00:43.371636
694,1409429,"AQUISIÇÃO DE MATERIAL MÉDICO HOSPITALAR, (STENT, INTRACRANIANO DE NITINOL; MICROCATETER, PARA EMBOLIZACAO COM MARCACAO DISTAL APLICACAO EM NEURORADIOLOGIA INTERVENCIONISTA E OUTROS) PARA O HOSPITAL GERAL DE FORTALEZA-HGF/SESA.",ENDOTEC PRODUTOS MEDICOS LTDA,24200184,4290000.0,33,-0.601025,23,BAIXO,2025-11-28,2026-04-05 18:00:43.371636
1504,1388811,material gráfico - EEMTI FRANCISCO PORCIANO FERREIRA - MARCO - CREDE 3,13.916.880 JOSE RAIMUNDO DE ARAUJO,22000000,1054.0,121,-0.600935,23,BAIXO,2025-09-01,2026-04-05 18:00:43.371636
749,1408781,"AQUISIÇÃO DE MEDICAMENTO: HIDROXIUREIA, 100MG, COMPRIMIDO REVESTIDO. PARA ATENDER O COMPONENTE ESPECIALIZADO DA ASSISTÊNCIA FARMACÊUTICA - CEAF",ONCOEXO DISTRIBUIDORA DE MEDICAMENTOS LTDA,24200004,4485024.0,35,-0.600869,23,BAIXO,2025-11-26,2026-04-05 18:00:43.371636
7,1423690,"AQUISIÇÃO DE MOUSE, OPTICO, CONECTOR USB OU SERIAL, CORES VARIADAS, 03 BOTOES, CAIXA 1.0 UNIDADE. MARCA: KNUP KP-M611/KNUP KP-M611, PARA UTILIZAÇÃO NO IPC CE", LEGACY DISTRIBUIDORA DE INFORMATICA E ELETROELETRONICOS LTDA,24200364,1014.0,275,-0.600843,23,BAIXO,2026-03-31,2026-04-05 18:00:43.371636
2116,1373816,AQUISIÇÃO - MATERIAL DE CONSUMO - MATERIAL ELÉTRICO E ELETRÔNICO - EEMTI ANTÔNIO MOTA - ANTONINA DO NORTE - CREDE 18,"LUDTECH TECNOLOGIA, SUPRIMENTOS E SERVICOS LTDA",22000000,1040.0,215,-0.600819,23,BAIXO,2025-05-30,2026-04-05 18:00:43.371636
26,1422106,"ATA de registro de preços Nº 2025/00458, Pregão eletrônico  20250732, que tem como objeto aquisição - MATERIAL FARMACOLÓGICO",FARMACIA DE MANIPULAÇÃO IDEAL FORMULAS LTDA,24200204,1032.0,282,-0.600601,23,BAIXO,2026-03-24,2026-04-05 18:00:43.371636
1387,1392499,"SERVIÇOS DE CONSULTORIA ASSESSORIA CONTÁBIL, DURANTE O EXERCÍCIO FINANCEIRO DE 2025 DA EEEP FRANCISCA DE ALBUQUERQUE MOURA. CEDRO - CREDE  17 //",PARTENAIRE CONTABILIDADE AUDITORIA E PLANEJAMENTO TRIBUTARIO SS,22000000,1230.0,360,-0.600498,22,BAIXO,2025-09-17,2026-04-05 18:00:43.371636
1342,1395183,Serviços Técnicos Profissionais - EEEP MONSENHOR EXPEDITO DA SILVEIRA DE SOUSA - CAMOCIM - CREDE 4 //,PARTENAIRE CONTABILIDADE AUDITORIA E PLANEJAMENTO TRIBUTARIO SS,22000000,1230.0,360,-0.600498,22,BAIXO,2025-09-22,2026-04-05 18:00:43.371636
868,1407057,"AQUISIÇÃO DE MAVACANTENO, 5MG, CAPSULA PARA ATENDER DEMANDAS JUDICIAIS.",BRISTOL-MYERS SQUIBB FARMACEUTICA LTDA ,24200004,6170528.0,47,-0.600445,22,BAIXO,2025-11-14,2026-04-05 18:00:43.371636
961,1405923,PROCEDENTE DA ATA DE REGISTRO DE PREÇO  Nº 2025/00285 INSTRUMENTO CONVOCATÓRIO Nº 2024/1099  ORDEM DE COMPRA Nº 96065/2025 CUJO OBJETO E AQUISIÇÃO DE MEDICAMENTOS MEDICO E AMBULATORIAL PARA ATENDER AS NECESSIDADES DO HGCC.,SANTA BRANCA DISTRIBUIDORA DE MEDICAMENTOS LTDA - EPP,24200194,1080.0,55,-0.600439,22,BAIXO,2025-11-06,2026-04-05 18:00:43.371636
795,1409265,"Prestação de serviços, por Centros de Formação de Condutores (CFC), referentes à realização de Cursos de Formação Teórico-Técnico e Prática de Direção Veicular, visando a formação e capacitação de candidatos à obtenção da primeira habilitação no âmbito do programa CNH Popular.",CENTRO DE FORMACAO DE CONDUTORES CLAUDIO LTDA - ME,08200003,4705218.0,37,-0.600397,22,BAIXO,2025-11-24,2026-04-05 18:00:43.371636
819,1408401,"AQUISIÇÃO DE SONDA URETRAL, PARA ESVAZIAMENTO DA BEXIGA",FORTAL DISTRIBUIDORA IMPORTACAO E EXPORTACAO DE MEDICAMENTOS LTDA,24200234,1218.0,40,-0.600098,22,BAIXO,2025-11-21,2026-04-05 18:00:43.371636
1184,1399255,SERVIÇOS TÉCNICOS PROFISSIONAIS - EEMTI GOVERNADOR CÉSAR CALS DE OLIVEIRA FILHO - QUIXADA - CREDE 12,ACE ASSESSORIA CONTABIL LTDA,22000000,1200.0,364,-0.600033,22,BAIXO,2025-10-14,2026-04-05 18:00:43.371636
61,1421927,AQUISIÇÃO - SERVIÇOS DE TERCEIROS - TÉCNICOS PROFISSIONAIS - SERVIÇOS CONTÁBEIS - EEMTI  JOSEFA ALVES BEZERRA - JUCAS - CREDE 16,ACE ASSESSORIA CONTABIL LTDA,22000000,1200.0,364,-0.600033,22,BAIXO,2026-03-17,2026-04-05 18:00:43.371636
1545,1387167,"ALPRAZOLAM, 2MG, COMPRIMIDO, UNIDADE 1.0 COMPRIMIDO. MARCA: ALPRAZOLAM/EMS, Solicitação de compra de medicamento para atender a Programação Pactuada Integrada (PPI).",SANTA BRANCA DISTRIBUIDORA DE MEDICAMENTOS LTDA - EPP,24200004,15582302.0,128,-0.600017,22,BAIXO,2025-08-25,2026-04-05 18:00:43.371636
2053,1376534,aquisição de material de limpeza - EEMTI JOHNSON - SEFOR 2,GMS JAMPA DISTRIBUIDORA LTDA,22000000,1075.0,204,-0.599964,22,BAIXO,2025-06-10,2026-04-05 18:00:43.371636
544,1410873,"AQUISIÇÃO DE MEDICAMENTO: LEVODOPA + BENSERAZIDA(CLORIDRATO), 100MG + 25MG, COMPRIMIDO. PARA ATENDER A PROGRAMAÇÃO PACTUADA INTEGRADA - PPI",SULMEDIC COMERCIO DE MEDICAMENTOS LTDA,24200004,3211290.0,26,-0.599902,22,BAIXO,2025-12-05,2026-04-05 18:00:43.371636
536,1411155,"CLÍNICA: Prestação de serviços, por clínica especializada, referente à realização de exames de aptidão física e mental e avaliações psicológicas, bem como perícias médicas especiais, visando a formação e capacitação de candidatos à obtenção da primeira habilitação no âmbito do programa CNH Popular.",Clinica Medica Irmaos Marcello e Leonardo LTDA,08200003,3199828.0,26,-0.599902,22,BAIXO,2025-12-05,2026-04-05 18:00:43.371636
243,1415043,"ERTAPENEM (SODICO), FRASCO/AMPOLA, 1G, PO LIOFILIZADO PARA SOLUCAO INJETAVEL,  PIPERACILINA SODICA + TAZOBACTAM SODICA, FRASCO/AMPOLA, 4G + 500MG. PARA ATENDER A UNIDADES DE SAÚDE DO ESTADO DO CEARÁ/SESA",T S COMERCIAL DE MEDICAMENTOS E REPRESENTACAO LTDA,24200004,29657315.0,316,-0.599817,22,BAIXO,2026-02-18,2026-04-05 18:00:43.371636
938,1406036,"AQUISIÇÃO DE IBRUTINIBE, 140MG, CAPSULA OU COMPRIMIDO REVESTIDO PARA ATENDER DEMANDAS JUDICIAIS.",JANSSEN - CILAG FARMACEUTICA LTDA,24200004,6807228.0,51,-0.599729,22,BAIXO,2025-11-10,2026-04-05 18:00:43.371636
309,1414254,AQUISIÇÃO DE MEDICAMENTO,BELIEVE FARMA COMERCIO DE MEDICAMENTOS E MATERIAIS HOSPITALARES LTDA,10100013,1140.0,332,-0.599634,22,BAIXO,2026-02-02,2026-04-05 18:00:43.371636
1899,1379607,PROCEDENTE DA ATA DE REGISTRO DE PREÇO Nº 2023/15892 INSTRUMENTO CONTRATUAL CONVOCATÓRIO Nº 2023/1053  ORDEM DE COMPRA Nº 54359/2025 CUJO OBJETO E AQUISIÇÃO DE  MEDICAMENTOS MEDICO HOSPITALAR E AMBULATORIAL PARA ATENDER AS NECESSIDADES DO HGCC.,SANTA BRANCA DISTRIBUIDORA DE MEDICAMENTOS LTDA - EPP,24200194,1008.0,182,-0.599526,22,BAIXO,2025-07-02,2026-04-05 18:00:43.371636
2007,1376715,"CONTRATUALIZAÇÃO  DO SALDO DISPONÍVEL NA ATA DE REGISTRO DE PREÇOS Nº 2024/14704  DE MATERIAL MEDICO HOSPITALAR - CIRÚRGICO ¿COMPONENTE, AUMENTO FEMORAL PARA REVISAO DE PROTESE TOTAL DE JOELHO - AUMENTO TIBIAL PARA REVISAO DE PROTESE TOTAL DE JOELHO - PATELAR DE POLIETILENO CIMENTADO - TIBIAL DE POLIETILENO PARA REVISAO DE JOELHO - TIBIAL DE METAL- FEMURAL E METÁLICO - HASTE, FEMORAL METALICA E HASTE, TIBIAL METALICA¿, POR UM PRAZO DE 06 (SEIS) MESES, PARA ATENDER AS NECESSIDADES DO HOSPITAL GERAL DE FORTALEZA - HGF/SESA. ARP Nº 2024/14704 - FORNECEDOR MEDICAL LIFE COMERCIO DE PRODUTOS HOSPITALARES LTDA",MEDICAL LIFE COMERCIO DE PRODUTOS HOSPITALARES LTDA,24200184,11025280.0,548,-0.599523,22,BAIXO,2025-06-16,2026-04-05 18:00:43.371636
1048,1404623,Aquisição de medicamentos por meio da ATA N° 2025/00173 para atender as necessidades do HCASG.,CIMED INDUSTRIA S.A.,24200214,1053.0,63,-0.599488,22,BAIXO,2025-10-29,2026-04-05 18:00:43.371636
762,1408818,"Prestação de serviços, por Centros de Formação de Condutores (CFC), referentes à realização de Cursos de Formação Teórico-Técnico e Prática de Direção Veicular, visando a formação e capacitação de candidatos à obtenção da primeira habilitação no âmbito do programa CNH Popular.",CENETRAN CENTRO DE EDUCACAO DE TRANSITO LTDA,08200003,4573398.0,36,-0.599448,22,BAIXO,2025-11-25,2026-04-05 18:00:43.371636
2021,1376020,MATERIAL ELÉTRICO E ELETRÔNICO - EEMTI ESTADO DO AMAZONAS - (SEFOR 3),TOTAL DEP MATERIAL E FERRAMENTAS LTDA,22000000,1070.0,201,-0.599439,22,BAIXO,2025-06-13,2026-04-05 18:00:43.371636
896,1406494,"AQUISIÇÃO DE UPADACITINIBE, 15MG, COMPRIMIDO REVESTIDO DE LIBERACAO PROLONGADA PARA ATENDER DEMANDAS JUDICIAIS.",ABBVIE FARMACEUTICA LTDA.,24200004,6256091.0,49,-0.599338,22,BAIXO,2025-11-12,2026-04-05 18:00:43.371636
870,1407160,"AQUISIÇÃO DE MATERIAL MÉDICO HOSPITALAR, (STENT, AUTOEXPANSIVEL CORTADO A LASER, DIAMETRO DE 3 A 6MM, CONSTITUIDO DE NITINOL, PARA RETIRADA MECANICA DE TROMBOS INTRACRANIANOS, COMPRIMENTOS VARIADOS) PARA O HOSPITAL GERAL DE FORTALEZA-HGF/SESA.",AUTO SUTURE DO BRASIL LTDA.,24200184,6000000.0,47,-0.599275,22,BAIXO,2025-11-14,2026-04-05 18:00:43.371636
1361,1395163,AQUISIÇÃO - SERVIÇOS DE TERCEIROS ¿ TÉCNICOS PROFISSIONAIS - EEMTI FRANCISCO ASSIS VIEIRA - CREDE 16,PARTENAIRE CONTABILIDADE AUDITORIA E PLANEJAMENTO TRIBUTARIO SS,22000000,1230.0,364,-0.599221,22,BAIXO,2025-09-19,2026-04-05 18:00:43.371636
1040,1403402,"AQUISIÇÃO DE UMECLIDINIO, BROMETO 74,2MCG/DOSE, EQUIVALENTE 62,5MCG/DOSE DE UMECLIDINIO + VILANTEROL TRIFENATATO 40MCG/DOSE, EQUIVALENTE A 25MCG/DOSE DE VILANTEROL, PO PARA INALACAO ORAL STRIPS COM 30 DOSES, DISPOSITIVO PLASTICO, Solicitação de compra de medicamento para atender à demanda do Componente Especializado da Assistência Farmacêutica (CEAF)",T S COMERCIAL DE MEDICAMENTOS E REPRESENTACAO LTDA,24200004,8540491.0,62,-0.599186,22,BAIXO,2025-10-30,2026-04-05 18:00:43.371636
1162,1399601,SERVIÇOS DE MANUTENÇÃO CORRETIVA E PREVENTIVA EM PRÉDIOS PÚBLICOS - HUC- MANUTENÇÃO DO 6° E 7º ANDARES DA TORRE A E UTI S CLÍNICAS 01 E 02.,SALINAS EMPREENDIMENTOS E CONSTRUCOES LTDA ,43200007,10473264.0,547,-0.599177,22,BAIXO,2025-10-17,2026-04-05 18:00:43.371636
1867,1380379,"Aquisição de rodo, conforme ordem de compra nº 56559/2025",WELLINGTON IZIDIO DE OLIVEIRA,29200001,1034.0,175,-0.599171,21,BAIXO,2025-07-09,2026-04-05 18:00:43.371636
2267,1370065,Aquisição de Material Elétrico e Eletrônico para manutenção do prédio da E.E.M.T.I. Francisco Jaguaribe. De acordo com o planejamento da portaria nº 01/2025 - Manutenção. EEMTI FRANCISCO JAGUARIBE - JAGUARUANA - CREDE 10,EDUQUE & BRINQUE EIRELI - ME,22000000,1250.0,360,-0.599086,21,BAIXO,2025-05-08,2026-04-05 18:00:43.371636
1471,1389847,AQUISIÇÃO DE SERVIÇOS DE TERCEIROS PJ - TÉCNICOS PROFISSIONAIS - SERVIÇO CONTÁBIL - EEMTI MARIA DO CARMO BEZERRA - ACARAPE - CREDE 8,ACE ASSESSORIA CONTABIL LTDA,22000000,1250.0,360,-0.599086,21,BAIXO,2025-09-03,2026-04-05 18:00:43.371636
1593,1384385,"O objeto do presente instrumento é a aquisição de pneus, nas condições estabelecidas neste contrato e
no Termo de Referência do edital e na proposta do CONTRATADO. EMPRESA DV COMERCIAL E
SERVIÇOS LTDA.",DV COMERCIAL E SERVICOS LTDA,22000000,44108864.0,365,-0.599035,21,BAIXO,2025-08-14,2026-04-05 18:00:43.371636
980,1405375,"RECURSO DESTINADO AQUISIÇÃO DE MATERIAL HOSPITALAR, REFERENTE A ATA DO RP 2024/34114 - PARA O HSJ.",HOLLISTER DO BRASIL LTDA,24200224,1092.0,56,-0.599019,21,BAIXO,2025-11-05,2026-04-05 18:00:43.371636
2060,1374960,"AQUISIÇÃO DE MEDICAMENTOS PARA ESTE CEO-CENTRO, CONFORME ORDEM DE COMPRAS Nº 33846/2025 E ATA Nº 2024/17156",FARMACE IND QUIMICO FARM CEARENSE       ,24200334,1080.0,205,-0.59901,21,BAIXO,2025-06-09,2026-04-05 18:00:43.371636
2469,1365813,"Aquisição de 10.000 (dez mil) cartões magnéticos físicos (Card Livro), com crédito
eletrônico no valor unitário de R$ 200,00 (duzentos reais), destinados aos profissionais docentes e
gestores pedagógicos (Diretor e Coordenador Escolar) lotados nos 165 (cento e sessenta e cinco)
estabelecimentos de ensino participantes do Projeto Escolas Focalizadas 2025 - Aprendizagem
com Equidade. As unidades escolares pertencem à Rede Pública Estadual e estão distribuídas entre
as Coordenadorias Regionais de Desenvolvimento da Educação (CREDE 1 a 20) e as
Superintendências das Escolas Estaduais de Fortaleza (SEFOR 1, 2 e 3), sendo 150 (cento e
cinquenta) Escolas de Ensino Médio e 15 (quinze) Escolas Indígenas sob responsabilidade da
CREDE 1. CT 168/2025.",RPS EVENTOS LTDA,22000000,20000000.0,179,-0.599005,21,BAIXO,2025-04-09,2026-04-05 18:00:43.371636
1175,1398950,"AQUISIÇÃO DE BISOPROLOL, 1,25MG, HEMIFUMARATO, COMPRIMIDO REVESTIDO PARA ATENDER DEMANDAS JUDICIAIS.",T S COMERCIAL DE MEDICAMENTOS E REPRESENTACAO LTDA,24200004,1108.0,77,-0.599003,21,BAIXO,2025-10-15,2026-04-05 18:00:43.371636
343,1412703,compra de material de consumo realizado atraves da ATA de registro de preço nº2026/00063,FG COMERCIO TENDTUDO LTDA,24200344,1200.0,339,-0.598874,21,BAIXO,2026-01-26,2026-04-05 18:00:43.371636
1418,1391136,Serviços de manutenção predial na subestação elétrica dos blocos de salas de aula do Campus do Itaperi.,SALINAS EMPREENDIMENTOS E CONSTRUCOES LTDA ,43200007,43961599.0,365,-0.598833,21,BAIXO,2025-09-11,2026-04-05 18:00:43.371636
419,1412013,"AQUISIÇÃO DE MATERIAL TÉCNICO HOSPITALAR PARA O HOSPITAL GERAL DE FORTALEZA (AGENTE, LIQUIDO EMBOLICO NAO ADESIVO, USO EM MALFORMACAO ARTERIO VENOSA CEREBRAL TIPO PHILL, ONIX OU SQUID COM RESPECTIVAS SERINGAS, UNIDADE 1.0 FRASCO / AMPOLA)",AUTO SUTURE DO BRASIL LTDA.,24200184,960000.0,8,-0.598823,21,BAIXO,2025-12-23,2026-04-05 18:00:43.371636
1315,1394218,"RECURSO DESTINADO AQUISIÇÃO DE MEDICAMENTO, REFERENTE A ATA DO RP 2025/06328 - PARA O HSJ.",T S COMERCIAL DE MEDICAMENTOS E REPRESENTACAO LTDA,24200224,1098.0,97,-0.598715,21,BAIXO,2025-09-25,2026-04-05 18:00:43.371636
800,1408442,"AQUISIÇÃO DE MATERIAL MEDICO HOSPITALAR PARA ESTE CEO-CENTRO, CONFORME ORDEM DE COMPRAS Nº 101144/2025 E ATA Nº 2024/02962",PLASTFORT COMERCIO DE PLASTICOS LTDA,24200334,1240.0,37,-0.598692,21,BAIXO,2025-11-24,2026-04-05 18:00:43.371636
49,1421673,SERVIÇOS TÉCNICOS PROFISSIONAIS. (Serviços Contábeis) - EEM ALICE MOREIRA DE OLIVEIRA - CAUCAIA - CREDE 1 -,ACE ASSESSORIA CONTABIL LTDA,22000000,1160.0,365,-0.598601,21,BAIXO,2026-03-18,2026-04-05 18:00:43.371636
70,1419807,"AQUISIÇÃO DE LATANOPROSTA, 50MCG/ML, SOLUCAO OFTALMICA, FRASCO 2,5ML PARA ATENDER DEMANDAS JUDICIAIS.",T S COMERCIAL DE MEDICAMENTOS E REPRESENTACAO LTDA,24200004,1080.0,290,-0.598556,21,BAIXO,2026-03-16,2026-04-05 18:00:43.371636
2253,1370367,SERVIÇOS DE TERCEIROS - OUTROS SERVIÇOS DE TERCEIROS - EEMTI JENNY GOMES - SEFOR 3,ACE ASSESSORIA CONTABIL LTDA,22000000,1150.0,365,-0.598399,21,BAIXO,2025-05-12,2026-04-05 18:00:43.371636
1309,1396703,Contratação de serviços de terceiros - pessoa jurídica ¿ serviços técnicos profissionais. EEMTI DONA CARLOTA TÁVORA - ARARIPE - CREDE 18 //,ACE ASSESSORIA CONTABIL LTDA,22000000,1150.0,365,-0.598399,21,BAIXO,2025-09-26,2026-04-05 18:00:43.371636
1682,1378823,SERVIÇOS TÉCNICOS PROFISSIONAIS - EEM DEPUTADO FAUSTO AGUIAR ARRUDA - PACATUBA - CREDE 1,F R SIQUEIRA LTDA,22000000,1180.0,365,-0.598399,21,BAIXO,2025-08-05,2026-04-05 18:00:43.371636
1188,1399649,"Contratualização da ATA 2024/00121, por 06 (seis) meses, no valor de R$ 2.012.477,50 para atender as necessidades do HCASG.",WEBMED SOLUCOES EM SAUDE LTDA,24200214,20124775.0,182,-0.598398,21,BAIXO,2025-10-14,2026-04-05 18:00:43.371636
754,1408912,"ATA de registro de preços Nº 2025/00328, Pregão eletrônico  20240981, que tem como objeto aquisição - MATERIAL FARMACOLÓGICO",T S COMERCIAL DE MEDICAMENTOS E REPRESENTACAO LTDA,24200204,1394.0,35,-0.598304,21,BAIXO,2025-11-26,2026-04-05 18:00:43.371636
855,1407307,"AQUISIÇÃO DE MATERIAL MÉDICO HOSPITALAR, (FITA, IDENTIFICACAO DE INSTRUMENTAL CIRURGICO, COR AMARELO - COR AZUL ESCURO - COR BRANCA - COR LARANJA - COR PRETA - COR ROSA - COR VERDE ESCURO - COR VERDE ESCURO - COR LILAS) PARA O HOSPITAL GERAL DE FORTALEZA-HGF/SESA.",PANORAMA COMERCIO DE PRODUTOS MEDICOS E FARMACEUTICOS LTDA,24200184,1280.0,44,-0.5983,21,BAIXO,2025-11-17,2026-04-05 18:00:43.371636
2114,1376443,"Aquisição de equipamentos (HALTERES e CANELEIRA), para a Sala de Cuidados da Saúde da Trabalhadora e do Trabalhador - ARP 2024/15291",VMDA EMPREENDIMENTOS LTDA,24200004,1080.0,215,-0.598129,21,BAIXO,2025-05-30,2026-04-05 18:00:43.371636
2222,1370916,RECURSO DESTINADO A AQUISIÇÃO DE MEDICAMENTO CONFORME ATA Nº2024/12422 PARA HSJ,EMMARKA DISTRIBUIDORADE MEDICAMENTOS LTDA,24200224,1080.0,230,-0.598117,21,BAIXO,2025-05-15,2026-04-05 18:00:43.371636
1651,1383774,"AQUISIÇÃO DE MEDICAMENTO: ITEM 4: LORATADINA, 10MG, COMPRIMIDO SIMPLES OU REVESTIDO  -  ITEM 5: LORATADINA, 10MG, COMPRIMIDO SIMPLES OU REVESTIDO. PARA ATENDER A PROGRAMAÇÃO PACTUADA INTEGRADA - PPI",INOVAMED HOSPITALAR LTDA,24200004,16885044.0,145,-0.597989,21,BAIXO,2025-08-08,2026-04-05 18:00:43.371636
1506,1389026,CONTRATAÇÃO DE EMPRESA PRESTADORA DE MÃO DE OBRA TERCEIRIZADA NA AREA DE VIGILÂNCIA PARA ATENDER AS NECESSIDADES DA POLÍCIA CIVIL.,DECIMUS SERVICO DE SEGURANCA LTDA,10100002,41124663.0,364,-0.597851,21,BAIXO,2025-09-01,2026-04-05 18:00:43.371636
1029,1404511,Outros serviços de terceiros - Pessoa Jurídica - Serviços contábeis - EEFM DOM HÉLDER CÂMARA - SEFOR 1,PARTENAIRE CONTABILIDADE AUDITORIA E PLANEJAMENTO TRIBUTARIO SS,22000000,1190.0,365,-0.597792,20,BAIXO,2025-10-30,2026-04-05 18:00:43.371636
2076,1374507,AQUISIÇÃO SERVIÇO TECNICO PROFISSIONAL-SERVIÇOS CONTÁBEIS - CEJA PAULO FREIRE - (SEFOR 1),ACE ASSESSORIA CONTABIL LTDA,22000000,1190.0,365,-0.597792,20,BAIXO,2025-06-04,2026-04-05 18:00:43.371636
92,1420164,Agricultura Familiar - LICEU DE MESSEJANA - SEFOR 2,COOPERATIVA AGROINDUSTRIAL DA GRANDE FORTALEZA - COOPAFORT,22000000,43021051.0,365,-0.597649,20,BAIXO,2026-03-11,2026-04-05 18:00:43.371636
910,1407702,"Serviços comuns de Engenharia para Manutenção Preventiva e Corretiva das instalações Físicas Prediais e Equipamentos Públicos,
com fornecimento de mão de obra, materiais e peças de reposição, por percentual de desconto
sobre as tabelas de serviços da SEINFRA 28 e 28.1 para atender as necessidades da Casa
Civil - Anexo, nas condições estabelecidas neste contrato e no Termo de Referência do edital
e na proposta do CONTRATADO.",KG CONSTRUÇÕES LTDA - EPP,30000000,43348807.0,365,-0.597649,20,BAIXO,2025-11-12,2026-04-05 18:00:43.371636
2429,1367498,"AQUISIÇÃO DE ATEZOLIZUMABE, 1200MG, SOLUCAO PARA DILUICAO PARA INFUSAO, FRASCO/AMPOLA PARA ATENDER DEMANDAS JUDICIAIS.",PRODUTOS ROCHE QUIMICOS E FARMACEUTICOS,24200004,43308758.0,365,-0.597649,20,BAIXO,2025-04-15,2026-04-05 18:00:43.371636
2023,1376127,"Contratualizar os itens 1 da ARP Nº 2025/04299, ENFERMEIRO - SEMANA - DIURNO, para atender demanda da Coordenadoria de Imunização - COIMU.",COOPERATIVA DE TRABALHO DE ATENDIMENTO PRE-HOSPITALAR LTDA COAPH,24200004,43131328.0,365,-0.597649,20,BAIXO,2025-06-13,2026-04-05 18:00:43.371636
390,1412565,"Contratualização da ATA nº 1227/2025, por 12 (doze) meses, no valor de R$ 4.355.599,00 para atender as necessidades do HCASG.",MEDICAL LIFE COMERCIO DE PRODUTOS HOSPITALARES LTDA,24200214,43555990.0,365,-0.597649,20,BAIXO,2026-01-12,2026-04-05 18:00:43.371636
950,1405484,"O objeto do presente instrumento é a prestação de serviços de manutenção corretiva e preventiva e Suporte Técnico das plataformas de comutação Digital do Ceará, pelo período de 12 meses, 24 horas por dia, 7 dias por semana, nas condições estabelecidas no Termo de Referência do processo e na proposta do CONTRATADO.",DIGITRO TECNOLOGIA S.A.,10000000,43290444.0,365,-0.597649,20,BAIXO,2025-11-07,2026-04-05 18:00:43.371636
351,1412908,"Serviço de manutenção predial na EEMTI ESTADO DO MARANHÃO, com serviços comum de engenharia para manutenção preventiva e
corretiva das instalações físicas predial do imóvel com fornecimento de mão de obra. CT 023/2026.",SALINAS EMPREENDIMENTOS E CONSTRUCOES LTDA ,22000000,43333326.0,365,-0.597649,20,BAIXO,2026-01-23,2026-04-05 18:00:43.371636
1659,1383889,Gêneros Alimentícios - EEMTI PROFESSORA THEOLINA DE MURYLLO ZACAS - BELA CRUZ - CREDE 3,OMEGA DISTRIBUIDORA DE PRODUTOS ALIMENTICIOS LTDA,22000000,1261046.0,12,-0.597596,20,BAIXO,2025-08-07,2026-04-05 18:00:43.371636
118,1418924,AQUISIÇÃO - SERVIÇOS DE TERCEIROS - TÉCNICOS PROFISSIONAIS - EEMTI ANTÔNIO CUSTÓDIO - FRECHEIRINHA - CREDE 6,SANTOS SERVICOS CONTABEIS LTDA,22000000,1250.0,364,-0.597585,20,BAIXO,2026-03-06,2026-04-05 18:00:43.371636
2374,1368021,Aquisição de Serviços Técnicos Profissionais; EEFM PADRE AMORIM - COORDENADORIA REGIONAL DE DESENVOLVIMENTO DA EDUCAÇÃO (CREDE 20 - BREJO SANTO),ACE ASSESSORIA CONTABIL LTDA,22000000,1250.0,364,-0.597585,20,BAIXO,2025-04-25,2026-04-05 18:00:43.371636
2465,1365481,"AQUISIÇAO DE CONTRASTE RADIOLOGICO, 300MG I/ML DE IODO, NAO IONICO DE BAIXA OSMOLALIDADE. PARA ATENDER A UNIDADES DE SAUDE DO ESTADO DO CEARA.",GE HEALTHCARE DO BRASIL COMÉRCIO E SERVIÇOS PARA EQUIPAMENTOS MÉDICO-HOSPITALARES LTDA,24200004,25165065.0,266,-0.597537,20,BAIXO,2025-04-09,2026-04-05 18:00:43.371636
616,1409922,"Prestação de serviços, por Centros de Formação de Condutores (CFC), referentes à realização de Cursos de Formação Teórico-Técnico e Prática de Direção Veicular, visando a formação e capacitação de candidatos à obtenção da primeira habilitação no âmbito do programa CNH Popular.",MARIA DAS GRACAS RODRIGUES DAMASCENO,08200003,3529527.0,29,-0.597521,20,BAIXO,2025-12-02,2026-04-05 18:00:43.371636
176,1416550,"SERVIÇOS DE MANUTENÇÃO CORRETIVA E PREVENTIVA EM PRÉDIOS
PÚBLICOS - AESP - MANUTENÇÃO DA FORMACE.",KG CONSTRUÇÕES LTDA - EPP,43200007,25380931.0,273,-0.597353,20,BAIXO,2026-02-26,2026-04-05 18:00:43.371636
2256,1369886,"Aquisição do item ( MATRIZ, FITA DE ACO, 0,05X5MM), objetivando o atendimento das demandas da Saúde Prisional do Estado do Ceará.",LAMED COMÉRCIO E REPRESENTAÇÃO LTDA,24200004,1080.0,236,-0.597283,20,BAIXO,2025-05-09,2026-04-05 18:00:43.371636
362,1412532,Aquisição de material de consumo (Escova) por meio de adesão de Ata de Registro de preço nº 2025/06402 para atender as necessidades da Procuradoria Geral do Estado do Ceará.,GMS JAMPA DISTRIBUIDORA LTDA,13000000,1285.0,344,-0.597239,20,BAIXO,2026-01-21,2026-04-05 18:00:43.371636
879,1406669,"AQUISIÇÃO DE MATERIAL MEDICAMENTO PARA ESTE CEO-CENTRO, CONFORME ORDEM DE COMPRAS Nº 98112/2025 E ATA Nº 2024/04526",UNIAO QUIMICA FARMACEUTICA NACIONAL S A,24200334,1150.0,48,-0.597234,20,BAIXO,2025-11-13,2026-04-05 18:00:43.371636
202,1416054,AQUISIÇÃO DE FORTINI PLUS PARA ATENDER DEMANDAS JUDICIAIS.,ART MEDICA COM E REP PROD HOST LTDA,24200004,27702324.0,310,-0.597215,20,BAIXO,2026-02-24,2026-04-05 18:00:43.371636
229,1415758,SERVIÇO DE MANUTENÇÃO PREVENTIVA E CORRETIVA DA SEDE DA ADAGRI.,KG CONSTRUÇÕES LTDA - EPP,56200006,42860625.0,365,-0.597042,20,BAIXO,2026-02-20,2026-04-05 18:00:43.371636
604,1410114,"Serviços de manutenção preventiva, corretiva e calibração em 04 (quatro) equipamentos do tipo analisador pcr em tempo real, da marca thermo fisher scientific, modelo 7500, de propriedade do HEMOCE.",LIFE TECHNOLOGIES BRASIL COMERCIO E INDUSTRIA DE PRODUTOS PARA BIOTECNOLOGIA LTDA,24200424,42885954.0,365,-0.597042,20,BAIXO,2025-12-03,2026-04-05 18:00:43.371636
1151,1402089,SERVIÇOS TECNICOS PROFISSIONAIS  - EEFM ANTONIO DIAS MACÊDO - SUPERINTENDÊNCIA DAS ESCOLAS ESTADUAIS DE FORTALEZA (SEFOR 2),ACE ASSESSORIA CONTABIL LTDA,22000000,1200.0,365,-0.596971,19,BAIXO,2025-10-20,2026-04-05 18:00:43.371636
1597,1385178,Serviço de Assessoria Contábil para a escola - EEMTI DONA MARIA MENEZES DE SERPA - SEFOR 1,ACE ASSESSORIA CONTABIL LTDA,22000000,1200.0,365,-0.596971,19,BAIXO,2025-08-14,2026-04-05 18:00:43.371636
1567,1387187,SERVIÇOS TECNICOS PROFISSIONAIS - CONTADOR - EEMTI JOÃO MATTOS - SEFOR 3,F R SIQUEIRA LTDA,22000000,1200.0,365,-0.596971,19,BAIXO,2025-08-20,2026-04-05 18:00:43.371636
1730,1383215,SERVIÇOS DE TERCEIROS - TÉCNICOS PROFISSIONAIS - EEFM ALOÍSIO LEO ARLINDO LORSCHEIDER - ITAITINGA - CREDE 1,ZACARIAS DOS SANTOS CHAVES JUNIOR,22000000,1200.0,365,-0.596971,19,BAIXO,2025-07-31,2026-04-05 18:00:43.371636
57,1422027,AQUISIÇÃO - SERVIÇOS DE TERCEIROS - TÉCNICOS PROFISSIONAIS - EEMTI DE CARIÚS - CREDE 16 /,ACE ASSESSORIA CONTABIL LTDA,22000000,1200.0,365,-0.596971,19,BAIXO,2026-03-17,2026-04-05 18:00:43.371636
62,1421705,Aquisição - Serviços de Terceiros - Técnicos Profissionais - EEMTI FRANCISCO ASSIS VIEIRA - ACOPIARA - CREDE 16 -,ACE ASSESSORIA CONTABIL LTDA,22000000,1200.0,365,-0.596971,19,BAIXO,2026-03-17,2026-04-05 18:00:43.371636
1310,1396635,AQUISIÇÃO - SERVIÇOS DE TERCEIROS - TÉCNICOS PROFISSIONAIS - CENTRO CEARENSE DE IDIOMAS DE FORTALEZA R4 - UNIDADE BENFICA - (SEFOR 3),SANTOS SERVICOS CONTABEIS LTDA,22000000,1200.0,365,-0.596971,19,BAIXO,2025-09-26,2026-04-05 18:00:43.371636
255,1414865,SERVIÇOS TECNICOS CONTABEIS (1) - EEM ANA BEZERRA DE SÁ - EUSEBIO - CREDE 1,ACE ASSESSORIA CONTABIL LTDA,22000000,1200.0,365,-0.596971,19,BAIXO,2026-02-13,2026-04-05 18:00:43.371636
1280,1397482,SERVIÇOS DE TERCEIROS - TÉCNICOS PROFISSIONAIS - EEMTI PREFEITO RAIMUNDO COELHO BEZERRA DE FARIAS - CRATO - CREDE 18,ACE ASSESSORIA CONTABIL LTDA,22000000,1200.0,365,-0.596971,19,BAIXO,2025-10-01,2026-04-05 18:00:43.371636
2002,1377541,REFERENTE À COTAÇÃO ELETRÔNICA 03/2025 PARA AQUISIÇÃO DE SERVIÇOS TÉCNICOS PROFISSIONAIS (CONTÁBEIS) EM FAVOR DA UNIDADE ESCOLAR - EEFM CONSTÂNCIA TÁVORA - SEFOR 2,ACE ASSESSORIA CONTABIL LTDA,22000000,1200.0,365,-0.596971,19,BAIXO,2025-06-17,2026-04-05 18:00:43.371636
159,1418407,Aquisição de Serviços Técnicos Profissional na área de Assessoria Contábil (Serviços Contábeis) em favor do CEJA Joaquim Gomes Basílio - BREJO SANTO - CREDE 20,ACE ASSESSORIA CONTABIL LTDA,22000000,1200.0,365,-0.596971,19,BAIXO,2026-03-02,2026-04-05 18:00:43.371636
1141,1400449,AQUISIÇÃO - SERVIÇOS DE TERCEIROS - TÉCNICOS PROFISSIONAIS - COLÉGIO DA POLÍCIA MILITAR DO CEARÁ CORONEL HERVANO MACEDO JÚNIOR - COORDENADORIA REGIONAL DE DESENVOLVIMENTO DA EDUCAÇÃO (CREDE 19 - JUAZEIRO DO NORTE),ACE ASSESSORIA CONTABIL LTDA,22000000,1200.0,365,-0.596971,19,BAIXO,2025-10-20,2026-04-05 18:00:43.371636
1694,1382681,AUISIÇÃO DE MATERIAL DE FESTIVIDADES E HOMENAGENS - EEMTI PROFESSOR MILTON FAÇANHA ABREU - MULUNGU - CREDE 8,F & L COMERCIO & SERVICOS LTDA,22000000,1080.0,149,-0.596895,19,BAIXO,2025-08-04,2026-04-05 18:00:43.371636
1679,1382980,"AQUISIÇÃO DE MEDICAMENTO: AZITROMICINA, 500MG, CAPSULA OU COMPRIMIDO REVESTIDO. PARA ATENDER A PROGRAMAÇÃO PACTUADA INTEGRADA - PPI",BELIEVE FARMA COMERCIO DE MEDICAMENTOS E MATERIAIS HOSPITALARES LTDA,24200004,17344956.0,148,-0.596875,19,BAIXO,2025-08-05,2026-04-05 18:00:43.371636
1940,1377937,"AQUISIÇÃO DE COLECALCIFEROL, VITAMINA D3, COMPRIMIDO REVESTIDO OU CAPSULA GELATINOSA MOLE, 50000 UI PARA ATENDER DEMANDAS JUDICIAIS.",HUB HEALTH DISTRIBUIDORA DE PRODUTOS HOSPITALARES LTDA,24200004,1056.0,189,-0.59687,19,BAIXO,2025-06-25,2026-04-05 18:00:43.371636
1226,1397379,"AQUISIÇÃO DE MATERIAL DE CONSUMO (MATERIAL DE PROCESSAMENTO DE DADOS), EM FAVOR DA EEEP MARTA MARIA GIFFONI DE SOUSA - ACARAU - CREDE 3",COMERCIAL ELLEN LTDA - ME,22000000,1100.0,83,-0.59682,19,BAIXO,2025-10-09,2026-04-05 18:00:43.371636
2054,1375714,AQUISIÇÃO SERVIÇOTECNICO PROFISSIONAL CONTÁBIL - EEM PROFESSORA FRANCISCA LINHARES DE SOUSA - EUSEBIO - CREDE 1,ACE ASSESSORIA CONTABIL LTDA,22000000,1300.0,360,-0.596777,19,BAIXO,2025-06-10,2026-04-05 18:00:43.371636
1723,1382447,"AQUISIÇÃO DE MEDICAMENTO: AMITRIPTILINA, CLORIDRATO, 25 MG, COMPRIMIDO SIMPLES OU REVESTIDO. PARA ATENDER A PROGRAMAÇÃO PACTUADA INTEGRADA - PPI",COMERCIAL CIRURGICA RIOCLARENSE LTDA,24200004,17605728.0,153,-0.596673,19,BAIXO,2025-07-31,2026-04-05 18:00:43.371636
1360,1392961,"AQUISICAO DE DIPIRONA, 500MG/ML, SOLUCAO INJETAVEL, AMPOLA 2ML, AMPOLA 1.0 UNIDADE. MARCA: DIPIFARMA, PARA ATENDER AS NECESSIDADES DO IPC.",FARMACE IND QUIMICO FARM CEARENSE       ,24200364,1200.0,103,-0.596649,19,BAIXO,2025-09-19,2026-04-05 18:00:43.371636
1379,1392186,"ATA de registro de preços Nº 26157/2024, Pregão eletrônico  0323/2024, que tem como objeto aquisição  - MATERIAL HOSPITALAR",DATA - MEDICAL PRODUTOS MÉDICOS HOSPITALARES LTDA,24200204,1200.0,105,-0.596649,19,BAIXO,2025-09-17,2026-04-05 18:00:43.371636
2258,1369764,SERVIÇO DE MANUTENÇÃO PREVENTIVA E CORRETIVA DAS INSTALAÇÕES FÍSICAS PREDIAIS DO 1º COLÉGIO DA PMCE FORTALEZA-CEARÁ,KG CONSTRUÇÕES LTDA - EPP,10200010,40589915.0,365,-0.596638,19,BAIXO,2025-05-09,2026-04-05 18:00:43.371636
357,1412597,"Serviços de manutenção predial na EEMTI Moema Távora, com serviços comum de engenharia para manutenção preventiva e corretiva das instalações físicas
predial do imóvel. CT 15/2026.",KG CONSTRUÇÕES LTDA - EPP,22000000,42151708.0,365,-0.596638,19,BAIXO,2026-01-22,2026-04-05 18:00:43.371636
356,1412571,"Contratação de empresa para prestação de serviços contínuos a serem executados com dedicação exclusiva de mão de obra terceirizada, regidos pela Consolidação da Leis Trabalhistas (CLT) para as categorias de PSICOLOGIA SOCIAL, ASSISTENTE SOCIAL, ASSEIO E CONSERVAÇÃO (ASSISTENTE TÉCNICO I), a fim de atender as necessidades da Coordenadoria e 1º Colégio da Polícia Militar do Ceará",SLS TERCEIRIZAÇÃO DE SERVIÇOS LTDA,10200010,41891424.0,365,-0.596638,19,BAIXO,2026-01-22,2026-04-05 18:00:43.371636
2303,1369384,"INEXIGIBILIDADE DE LICITAÇÃO PARA AQUISIÇÃO DE MATERIAL PERMANENTE ¿SIMULADOR MANEQ SIMMOM LLEAP ADM COMPLETO (LAPTOP+MONITORAIO) - EQUIPAMENTO PARA TREINAMENTO, MANEQUIM SIMULADOR DE PARTO COMPLETO¿, PARA QUE HAJA A CAPACITAÇÃO DOS RESIDENTES MÉDICOS, MULTIPROFISSIONAIS, INTERNOS E ESTAGIÁRIOS, ASSIM SUPRINDO AS NECESSIDADES DA DIRETORIA DE ENSINO, PESQUISA E RESIDÊNCIA DO HOSPITAL GERAL DE FORTALEZA ¿ HGF/SESA.",LAERDAL MEDICAL IMPORTACAO E COMERCIO DE PRODUTOS MEDICOS LTDA.,24200184,40251397.0,365,-0.596638,19,BAIXO,2025-05-05,2026-04-05 18:00:43.371636
1808,1380720,"INEXIGIBILIDADE DE LICITAÇÃO PARA CONTRATAÇÃO DE EMPRESA ESPECIALIZADA NOS SERVIÇOS DE MANUTENÇÃO PREVENTIVA, CORRETIVA E CALIBRAÇÃO, COM COBERTURA TOTAL DE PEÇAS ORIGINAIS E ACESSÓRIOS, DE 1 (UM) EQUIPAMENTO SISTEMA INTRABEAMPARA RADIOTERAPIA, POR UM PERÍODO DE 12 (DOZE) MESES, PARA ATENDER AS NECESSIDADES DO HOSPITAL GERAL DE FORTALEZA ¿ HGF/SESA.",CARL ZEISS DO BRASIL LTDA,24200184,41861604.0,365,-0.596638,19,BAIXO,2025-07-16,2026-04-05 18:00:43.371636
2239,1370803,"Contratação de empresa especializada em serviços de locação de transporte de passageiros das Escolas Estaduais de Educação Profissional - EEEP, em ônibus, micro-ônibus ou van, envolvidos nos eventos referentes à práticas de campo das unidades escolares, distribuídas em todo o Estado do Ceará.  CT 191/2025.",B & K TRANSPORTE E SERVIÇOS LTDA ME,22000000,40447750.0,365,-0.596638,19,BAIXO,2025-05-13,2026-04-05 18:00:43.371636
985,1405172,"Contratação de serviços de computação em nuvem, contemplando as modalidades IaaS (Infraestrutura como Serviço), PaaS (Plataforma como Serviço) e SaaS (Software como Serviço), para atender as necessidades da ESP/CE.",EMPRESA DE TECNOLOGIA DA INFORMACAO DO CEARA ETICE,24200004,41176211.0,365,-0.596638,19,BAIXO,2025-11-04,2026-04-05 18:00:43.371636
1583,1387241,"Trata-se do credenciamento de prestadores de serviços de saúde de forma complementar ao Sistema Único de Saúde (SUS), para a realização de cirurgias eletivas em oftalmologia para atender os usuários do Sistema Único de Saúde - SUS, tendo em vista a necessidade identificada pela Central de Regulação do Estado do Ceará, consoante com a necessidade da administração pública, atendendo as normas estabelecidas no edital e na Lei Federal nº 14.133/2021.",LPM SAUDE HUMANA E SERVICOS SOCIAIS LTDA,24200004,41784224.0,365,-0.596638,19,BAIXO,2025-08-18,2026-04-05 18:00:43.371636
893,1406204,"Aquisição futura e eventual de MIRA OPTRÔNICA para armas portáteis, para serem utilizados pelo Batalhão de Operações Especiais - BOPE/PMCE. MAPP 165",MEPROLIGHT (1990) LTD,10100003,42094584.0,365,-0.596638,19,BAIXO,2025-11-12,2026-04-05 18:00:43.371636
837,1409614,MANUTENÇÃO CORRETIVA E PREVENTIVA DA REDE ELETRICA,KG CONSTRUÇÕES LTDA - EPP,46200009,42125323.0,365,-0.596638,19,BAIXO,2025-11-19,2026-04-05 18:00:43.371636
402,1403721,"Serviços continuados de suporte técnico de Hardware e Software para a solução de backup Oracle Zero Data Loss Recovery Appliance, pelo período de 12 (doze) meses, de acordo com o contrato 097/2025",ORACLE DO BRASIL SISTEMAS LTDA,19000000,40166008.0,365,-0.596638,19,BAIXO,2025-12-30,2026-04-05 18:00:43.371636
292,1413645,AQUISIÇÃO DE MATERIAL DE CONSUMO - EXTRATOR DE GRAMPOS,SUPRIMAX COMERCIAL LTDA,30200003,1160.0,329,-0.596557,18,BAIXO,2026-02-05,2026-04-05 18:00:43.371636
764,1408843,"Prestação de serviços, por Centros de Formação de Condutores (CFC), referentes à realização de Cursos de Formação Teórico-Técnico e Prática de Direção Veicular, visando a formação e capacitação de candidatos à obtenção da primeira habilitação no âmbito do programa CNH Popular.",CENTRO DE FORMACAO DE CONDUTORES PAULINO E MENEZES LTDA - ME,08200003,4513207.0,36,-0.596546,18,BAIXO,2025-11-25,2026-04-05 18:00:43.371636
311,1413139,RECURSO DESTINADO A AQUISIÇÃO DE MEDICAMENTO CONFORME ATA Nº 2025/14676 PARA HSJ,ACCORD FARMACEUTICA LTDA,24200224,1200.0,332,-0.596545,18,BAIXO,2026-02-02,2026-04-05 18:00:43.371636
376,1412570,"BARBANTE, 50 FIOS, NATURAL DE SISAL, DIMENSAO 50M, EMBALAGEM COM IDENTIFICACAO DO PRODUTO, MARCA DO FABRICANTE, AVULSO 1.0 ROLO. MARCA: SISALTEC",K. N. B. DA SILVA,69000000,1304.0,346,-0.596508,18,BAIXO,2026-01-19,2026-04-05 18:00:43.371636
1828,1381555,"Contratação Direta por Inexigibilidade de Licitação com o Consed ¿ Conselho Nacional de Secretários de Educação (Associação sem fins lucrativos), objetivando assegurar a  contribuição de representação institucional relativa ao exercício 2025 de acordo com as especificações e quantitativos constantes no Termo de Referência e seus anexos.",CONSED CONS NACIONAL SEC EDUCACAO,22000000,18582401.0,169,-0.596447,18,BAIXO,2025-07-15,2026-04-05 18:00:43.371636
958,1407453,"AQUISIÇÃO DE DURVALUMABE, 500MG/10ML, SOLUÇÃO INJETÁVEL, FRASCO/AMPOLA 10ML (IMFINZI) PARA ATENDER DEMANDAS JUDICIAIS.",ASTRAZENECA DO BRASIL LTDA,24200004,39347496.0,365,-0.596395,18,BAIXO,2025-11-06,2026-04-05 18:00:43.371636
1463,1391841,"Serviço de manutenção predial na CENTRO DE TREINAMENTO, com serviços comum de engenharia para manutenção preventiva e corretiva das instalações
físicas predial do imóvel.",KG CONSTRUÇÕES LTDA - EPP,22000000,39439263.0,365,-0.596395,18,BAIXO,2025-09-03,2026-04-05 18:00:43.371636
303,1413282,"Aquisição de material de consumo - EXPEDIENTE (Cola, bastão), para atender a demanda da Secretaria de Segurança Pública e Defesa Social ¿ SSPDS, de acordo com as especificações e quantitativos previstos neste Termo.",F C SOARES E SILVA - ME,10000000,1200.0,331,-0.596343,18,BAIXO,2026-02-03,2026-04-05 18:00:43.371636
1941,1377930,"Aquisição de material para manutenção de bens imóveis (material elétrico), por 12 (doze) meses, para atender o Hospital de Messejana Dr. Carlos Alberto Studart Gomes",PUMA LICITACOES LTDA,24200214,41637492.0,365,-0.596235,18,BAIXO,2025-06-25,2026-04-05 18:00:43.371636
1320,1394285,"Contratação de empresa, ou consórcio de empresas especializadas em serviços contínuos de manutenção elétrica, mecânica e eletrônica, abrangendo diversas disciplinas incluindo a operação de sistemas, ações preventivas, intervenções corretivas e serviços eventuais sob demanda compreendendo a Subestação de Alta Tensão (SE CTE 69 kV), Subestação de Distribuição em Média Tensão (SE 13,8 kV) e Sistema de Refrigeração e Climatização no Centro de Eventos do Ceará (CEC), com fornecimento de materiais de consumo e peças de reposição, utilizando instrumentos e ferramental próprio, quando necessário, nas condições  estabelecidas neste termo.",NORMATEL ENGENHARIA LTDA,08000000,42630031.0,365,-0.596235,18,BAIXO,2025-09-25,2026-04-05 18:00:43.371636
605,1410109,"Trata-se da aquisição de munição nos calibres .40SW EOPP 180 GR NTA A, 5,56x45 COMUM M193 POLÍCIA A, 9MMLGR EOOG124GR NTA A, 38SPL EOPP 158GR NTA A, para os cursos de formação inicial e continuada realizados pela Academia Estadual de Segurança Pública do Ceará - AESP|CE.",COMPANHIA BRASILEIRA DE CARTUCHOS,10100008,41635000.0,365,-0.596235,18,BAIXO,2025-12-03,2026-04-05 18:00:43.371636
2483,1366257,"Contratualização da ATA 2024/06986 por 12 (doze) meses, no valor de R$ 4.167.385,00, para o HMCASG.",ESSE ENE COMÉRCIO E SERVIÇOS LTDA,24200214,41673850.0,365,-0.596235,18,BAIXO,2025-04-08,2026-04-05 18:00:43.371636
1696,1385706,"Aquisição de CAMINHÃO AUTO BOMBA TANQUE E SALVAMENTO, para atender a demanda do Corpo de Bombeiros Militar do Estado do Ceará.",TRIEL HT INDUSTRIA E PARTICIPAÇÕES S/A,10200009,42700000.0,365,-0.596235,18,BAIXO,2025-08-04,2026-04-05 18:00:43.371636
1288,1398174,"COTAÇÃO ELETRÔNICA 13/2025 Aquisição de serviços técnicos profissionais, em prol da EEMTI Vicente Antenor Ferreira Gomes - MIRAIMA - CREDE 2",PARTENAIRE CONTABILIDADE AUDITORIA E PLANEJAMENTO TRIBUTARIO SS,22000000,1230.0,365,-0.596164,18,BAIXO,2025-10-01,2026-04-05 18:00:43.371636
1211,1399287,SERVIÇOS CONTÁBEIS - EEFM PROFESSOR JÁDER MOREIRA DE CARVALHO -  (SEFOR 3),PARTENAIRE CONTABILIDADE AUDITORIA E PLANEJAMENTO TRIBUTARIO SS,22000000,1230.0,365,-0.596164,18,BAIXO,2025-10-10,2026-04-05 18:00:43.371636
1328,1396159,SERVIÇOS DE TERCEIROS - SERVIÇOS TÉCNICOS PROFISSIONAIS - EEMTI PRESIDENTE EURICO GASPAR DUTRA - CREDE 13,PARTENAIRE CONTABILIDADE AUDITORIA E PLANEJAMENTO TRIBUTARIO SS,22000000,1230.0,365,-0.596164,18,BAIXO,2025-09-24,2026-04-05 18:00:43.371636
757,1409085,"Prestação de serviços, por Centros de Formação de Condutores (CFC), referentes à realização de Cursos de Formação Teórico-Técnico e Prática de Direção Veicular, visando a formação e capacitação de candidatos à obtenção da primeira habilitação no âmbito do programa CNH Popular.",CENTRO DE FORMACAO DE CONDUTORES - AUTO ESCOLA MASTER LTDA,08200003,4315327.0,35,-0.596143,18,BAIXO,2025-11-26,2026-04-05 18:00:43.371636
773,1409071,"Prestação de serviços, por Centros de Formação de Condutores (CFC), referentes à realização de Cursos de Formação Teórico-Técnico e Prática de Direção Veicular, visando a formação e capacitação de candidatos à obtenção da primeira habilitação no âmbito do programa CNH Popular.",CENTRO DE FORMACAO DE CONDUTORES SENTIDO UNICO LTDA - ME,08200003,4376231.0,36,-0.595941,18,BAIXO,2025-11-25,2026-04-05 18:00:43.371636
1403,1391637,Aquisição de materiais para processamento de dados - EEMTI DR. BRUNILO JACÓ - REDENCAO - CREDE 8,RGB COMERCIO E SERVICOS LTDA,22000000,1242.0,107,-0.59593,18,BAIXO,2025-09-15,2026-04-05 18:00:43.371636
664,1409734,"Prestação de serviços, por Centros de Formação de Condutores (CFC), referentes à realização de Cursos de Formação Teórico-Técnico e Prática de Direção Veicular, visando a formação e capacitação de candidatos à obtenção da primeira habilitação no âmbito do programa CNH Popular.",CENTRO DE FORMACAO DE CONDUTORES TEIXEIRA LTDA,08200003,3737735.0,30,-0.595917,18,BAIXO,2025-12-01,2026-04-05 18:00:43.371636
20,1422541,"ATA de registro de preços Nº 2025/00458, Pregão eletrônico 20250732, que tem como objeto aquisição  - MATERIAL FARMACOLÓGICO",AQ PHARMA LABORATORIO DE MANIPULACAO LTDA,24200204,1080.0,280,-0.595857,18,BAIXO,2026-03-26,2026-04-05 18:00:43.371636
164,1416924,"CONTRATAÇÃO DE EMPRESA ESPECIALIZADA NA PRESTAÇÃO DE SERVIÇOS CONTÍNUOS, COM DEDICAÇÃO EXCLUSIVA DE MÃO DE OBRA TERCEIRIZADA, REGIDOS PELA CLT PARA ATENDER A FAZENDA EXPERIMENTAL VALE DO ACARAÚ",INSTITUTO INOVAR,31200002,38858424.0,365,-0.59579,17,BAIXO,2026-02-27,2026-04-05 18:00:43.371636
1163,1400240,Aquisição de Gêneros Alimentícios (leite em pó e leite líquido).,OMEGA DISTRIBUIDORA DE PRODUTOS ALIMENTICIOS LTDA,47000000,38908575.0,365,-0.59579,17,BAIXO,2025-10-17,2026-04-05 18:00:43.371636
1754,1382244,"Prestação de serviços de saúde de forma complementar ao Sistema ùnico de Saúde - SUS, para realização de cirurgias eletivas em oftalmologia para  atender aos usuários do Sistema Único de Saúde - SUS, tendo em  vista a necessidade identificada pela Central de Regulação do Estado do Ceará.",ASSOC I A S P M I HOSP MAT AGENOR ARAUJO,24200004,38870512.0,365,-0.59579,17,BAIXO,2025-07-29,2026-04-05 18:00:43.371636
1765,1382007,"Prestação contínua dos serviços públicos de abastecimento de água potável tratada e de coleta e tratamento de esgoto sanitário nas instalações da AESP/CE, com consumo medido por hidrômetro e faturamento conforme tarifas públicas reguladas pela ARCE, em conformidade com os padrões técnicos de qualidade estabelecidos na Portaria GM/MS nº 888/2021, Resolução ARCE nº 13/2024 e demais normas ambientais e sanitárias vigentes.",COMPANHIA DE AGUA E ESGOTO DO CEARA CAGECE,10100008,38915196.0,365,-0.59579,17,BAIXO,2025-07-28,2026-04-05 18:00:43.371636
365,1413496,"Este CONTRATO tem por objeto estabelecer as condições de compra de energia elétrica para suprimento da UNIDADE CONSUMIDORA, sendo vedado o emprego da energia elétrica fornecida para outros fins diversos dos previstos neste instrumento à revelia da CONTRATADA e, em qualquer hipótese, para revenda ou cessão a terceiros.",COELCE,08200007,39146750.0,365,-0.59579,17,BAIXO,2026-01-21,2026-04-05 18:00:43.371636
1439,1390764,"O presente Contrato tem objeto a locação de imóvel, situado na Avenida Heráclito Graça, 600, Centro, CEP: 60140-060, Fortaleza ¿ CE, totalizando uma área d 1.670 m² (um mil seiscentos e setenta e metros quadrado), destinado ao funcionamento da Casa de Ressocialização  da Secretaria da Administração Penitenciária e Ressocialização ¿ SAP, em conformidade com as especificações estabelecidas no Termo de Referencia COISPE/SAP e na proposta da vencedora, os quais integram este instrumento, independente de transcrição.",JOSÉ AIRTON DE OLIVEIRA E SILVA,18000000,38553636.0,365,-0.595564,17,BAIXO,2025-09-08,2026-04-05 18:00:43.371636
472,1411558,"Aquisição de material de refrigeração (material de consumo), por 12 (doze) meses, para atender as necessidades do Hospital de Messejana Dr. Carlos Alberto Studart Gomes",E A FRIO REFRIGERÇÃO INDÚSTRIA E COMÉRCIO LTDA - ME,24200214,38493097.0,365,-0.595564,17,BAIXO,2025-12-10,2026-04-05 18:00:43.371636
282,1413964,Aquisição de material de consumo (LIMPEZA) para atender a demanda da COADS CAUCAIA.,PROLIMP PRODUTOS E SERVIÇOS  LTDA,24200004,1118.0,325,-0.595461,17,BAIXO,2026-02-09,2026-04-05 18:00:43.371636
840,1409344,"Aquisição de material de limpeza ¿ sabão em pó, conforme ordem de compra nº 101478/2025 da Ata de Registro de Preços nº 2025/26819, Pregão Eletrônico nº 20240017/SEPLAG.",FG COMERCIO TENDTUDO LTDA,13200001,1368.0,42,-0.595454,17,BAIXO,2025-11-19,2026-04-05 18:00:43.371636
914,1411973,Aquisição de medicamentos por meio da ATA N° 2025/13895 para atender as necessidades do HCASG.,FARMACE IND QUIMICO FARM CEARENSE       ,24200214,1200.0,49,-0.595414,17,BAIXO,2025-11-12,2026-04-05 18:00:43.371636
2318,1368618,"AQUISIÇÃO DE VARFARINA SODICA, 5 MG, COMPRIMIDO. PARA ATENDER DEMANDAS JUDICIAIS/SESA.",ONMED DISTRIBUIDORA DE MEDICAMENTOS LTDA,24200004,1080.0,243,-0.595293,17,BAIXO,2025-05-02,2026-04-05 18:00:43.371636
1468,1390122,SERVIÇOS TÉCNICOS PROFISSIONAIS CONTÁBEIS - EEFM PATRONATO SAGRADA FAMÍLIA - (SEFOR 1),ANTONIA VEBEANE DE ALMEIDA CONTABILIDADE,22000000,1250.0,365,-0.595291,17,BAIXO,2025-09-03,2026-04-05 18:00:43.371636
179,1417457,AQUISIÇÃO - SERVIÇOS DE TERCEIROS - TÉCNICOS PROFISSIONAIS (contador) em favor da EEMPC Florestan Fernandes - MONSENHOR TABOSA - CREDE 13,ACE ASSESSORIA CONTABIL LTDA,22000000,1250.0,365,-0.595291,17,BAIXO,2026-02-26,2026-04-05 18:00:43.371636
1150,1402084,SERVIÇOS CONTÁBEIS - EEM GENERAL MURILO BORGES MOREIRA - (SEFOR 2),ACE ASSESSORIA CONTABIL LTDA,22000000,1250.0,365,-0.595291,17,BAIXO,2025-10-20,2026-04-05 18:00:43.371636
1497,1390212,COTAÇÃO ELETRÔNICA Nº 2025/20200 - AQUISIÇÃO DE SERVIÇOS DE TERCEIROS - TÉCNICOS PROFISSIONAIS ( CONTADOR ) EM FAVOR DA EEMPC ANTONIO TAVARES ALVES - CANINDE - CREDE 7,ACE ASSESSORIA CONTABIL LTDA,22000000,1250.0,365,-0.595291,17,BAIXO,2025-09-01,2026-04-05 18:00:43.371636
2005,1377415,AQUISIÇÃO DE MATERIAL DE CONSUMO - GÊNEROS DE ALIMENTAÇÃO -CEJA GOVERNADOR LUIZ GONZAGA DA FONSECA MOTA - IGUATU - CREDE 16,DEYVID M. SOUSA NEVES,22000000,1250.0,365,-0.595291,17,BAIXO,2025-06-16,2026-04-05 18:00:43.371636
2307,1368852,AQUISIÇÃO - MATERIAL DE CONSUMO - MATERIAL DE PROTEÇÃO E SEGURANÇA ; EEMTI SÃO FRANCISCO DE ASSIS - BOM JARDIM - SUPERINTENDÊNCIA DAS ESCOLAS ESTADUAIS DE FORTALEZA (SEFOR 3),NT COMERCIO DE FERRAGENS E FERRAMENTAS LTDA,22000000,1075.0,242,-0.595285,17,BAIXO,2025-05-03,2026-04-05 18:00:43.371636
418,1411998,"AQUISIÇÃO DE MATERIAL TÉCNICO HOSPITALAR PARA O HOSPITAL GERAL DE FORTALEZA ( BROCA, FRESA ACO INOX ADULTO, DIAMETRO 2.3 A 2.5MM, COMPRIMENTO 70MM +/-2MM, COMPRIMENTO DE CORTE 15MM +/-2MM, EMBALAGEM 1.0 UNIDADE)",SURGICALLMED COMERCIO LTDA,24200184,850000.0,8,-0.595211,17,BAIXO,2025-12-23,2026-04-05 18:00:43.371636
342,1412717,Aquisição de material de consumo (Barbante Sisal) por meio de adesão de Ata de Registro de preço nº 2025/35173 para atender as necessidades da Procuradoria Geral do Estado do Ceará.,K. N. B. DA SILVA,13000000,1304.0,339,-0.595096,17,BAIXO,2026-01-26,2026-04-05 18:00:43.371636
360,1412603,"Serviço de manutenção predial na E.E.M. ADAUTO BEZERRA, com serviços comum de engenharia para manutenção preventiva e corretiva
das instalações físicas predial do imóvel com fornecimento de mão de obra. CT 018/2026.",SALINAS EMPREENDIMENTOS E CONSTRUCOES LTDA ,22000000,38222842.0,365,-0.595075,17,BAIXO,2026-01-21,2026-04-05 18:00:43.371636
245,1412832,Aquisição de Material de Consumo de laboratório (Reagentes) para a realização dos exames de Triagem Neonatal (pezinho) período de 12 meses.,IMPORTEC IMPORTADORA CEARENSE LTDA,24200314,38154240.0,365,-0.595075,17,BAIXO,2026-02-13,2026-04-05 18:00:43.371636
340,1413252,"EXTRATOR DE GRAMPOS, ESPATULA,15 CM, ACO CROMADO, EMBALAGEM COM
IDENTIFICACAO DO PRODUTO, MARCA DO FABRICANTE, CARTELA 1.0 UNIDADE.
MARCA: MASTERPRINT",SUPRIMAX COMERCIAL LTDA,24200234,1305.0,339,-0.59497,17,BAIXO,2026-01-26,2026-04-05 18:00:43.371636
770,1409009,"Aquisições de medicamentos para atender as necessidades do HEMOCE, através de entrega imediata, OC 103095/2025, ARP 2025/15552, PE 0090/2025.",BELIEVE FARMA COMERCIO DE MEDICAMENTOS E MATERIAIS HOSPITALARES LTDA,24200424,1407.0,36,-0.594926,17,BAIXO,2025-11-25,2026-04-05 18:00:43.371636
345,1412754,RECURSO DESTINADO A AQUISIÇÃO DE MATERIAL DE LIMPEZA CONFORME ATA Nº 2025/32316 PARA HSJ,MARCELO R DOS SANTOS - ME,24200224,1320.0,339,-0.59481,17,BAIXO,2026-01-26,2026-04-05 18:00:43.371636
455,1412463,aquisição de material de consumo/limpeza - panos de chão e flanelas,EB DISTRIBUIDORA LTDA,46200009,1500.0,380,-0.594772,17,BAIXO,2025-12-16,2026-04-05 18:00:43.371636
1628,1384505,"AQUISIÇÃO DE MEDICAMENTO: SAIS PARA REIDRATACAO ORAL, GLICOSE, CLORETO DE SODIO, CLORETO DE POTASSIO, CITRATO DE SODIO DI-HIDRATADO, 27,9G, PO. PARA ATENDER A PROGRAMAÇÃO PACTUADA INTEGRADA - PPI",T S COMERCIAL DE MEDICAMENTOS E REPRESENTACAO LTDA,24200004,16216848.0,141,-0.59476,17,BAIXO,2025-08-12,2026-04-05 18:00:43.371636
854,1407976,"Aquisição de medicamentos para atender a necessidade do HEMOCE, através de entrega imediata, OC 100780/2025, ARP 2025/15674, PE 104/2025.",UNIAO QUIMICA FARMACEUTICA NACIONAL S A,24200424,1345.0,43,-0.594566,17,BAIXO,2025-11-18,2026-04-05 18:00:43.371636
677,1409605,"Prestação de serviços, por Centros de Formação de Condutores (CFC), referentes à realização de Cursos de Formação Teórico-Técnico e Prática de Direção Veicular, visando a formação e capacitação de candidatos à obtenção da primeira habilitação no âmbito do programa CNH Popular.",CENTRO DE FORMACAO DE CONDUTORES PINHEIRO LTDA ME,08200003,4159805.0,33,-0.594532,16,BAIXO,2025-11-28,2026-04-05 18:00:43.371636
366,1412526,Aquisição de material de consumo (Desentupidor sanitário) por meio de adesão de Ata de Registro de preço nº 2025/06402 para atender as necessidades da Procuradoria Geral do Estado do Ceará.,N MAYARA DO CARMO DE OLIVEIRA ME,13000000,1308.0,344,-0.594509,16,BAIXO,2026-01-21,2026-04-05 18:00:43.371636
25,1422075,"INSULINA GLARGINA, 100UI/ML, SOLUCAO INJETAVEL, CARPULE 3ML + SISTEMA OU CANETA DE APLICACAO",SANOFI MEDLEY FARMACEUTICA LTDA,24200004,25276384.0,282,-0.594505,16,BAIXO,2026-03-24,2026-04-05 18:00:43.371636
1114,1402091,AQUISIÇÃO - SERVIÇOS DE TERCEIROS - TÉCNICOS PROFISSIONAIS- EM FAVOR DA EEFM PREFEITO ANTONIO CONSERVA FEITOSA - JUAZEIRO DO NORTE - CREDE 19,SANTOS SERVICOS CONTABEIS LTDA,22000000,1300.0,364,-0.594435,16,BAIXO,2025-10-23,2026-04-05 18:00:43.371636
2192,1372043,Aquisição de serviços de terceiros - serviços técnicos profissionais - EEMTI LICEU DO CONJUNTO CEARÁ - SEFOR 3,SANTOS SERVICOS CONTABEIS LTDA,22000000,1300.0,364,-0.594435,16,BAIXO,2025-05-20,2026-04-05 18:00:43.371636
338,1412760,"AQUISIÇÃO DE MEDICAMENTO PARA ESTE CEO-CENTRO, CONFORME ORDEM DE COMPRAS Nº 01111/2026 E ATA Nº 2025/00241",FARMACE IND QUIMICO FARM CEARENSE       ,24200334,1318.0,338,-0.5943,16,BAIXO,2026-01-27,2026-04-05 18:00:43.371636
2108,1374628,"Aquisição de medicamentos para atender as necessidades do HEMOCE, através de entrega imediata, OC 44654/2025, ATA 2024/21291, PE 0043/2024.",INOVAMED HOSPITALAR LTDA,24200424,1098.0,213,-0.594298,16,BAIXO,2025-06-01,2026-04-05 18:00:43.371636
1663,1383555,"AQUISIÇÃO DE MEDICAMENTO: CLOMIPRAMINA, CLORIDRATO, 25MG, COMPRIMIDO REVESTIDO. PARA ATENDER A PROGRAMAÇÃO PACTUADA INTEGRADA - PPI",SANTA BRANCA DISTRIBUIDORA DE MEDICAMENTOS LTDA - EPP,24200004,15694754.0,146,-0.594233,16,BAIXO,2025-08-07,2026-04-05 18:00:43.371636
1254,1396250,Aquisição de detergentes com entrega imediata para atender a SEDUC. EMPRESA BRILHARES PRODUTOS DE LIMPEZA LTDA.,BRILHARES PRODUTOS DE LIMPEZA LTDA ,22000000,1170.0,86,-0.594116,16,BAIXO,2025-10-06,2026-04-05 18:00:43.371636
1365,1391996,"Serviço de Atualização de versão anual (UPGRADE) de 04 (quatro) licenças (Enterprise) já existentes para utilização da ferramenta SCRIPTCASE, para elaboração dos sistemas desenvolvidos pela COTIC, para serem utilizados pelo CPRAIO, BPCHOQUE e COTIC.",NETMAKE SOLUCOES EM INFORMATICA LTDA,10100003,655128.0,1096,-0.594109,16,BAIXO,2025-09-19,2026-04-05 18:00:43.371636
2157,1372795,Aquisição de Material de limpeza e produção de higienização - INSTITUTO DE EDUCAÇÃO DO CEARÁ - SEFOR 3,GMS JAMPA DISTRIBUIDORA LTDA,22000000,1110.0,219,-0.594106,16,BAIXO,2025-05-26,2026-04-05 18:00:43.371636
691,1409934,"Prestação de serviços, por Centros de Formação de Condutores (CFC), referentes à realização de Cursos de Formação Teórico-Técnico e Prática de Direção Veicular, visando a formação e capacitação de candidatos à obtenção da primeira habilitação no âmbito do programa CNH Popular.",C F C CENTRO DE FORMACAO DE CONDUTORES CARIRI LTDA ,08200003,4013089.0,33,-0.59394,16,BAIXO,2025-11-28,2026-04-05 18:00:43.371636
1225,1397238,"AQUISIÇÃO DE MATERIAL MÉDICO HOSPITALAR, (CLIP, NASAL, USO EM EXAME DE ESPIROMETRIA) PARA O HOSPITAL GERAL DE FORTALEZA-HGF/SESA.",POSTERARI ASSESSORIA TECNICA EIRELI,24200184,1160.0,83,-0.593911,16,BAIXO,2025-10-09,2026-04-05 18:00:43.371636
1214,1397904,"ARP de registro de preços Nº 186952024, Pregão eletrônico 11472024, que tem como objeto aquisição - GÊNEROS DE ALIMENTAÇÃO",ART MEDICA COM E REP PROD HOST LTDA,24200204,9862000.0,82,-0.593883,16,BAIXO,2025-10-10,2026-04-05 18:00:43.371636
732,1409773,AQUISIÇÃO DE MATERIAL LABORATORIAL,FIRSTLAB INDUSTRIA IMPORTACAO E EXPORTACAO DE PRODUTOS PARA LABORATORIOS LTDA,10100013,1560.0,34,-0.593825,16,BAIXO,2025-11-27,2026-04-05 18:00:43.371636
226,1415531,AQUISIÇÃO DE MATERIAL DE CONSUMO PARA ATENDER AS NECESSIDADES DA COADS / BATURITÉ,BRILHARES PRODUTOS DE LIMPEZA LTDA ,24200004,1110.0,314,-0.593685,16,BAIXO,2026-02-20,2026-04-05 18:00:43.371636
210,1416052,"Contratação de consultoria relacionada à ampliação dos canais de transparência, participação e controle social do Governo do Estado do Ceará.",INSTITUTO PUBLIX PARA O DESENVOLVIMENTO DA GESTÃO PÚBLICA,46000000,9640000.0,546,-0.593683,16,BAIXO,2026-02-23,2026-04-05 18:00:43.371636
1399,1392056,"FRALDA, DESCARTAVEL GERIATRICA M, PESO USUARIO DE 40 A 70KG/FRALDA, DESCARTAVEL GERIATRICA, EG, USUARIO ACIMA DE 90KG. Solicitação de compra de material médico hospitalar para a Rede Hospitalar/SESA",LOG DISTRIBUIDORA DE PRODUTOS HOSPITALAR E HIGIENE PESSOAL LTDA,24200004,12140832.0,106,-0.593609,16,BAIXO,2025-09-16,2026-04-05 18:00:43.371636
114,1418140,"REGISTRO DE PREÇOS, MATERIAL DE CONSUMO- LIMPEZA (MOPS)",GMS JAMPA DISTRIBUIDORA LTDA,56200007,1124.0,300,-0.593548,16,BAIXO,2026-03-06,2026-04-05 18:00:43.371636
844,1407668,AQUISIÇÃO DE MATERIAL DE CONSUMO PARA ATENDER AS NECESSIDADES DA COADS / TIANGUÁ,FG COMERCIO TENDTUDO LTDA,24200004,1401.0,43,-0.593526,16,BAIXO,2025-11-18,2026-04-05 18:00:43.371636
845,1407926,AQUISIÇÃO DE MATERIAL DE CONSUMO PARA ATENDER AS NECESSIDADES DA COADS / CAMOCIM,FG COMERCIO TENDTUDO LTDA,24200004,1401.0,43,-0.593526,16,BAIXO,2025-11-18,2026-04-05 18:00:43.371636
67,1423070,"Material de expediente (lápis, grafite hb) - EEMTI RENATO BRAGA - SEFOR 2",GMS JAMPA DISTRIBUIDORA LTDA,22000000,1110.0,290,-0.593386,16,BAIXO,2026-03-16,2026-04-05 18:00:43.371636
2263,1369608,"AQUISIÇÃO DE MEDICAMENTO: CONTRASTE RADIOLOGICO, 300MG I/ML DE IODO, NAO IONICO DE BAIXA OSMOLALIDADE, FRASCO 100ML, SOLUCAO INJETAVEL, PARA ATENDER A REDE HOSPITALAR/SESA",GE HEALTHCARE DO BRASIL COMÉRCIO E SERVIÇOS PARA EQUIPAMENTOS MÉDICO-HOSPITALARES LTDA,24200004,22564125.0,237,-0.593325,16,BAIXO,2025-05-08,2026-04-05 18:00:43.371636
1233,1396984,AQUISIÇÃO DE MATERIAL ELETRICO E ELETRÔNICO EM FAVOR DA EEMTI VEREADORA EDIMAR MARTINS DA CUNHA PARA O ANO DE 2025 - ITAPIUNA - CREDE 8,FRANCISCO MATEUS DA ROCHA DO NASCIMENTO 27634641812,22000000,1200.0,84,-0.593267,16,BAIXO,2025-10-08,2026-04-05 18:00:43.371636
1951,1378995,PROCEDENTE DA ATA DE REGISTRO DE PREÇO Nº 2025/13203  INSTRUMENTO CONVOCATÓRIO Nº 2025/0151  ORDEM DE COMPRA Nº 51949/2025 CUJO OBJETO E AQUISIÇÃO DE  MEDICAMENTOS MEDICO HOSPITALAR E AMBULATORIAL PARA ATENDER AS NECESSIDADES DO HGCC.,EMMARKA DISTRIBUIDORADE MEDICAMENTOS LTDA,24200194,1070.0,190,-0.593182,16,BAIXO,2025-06-24,2026-04-05 18:00:43.371636
538,1410926,Aquisição de material de consumo (LIMPEZA) para atender a demanda da COADS TAUÁ,K. N. B. DA SILVA,24200004,1581.0,26,-0.593118,15,BAIXO,2025-12-05,2026-04-05 18:00:43.371636
1482,1389184,Aquisição de material de consumo (PILHA) para atender a demanda da COADS MARACANAÚ.,SERVSUPR SERVICOS ADMINISTRATIVOS LTDA,24200004,1136.0,120,-0.593107,15,BAIXO,2025-09-02,2026-04-05 18:00:43.371636
1274,1395366,"Contratação de empresa para a prestação de serviços de organização, elaboração e execução do concurso público de provas e títulos para o provimento de 09(nove) empregos públicos de Analista de Políticas Públicas, nas seguintes  áreas de conhecimento: Estudo de Gestão Pública, Geoprocessamento e Estudos Territoriais, Métodos Quantitativos; Computação e Ciência de Dados, bem como formar cadastro de reserva, que venham a ser criados dentro do período de vigência do concurso.",INSTITUTO AVALIA DE INOVACAO EM AVALIACAO E SELECAO,46200003,2390000.0,730,-0.593026,15,BAIXO,2025-10-02,2026-04-05 18:00:43.371636
1191,1398687,RECURSO DESTINADO A AQUISIÇÃO DE MEDICAMENTO CONFORME ATA Nº 2024/09661 PARA HSJ,SANTA BRANCA DISTRIBUIDORA DE MEDICAMENTOS LTDA - EPP,24200224,1200.0,78,-0.592922,15,BAIXO,2025-10-14,2026-04-05 18:00:43.371636
275,1413841,"IMUNOGLOBULINA DE COELHO ANTITIMOCITOS HUMANOS, 25MG, PO LIOFILIZADO PARA SOLUCAO INJETAVEL, FRASCO AMPOLA. PARA ATENDER A UNIDADES DE SAÚDE DO ESTADO DO CEARÁ/SESA",ELFA MEDICAMENTOS S.A.,24200004,28963494.0,325,-0.592842,15,BAIXO,2026-02-09,2026-04-05 18:00:43.371636
2295,1368993,"AQUISIÇÃO DE GILTERITINIBE HEMIFUMARATO, 40MG, COMPRIMIDO REVESTIDO PARA ATENDER DEMANDAS JUDICIAIS.",ELFA MEDICAMENTOS S.A.,24200004,22327536.0,240,-0.592754,15,BAIXO,2025-05-05,2026-04-05 18:00:43.371636
756,1409031,"Prestação de serviços, por Centros de Formação de Condutores (CFC), referentes à realização de Cursos de Formação Teórico-Técnico e Prática de Direção Veicular, visando a formação e capacitação de candidatos à obtenção da primeira habilitação no âmbito do programa CNH Popular.",CENTRO DE FORMACAO DE CONDUTORES ARAGAO LTDA - ME,08200003,4221814.0,35,-0.592747,15,BAIXO,2025-11-26,2026-04-05 18:00:43.371636
2494,1365279,AQUISIÇÃO DE MATERIAL HOSPITALAR PARA CSASR/PMCE. MAPP 62,LAF MED DISTRIBUIDORA DE MEDICAMENTOS E MATERIAIS HOSPITALARES LTDA - EPP,10200008,1069.0,267,-0.592704,15,BAIXO,2025-04-08,2026-04-05 18:00:43.371636
2418,1366876,"1.1. Este contrato tem por objeto a prestação pela DISTRIBUIDORA do serviço público de
distribuição de energia elétrica ao CONSUMIDOR.
1.2. Este contrato contém as principais condições da prestação e utilização do serviço, sem
prejuízo do contido nas Regras de Prestação do Serviço Público de Distribuição de Energia
Elétrica e demais regulamentos expedidos pela Agência Nacional de Energia Elétrica ¿
ANEEL",COMPANHIA ENERGETICA DO CEARA COELCE,27000000,37775664.0,365,-0.59269,15,BAIXO,2025-04-16,2026-04-05 18:00:43.371636
1748,1383823,"ADESÃO PROCEDENTE DA ATA DE REGISTRO DE PREÇO Nº 2024/33287, INSTRUMENTO CONVOCATÓRIO Nº 2023/2046, ORDEM DE COMPRA Nº 62852/2025, CUJO OBJETO É AQUISIÇÃO DE MATERIAL MÉDICO HOSPITALAR E AMBULATORIAL PARA ATENDER AS NECESSIDADES DO HGCC.",HOLLISTER DO BRASIL LTDA,24200194,1104.0,154,-0.592631,15,BAIXO,2025-07-30,2026-04-05 18:00:43.371636
115,1418242,"CONTRASTE RADIOLOGICO, 300MG I/ML DE IODO, NAO IONICO DE BAIXA OSMOLALIDADE, FRASCO 100ML. PARA ATENDER A UNIDADES DE SAÚDE DO ESTADO DO CEARÁ/SESA",GE HEALTHCARE DO BRASIL COMÉRCIO E SERVIÇOS PARA EQUIPAMENTOS MÉDICO-HOSPITALARES LTDA,24200004,24602175.0,300,-0.592476,15,BAIXO,2026-03-06,2026-04-05 18:00:43.371636
1740,1382265,Contratação de empresa para prestação de serviços contínuos a serem executados com dedicação exclusiva de mão de obra terceirizada na área de transporte na categoria de motorista de veículo de 01 a 09 lugares regidos pela Consolidação da Leis Trabalhistas (CLT).,PRIORIDADE SERVICOS TERCEIRIZADOS LTDA,59000000,37704899.0,365,-0.592448,15,BAIXO,2025-07-30,2026-04-05 18:00:43.371636
1532,1387462,"IMUNOGLOBULINA DE COELHO ANTITIMOCITOS HUMANOS, 25MG, PO LIOFILIZADO PARA SOLUCAO INJETAVEL, FRASCO AMPOLA, UNIDADE 1.0 FRASCO / AMPOLA. MARCA: THYMOGLOBULINE, Solicitação de compra de medicamento para a Rede Hospitalar/SESA.",ELFA MEDICAMENTOS S.A.,24200004,13179156.0,127,-0.59244,15,BAIXO,2025-08-26,2026-04-05 18:00:43.371636
594,1410124,"Prestação de serviços, por Centros de Formação de Condutores (CFC), referentes à realização de Cursos de Formação Teórico-Técnico e Prática de Direção Veicular, visando a formação e capacitação de candidatos à obtenção da primeira habilitação no âmbito do programa CNH Popular.",CENTRO DE FORMACAO DE CONDUTORES RENASCER LTDA,08200003,3272122.0,28,-0.592409,15,BAIXO,2025-12-03,2026-04-05 18:00:43.371636
875,1406670,"AQUISIÇÃO DE MATERIAL MEDICO HOSPITALAR PARA ESTE CEO-CENTRO, CONFORME ORDEM DE COMPRAS Nº 98262/2025 E ATA Nº 2024/33496",DESTIMED DISTRIBUIDORA DE MEDICAMENTOS E MATERIAL HOSPITALAR LTDA,24200334,1273.0,48,-0.592323,15,BAIXO,2025-11-13,2026-04-05 18:00:43.371636
2212,1370879,Aquisição de Material de Consumo ( Papelaria ),GRAFICA PLANET COMERCIO E IMPRESSAO LTDA,31200006,1100.0,230,-0.5923,15,BAIXO,2025-05-15,2026-04-05 18:00:43.371636
188,1416132,AQUISIÇÃO DE MATERIAL DE CONSUMO (LIMPEZA E HIGIENIZAÇÃO),BRILHARES PRODUTOS DE LIMPEZA LTDA ,10100009,1110.0,309,-0.592259,15,BAIXO,2026-02-25,2026-04-05 18:00:43.371636
913,1406566,"RECURSO DESTINADO A AQUISIÇÃO DE MEDICAMENTOS PARA HSJ, REFERENTE ATA  REGISTRO DE PREÇO 2025/14526, PREGÃO 2025/0114",PFIZER BRASIL LTDA,24200224,5882751.0,49,-0.592232,15,BAIXO,2025-11-12,2026-04-05 18:00:43.371636
897,1409797,Aquisição de material médico hospitalar por meio da ATA N° 2025/00253 para atender as necessidades do HCASG.,BIOSAUDE PRODUTOS HOSPITALARES LTDA,24200214,5921554.0,49,-0.592232,15,BAIXO,2025-11-12,2026-04-05 18:00:43.371636
1276,1395399,Aquisições de Material de Consumo - Limpeza e Higiene,GMS JAMPA DISTRIBUIDORA LTDA,31200006,1290.0,90,-0.592209,15,BAIXO,2025-10-02,2026-04-05 18:00:43.371636
306,1418611,"Aquisição de barbante natural de sisal, dimensão 50m, rolo de aproximadamente 850gr, com 50 fios, embalagem com identificação do produto, marca do fabricante, fornecimento de 01 rolo.",K. N. B. DA SILVA,08200007,1304.0,331,-0.592179,15,BAIXO,2026-02-03,2026-04-05 18:00:43.371636
1374,1392422,Aquisição de Material de Consumo - Material de Higienização - Guardanapos.,GMS JAMPA DISTRIBUIDORA LTDA,31200006,1290.0,104,-0.592147,15,BAIXO,2025-09-18,2026-04-05 18:00:43.371636
267,1414229,"ATA de registro de preços Nº 2025/00326, Pregão eletrônico  20250620, que tem como objeto aquisição - MATERIAL FARMACOLÓGICO",BELIEVE FARMA COMERCIO DE MEDICAMENTOS E MATERIAIS HOSPITALARES LTDA,24200204,1140.0,323,-0.592112,15,BAIXO,2026-02-11,2026-04-05 18:00:43.371636
2499,1364870,"Aquisições de Material de Consumo - Limpeza e Higiene , cujas especificações e quantitativos encontram-se detalhados no Anexo I ¿ Termo de Referência do edital de PREGÃO ELETRÔNICO Nº 20240003/SEPLAG ( GUARDANAPO)",GMS JAMPA DISTRIBUIDORA LTDA,47100004,1075.0,268,-0.592081,15,BAIXO,2025-04-07,2026-04-05 18:00:43.371636
834,1407965,AQUISIÇÃO DE MATERIAL DE LIMPEZA(DIVERSOS) PARA ATENDER AS NECESSIDADES DA SESA NÍVEL CENTRAL,7SET COMERCIO E SERVICOS LTDA,24200004,1444.0,42,-0.592051,15,BAIXO,2025-11-19,2026-04-05 18:00:43.371636
2202,1371778,MATERIAL DE PROCESSAMENTO DE DADOS - EEEP PRESIDENTE MÉDICI - CAMPOS SALES - CREDE 18,DAMIÃO HONORIO DE LIMA JUNIOR 03348195390,22000000,1125.0,225,-0.592022,14,BAIXO,2025-05-20,2026-04-05 18:00:43.371636
1034,1403395,"ATA de registro de preços Nº 2023/15892, Pregão eletrônico 20231053, que tem como objeto aquisição - MATERIAL FARMACOLÓGICO",COMERCIAL CIRURGICA RIOCLARENSE LTDA,24200204,1137.0,62,-0.592003,14,BAIXO,2025-10-30,2026-04-05 18:00:43.371636
523,1411327,"Prestação de serviços, por clínica especializada, referente à realização de exames de aptidão física e mental e avaliações psicológicas, bem como perícias médicas especiais, visando a formação e capacitação de candidatos à obtenção da primeira habilitação no âmbito do programa CNH Popular.",RENOVE CARIRI INSTITUTO DE MEDICINA E PSICOLOGIA LTDA,08200003,1738.0,25,-0.591965,14,BAIXO,2025-12-06,2026-04-05 18:00:43.371636
712,1409186,"Prestação de serviços, por Centros de Formação de Condutores (CFC), referentes à realização de Cursos de Formação Teórico-Técnico e Prática de Direção Veicular, visando a formação e capacitação de candidatos à obtenção da primeira habilitação no âmbito do programa CNH Popular.",CENTRO DE FORMACAO DE CONDUTORES FRANCO LTDA ME,08200003,4091889.0,34,-0.591945,14,BAIXO,2025-11-27,2026-04-05 18:00:43.371636
969,1405814,PROCEDENTE DA ATA DE REGISTRO DE PREÇO  nº 2025/05017  INSTRUMENTO CONVOCATÓRIO Nº 2024/1620  ORDEM DE COMPRA Nº 95792/2025 CUJO OBJETO E AQUISIÇÃO DE MEDICAMENTOS MEDICO E AMBULATORIAL PARA ATENDER AS NECESSIDADES DO HGCC.,BIOLAB SANUS FARMACEUTICA LTDA,24200194,1210.0,55,-0.591918,14,BAIXO,2025-11-06,2026-04-05 18:00:43.371636
2018,1377011,ATA DE REGISTRO DE PREÇO Nº 29404/2025 EM FAVOR DA EEMTI EDITE ALCÂNTARA MOTA - SAO GONCALO DO AMARANTE - CREDE 02,PRISMA DISTRIBUIDORA DE PAPEIS LTDA,22000000,1385.0,364,-0.591879,14,BAIXO,2025-06-16,2026-04-05 18:00:43.371636
1666,1383237,"AQUISIÇÃO DE BELIMUMABE, PO LIOFILIZADO PARA SOLUCAO INJETAVEL, 400MG PARA ATENDER DEMANDAS JUDICIAIS.",T S COMERCIAL DE MEDICAMENTOS E REPRESENTACAO LTDA,24200004,15092118.0,147,-0.5917,14,BAIXO,2025-08-06,2026-04-05 18:00:43.371636
221,1416171,"AQUISIÇÃO DE MATERIAL DE LIMPEZA E PRODUÇÃO DE HIGIENIZAÇÃO, ( RODO, BASE MINIMO 40CM, UMA LAMINA BORRACHA PRETA, CABO 1,20 M, EM METAL REVESTIDO EM PLASTICO, PONTEIRA PLASTICA ROSQUEAVEL, ROTULO OUCORPO GRAVADO COM IDENTIFICACAO DO PRODUTO E MARCA DO FABRICANTE,AVULSO 1.0 UNIDADE. MARCA: FORTLEVES) PARA O HOSPITAL GERAL DE FORTALEZA-HGF/SESA.",WELLINGTON IZIDIO DE OLIVEIRA,24200184,1175.0,314,-0.591656,14,BAIXO,2026-02-20,2026-04-05 18:00:43.371636
1406,1391630,"AQUISIÇÃO DE MATERIAL FARMACOLÓGICO, (CLONAZEPAM, 2MG, COMPRIMIDO) PARA O HOSPITAL GERAL DE FORTALEZA - HGF/SESA.",SANTA BRANCA DISTRIBUIDORA DE MEDICAMENTOS LTDA - EPP,24200184,1320.0,107,-0.591609,14,BAIXO,2025-09-15,2026-04-05 18:00:43.371636
1746,1382289,"AQUISIÇÃO DE MATERIAL MÉDICO HOSPITALAR, (GEL, PHMB, COMPOSTO DE AGENTE SURFACTANTE, EMOLIENTE, POLIHEXANIDA ENTRE 0,1 A 0,2% E AGUA PURIFICADA PARA LIMPEZA, DESCONTAMINACAO E DESBRIDAMENTO DE LESOES, ESTERIL) PARA O HOSPITAL GERAL DE FORTALEZA-HGF/SESA.",L.M. FARMA INDUSTRIA E COMERCIO LTDA,24200184,1113.0,154,-0.591588,14,BAIXO,2025-07-30,2026-04-05 18:00:43.371636
66,1420246,"Aquisições de material médico hospitalar para atender a necessidade do HEMOCE, através de entrega imediata, OC 19067/2026, ARP 2026/06653, PE 622/2025.",NUTRIENTES MED DISTRIBUIDORA DE MEDICAMENTOS LTDA - ME,24200424,1134.0,290,-0.591559,14,BAIXO,2026-03-16,2026-04-05 18:00:43.371636
805,1408464,"AQUISIÇÃO DE MEDICAMENTO: RISPERIDONA, 1MG/ML, SOLUCAO ORAL, FRASCO 30ML. PARA ATENDER A PROGRAMAÇÃO PACTUADA INTEGRADA - PPI",EMMARKA DISTRIBUIDORADE MEDICAMENTOS LTDA,24200004,4367080.0,37,-0.591556,14,BAIXO,2025-11-24,2026-04-05 18:00:43.371636
1383,1392227,"AQUISIÇÃO DE RIBOCICLIB, DE SUCCINATO DE 254,40M, EQUIVALENTE A 200 MG RIBOCICLIBE, COMPRIMIDO REVESTIDO PARA ATENDER DEMANDAS JUDICIAIS.",ONCOEXO DISTRIBUIDORA DE MEDICAMENTOS LTDA,24200004,12027204.0,105,-0.591543,14,BAIXO,2025-09-17,2026-04-05 18:00:43.371636
730,1409305,"Prestação de serviços, por Centros de Formação de Condutores (CFC), referentes à realização de Cursos de Formação Teórico-Técnico e Prática de Direção Veicular, visando a formação e capacitação de candidatos à obtenção da primeira habilitação no âmbito do programa CNH Popular.",CENTRO DE FORMACAO DE CONDUTORES NOVO SENTIDO LTDA ME,08200003,4026502.0,34,-0.591515,14,BAIXO,2025-11-27,2026-04-05 18:00:43.371636
725,1409066,"AQUISIÇÃO DE MEDICAMENTO: AMITRIPTILINA, CLORIDRATO, 25 MG, COMPRIMIDO SIMPLES OU REVESTIDO  -  CLARITROMICINA, 500MG, COMPRIMIDO REVESTIDO. PARA ATENDER A PROGRAMAÇÃO PACTUADA INTEGRADA - PPI",T S COMERCIAL DE MEDICAMENTOS E REPRESENTACAO LTDA,24200004,4057823.0,34,-0.591515,14,BAIXO,2025-11-27,2026-04-05 18:00:43.371636
2187,1372063,"AQUISIÇÃO DE FRALDA, DESCARTÁVEL GERIÁTRICA M, PESO USUÁRIO DE 40 A 70KG, AVULSO, FRALDA, DESCARTÁVEL GERIÁTRICA, EG, USUÁRIO ACIMA DE 90KG, AVULSO. PARA ATENDER A UNIDADES DE SAÚDE DO ESTADO.",LOG DISTRIBUIDORA DE PRODUTOS HOSPITALAR E HIGIENE PESSOAL LTDA,24200004,22513804.0,224,-0.591481,14,BAIXO,2025-05-21,2026-04-05 18:00:43.371636
1124,1401143,"Contratualização da ATA 2024/12488, por 06 (seis) meses, no valor de R$ 185.958,15, para atender as necessidades do HCASG.",PRLV INDÚSTRIA DE SUPLEMENTOS ALIMENTARES LTDA,24200214,18595815.0,182,-0.591454,14,BAIXO,2025-10-22,2026-04-05 18:00:43.371636
1030,1404824,SERVICO DE CONSULTORIA - ASSESSORIA CONTABIL - EEFM MICHELSON NOBRE DA SILVA - (SEFOR 3),ACE ASSESSORIA CONTABIL LTDA,22000000,1300.0,365,-0.591402,14,BAIXO,2025-10-30,2026-04-05 18:00:43.371636
1664,1383819,AQUISIÇÃO - SERVIÇOS DE TERCEIROS TÉCNICOS PROFISSIONAIS - SERVIÇOS DE CONTABILIDADE em favor da EEM ADAUTO BEZERRA - COORDENADORIA REGIONAL DE DESENVOLVIMENTO DA EDUCAÇÃO (CREDE 19 - JUAZEIRO DO NORTE),ACE ASSESSORIA CONTABIL LTDA,22000000,1300.0,365,-0.591402,14,BAIXO,2025-08-06,2026-04-05 18:00:43.371636
1401,1393391,SERVIÇOS DE TERCEIROS - SERVIÇO TECNICOS  PROFISSIONAIS - EEMTI LÍDIA BEZERRA - SABOEIRO - CREDE 18,ACE ASSESSORIA CONTABIL LTDA,22000000,1300.0,365,-0.591402,14,BAIXO,2025-09-16,2026-04-05 18:00:43.371636
2095,1374135,CONTABILIDADE - EEMTI IRMÃO URBANO GONZALEZ RODRIGUEZ - SEFOR 3,ACE ASSESSORIA CONTABIL LTDA,22000000,1300.0,365,-0.591402,14,BAIXO,2025-06-02,2026-04-05 18:00:43.371636
73,1420500,EXECUÇÃO DE SERVIÇO DE CONSULTORIA CONTÁBIL EM FAVOR DA EEEP SALABERGA TORQUATO GOMES DE MATOS - MARANGUAPE - CREDE 1,SANTOS SERVICOS CONTABEIS LTDA,22000000,1300.0,365,-0.591402,14,BAIXO,2026-03-13,2026-04-05 18:00:43.371636
1057,1403334,"AQUISIÇÃO DE MATERIAL LABORATORIAL, (PAPEL DE FILTRO, TIPO 10 QUALITATIVO, 24CM OU 25CM) PARA O HOSPITAL GERAL DE FORTALEZA-HGF/SESA.",PHELLIPE DE PAULA DOS SANTOS BARBOSA - MATERIAIS,24200184,1134.0,63,-0.59135,14,BAIXO,2025-10-29,2026-04-05 18:00:43.371636
880,1406863,"AQUISIÇÃO DE MATERIAL MÉDICO HOSPITALAR, (CREME, BARREIRA, MINIMO 25G, PROTECAO LONGA DURACAO CONTRA FLUIDOS CORPORAIS E UMIDADE, ACRILATO AGUA E UMECTANTES, FORMADORA DE PELICULA UNIFORME) PARA O HOSPITAL GERAL DE FORTALEZA-HGF/SESA.",MEDBRANDS COMERCIO E DISTRIBUIDORA LTDA,24200184,1350.0,48,-0.591269,14,BAIXO,2025-11-13,2026-04-05 18:00:43.371636
1461,1389718,material de limpeza e produção de higienização - CENTRO CEARENSE DE IDIOMAS - UNIDADE HORIZONTE - CREDE 9 -,F C SOARES E SILVA - ME,22000000,1200.0,118,-0.591256,14,BAIXO,2025-09-04,2026-04-05 18:00:43.371636
2404,1366912,"OMALIZUMABE, SOLUCAO INJETAVEL, 150MG, SERINGA PREENCHIDA, UNIDADE 1.0 SERINGA PREENCHIDA.",ONCOEXO DISTRIBUIDORA DE MEDICAMENTOS LTDA,24200004,22097856.0,253,-0.591255,13,BAIXO,2025-04-22,2026-04-05 18:00:43.371636
588,1410510,"AQUISIÇÃO DE GOSSERRELINA (ACETATO), 10,8MG, SOLUCAO INJETAVEL, SERINGA PREENCHIDA, UNIDADE 1.0 SERINGA PREENCHIDA. MARCA: ASTRAZENECA/ZOLADEX - Solicitação de compra de medicamento para atender à demanda do Componente Especializado da Assistência Farmacêutica (CEAF)",ASTRAZENECA DO BRASIL LTDA,24200004,3053388.0,27,-0.591119,13,BAIXO,2025-12-04,2026-04-05 18:00:43.371636
1629,1384583,"SOLUCAO, BOLSA 1000ML, PRESERVACAO DE MULTIPLOS ORGAOS E PROTECAO MIOCARDICA, HISTIDINA, TRIPTOFANO E ALFACETOGLUTARATO, Solicitação de compra de medicamento para a Rede Hospitalar/SESA",CONTATI COMERCIO REPRESENTACAO LTDA,24200004,14456736.0,141,-0.591,13,BAIXO,2025-08-12,2026-04-05 18:00:43.371636
1596,1385323,"Trata-se do credenciamento de prestadores de serviços de saúde de forma complementar ao Sistema Único de Saúde (SUS), para a realização de cirurgias eletivas em oftalmologia para atender os usuários do Sistema Único de Saúde - SUS, tendo em vista a necessidade identificada pela Central de Regulação do Estado do Ceará, consoante com a necessidade da administração pública, atendendo as normas estabelecidas no edital e na Lei Federal nº 14.133/2021.",ASSOCIAÇAO ASSISTENCIAL VANIA QUEIROZ,24200004,37476786.0,365,-0.59092,13,BAIXO,2025-08-14,2026-04-05 18:00:43.371636
862,1406933,"AQUISIÇÃO DE MATERIAL MÉDICO HOSPITALAR, (TESOURA, JOSEPH CURVA, 14CM -15CM) PARA O HOSPITAL GERAL DE FORTALEZA-HGF/SESA.",RGN INSTRUMENTOS E EQUIPAMENTOS MEDICOS LTDA,24200184,1364.0,47,-0.590769,13,BAIXO,2025-11-14,2026-04-05 18:00:43.371636
745,1408990,"AQUISIÇÃO DE CISATRACURIO BESILATO, SOLUCAO INJETAVEL, 2MG/ML, AMPOLA OU FRASCO/AMPOLA 5ML PARA ATENDER ÀS DEMANDAS DAS UNIDADES HOSPITALARES E AMBULATORIAIS DA SESA",UNIAO QUIMICA FARMACEUTICA NACIONAL S A,24200004,4106765.0,35,-0.590757,13,BAIXO,2025-11-26,2026-04-05 18:00:43.371636
847,1411815,Aquisição de medicamentos por meio da ATA N° 2025/00184 para atender as necessidades do HCASG.,T S COMERCIAL DE MEDICAMENTOS E REPRESENTACAO LTDA,24200214,1440.0,43,-0.590733,13,BAIXO,2025-11-18,2026-04-05 18:00:43.371636
182,1416264,FERRAMENTAS E UTENSÍLIOS - EEM PADRE CORIOLANO - PACAJUS - CREDE 9,NT COMERCIO DE FERRAGENS E FERRAMENTAS LTDA,22000000,1160.0,309,-0.590635,13,BAIXO,2026-02-25,2026-04-05 18:00:43.371636
2229,1370473,"AQUISIÇÃO DE ERTAPENEM (SÓDICO), FRASCO/AMPOLA, 1G, PÓ LIOFILIZADO PARA SOLUÇÃO INJETÁVEL, PIPERACILINA SÓDICA + TAZOBACTAM SÓDICA, FRASCO/AMPOLA, 4G + 500MG, PO LIOFILIZADO PARA SOLUÇÃO INJETÁVEL. PARA ATENDER A UNIDADES DE SAÚDE DO ESTADO DO CEARA.",T S COMERCIAL DE MEDICAMENTOS E REPRESENTACAO LTDA,24200004,22135159.0,232,-0.590634,13,BAIXO,2025-05-13,2026-04-05 18:00:43.371636
1195,1398539,AQUISIÇÃO DE GÊNEROS ALIMENTÍCIOS PARA A FUNECE,PH & B COMERCIO E SERVICOS EIRELI -ME,31200001,37600345.0,365,-0.59052,13,BAIXO,2025-10-13,2026-04-05 18:00:43.371636
2051,1376033,SERVIÇOS DE TERCEIROS - TÉCNICOS PROFISSIONAIS - EEMTI PROFESSORA MARIA MARGARIDA DE CASTRO ALMEIDA - SEFOR 3,ACE ASSESSORIA CONTABIL LTDA,22000000,1350.0,365,-0.590515,13,BAIXO,2025-06-10,2026-04-05 18:00:43.371636
2293,1368938,"Aquisição de serviço técnico profissional, Serviço Contabil. EEEP LUCIA HELENA VIANA RIBEIRO - HORIZONTE - CREDE 9",ACE ASSESSORIA CONTABIL LTDA,22000000,1350.0,365,-0.590515,13,BAIXO,2025-05-05,2026-04-05 18:00:43.371636
513,1411138,Aquisição de material de consumo (EXPEDIENTE) para atender a demanda da COADS TAUÁ,SUPRIMAX COMERCIAL LTDA,24200004,1699.0,23,-0.590446,13,BAIXO,2025-12-08,2026-04-05 18:00:43.371636
660,1409665,AQUISIÇÃO DE VEÍCULOS SEMIBLINDADOS ATRAVÉS DE ADESÃO A ARP Nº 32/2025 DA SENASP E ORDEM DE COMPRA/SERVIÇO Nº 104123/2025 PARA ATENDER AS NECESSIDADES DA POLÍCIA CIVIL.,GENERAL MOTORS DO BRASIL LTDA ,10200007,35523000.0,364,-0.590438,13,BAIXO,2025-12-01,2026-04-05 18:00:43.371636
2209,1371396,SERVIÇOS TÉCNICOS PROFISSIONAIS (CONTABILIDADE) - EEEP PROFESSORA MARLY FERREIRA MARTINS - CAUCAIA - CREDE 1,ACE ASSESSORIA CONTABIL LTDA,22000000,1400.0,364,-0.590414,13,BAIXO,2025-05-16,2026-04-05 18:00:43.371636
106,1418771,AQUISIÇÃO DOS SERVIÇOS CONTABEIS - EEMTI VICENTE ARRUDA - CAUCAIA - CREDE 1,ANTONIA VEBEANE DE ALMEIDA CONTABILIDADE,22000000,1400.0,364,-0.590414,13,BAIXO,2026-03-09,2026-04-05 18:00:43.371636
278,1420235,Aquisição de material de consumo/expediente por meio da ATA N° 2026/00063 para atender as necessidades do HCASG.,FG COMERCIO TENDTUDO LTDA,24200214,1215.0,325,-0.59037,13,BAIXO,2026-02-09,2026-04-05 18:00:43.371636
276,1413897,MATERIAL DE CONSUMO EXPEDIENTE (ESCRITÓRIO FITA ADESIVA) PARA ATENDER AS NECESSIDADES DO SVO.,AMAR TRANSPORTES DE CARGAS E COMERCIO DE ARMARINHOS EM GERAL LTDA,24200004,1225.0,325,-0.59037,13,BAIXO,2026-02-09,2026-04-05 18:00:43.371636
723,1409444,"Prestação de serviços, por Centros de Formação de Condutores (CFC), referentes à realização de Cursos de Formação Teórico-Técnico e Prática de Direção Veicular, visando a formação e capacitação de candidatos à obtenção da primeira habilitação no âmbito do programa CNH Popular.",CENTRO DE FORMACAO DE CONDUTORES CLASSE AB JEAN LTDA,08200003,3992309.0,34,-0.590369,13,BAIXO,2025-11-27,2026-04-05 18:00:43.371636
1489,1393985,"CLORETO DE POTASSIO, 60MG/ML, SOLUCAO ORAL, FRASCO 100ML, UNIDADE 1.0 FRASCO. MARCA: PRATI DONAD",DROGAFONTE LTDA,24200234,1200.0,120,-0.590244,13,BAIXO,2025-09-02,2026-04-05 18:00:43.371636
19,1422563,Aquisição de Material de Consumo - Luvas,"LICITARE PRODUTOS, MATERIAIS E SERVIÇOS LTDA",46000000,1100.0,280,-0.590227,13,BAIXO,2026-03-26,2026-04-05 18:00:43.371636
43,1421639,AQUISIÇÃO DE MATERIAL DE CONSUMO PARA ATENDER AS NECESSIDADES DA COADS/CAMOCIM,FG COMERCIO TENDTUDO LTDA,24200004,1140.0,286,-0.590216,13,BAIXO,2026-03-20,2026-04-05 18:00:43.371636
39,1421348,AQUISIÇÃO DE MATERIAL DE CONSUMO PARA ATENDER AS NECESSIDADES DA COADS/CRATÉUS,FG COMERCIO TENDTUDO LTDA,24200004,1140.0,286,-0.590216,13,BAIXO,2026-03-20,2026-04-05 18:00:43.371636
38,1421603,AQUISIÇÃO DE MATERIAL DE CONSUMO PARA ATENDER AS NECESSIDADES DA COADS/TIANGUÁ,FG COMERCIO TENDTUDO LTDA,24200004,1140.0,286,-0.590216,13,BAIXO,2026-03-20,2026-04-05 18:00:43.371636
40,1421381,AQUISIÇÃO DE MATERIAL DE CONSUMO PARA ATENDER AS NECESSIDADES DA COADS/ACARAÚ,FG COMERCIO TENDTUDO LTDA,24200004,1140.0,286,-0.590216,13,BAIXO,2026-03-20,2026-04-05 18:00:43.371636
21,1422437,"TENECTEPLASE, 40MG, PO LIOFILIZADO PARA SOLUCAO INJETAVEL, TENECTEPLASE, 50MG, PO LIOFILIZADO PARA SOLUCAO INJETAVEL, PARA ATENDER A UNIDADES DE SAÚDE DO ESTADO DO CEARÁ/SESA",ONCO PROD DISTRIBUIDORA DE PRODUTOS HOSPITALARES E ONCOLOGICOS LTDA.,24200004,23208826.0,280,-0.590175,12,BAIXO,2026-03-26,2026-04-05 18:00:43.371636
1089,1402885,AQUISIÇÃO DE MEDICAMENTO,BELIEVE FARMA COMERCIO DE MEDICAMENTOS E MATERIAIS HOSPITALARES LTDA,10100013,1125.0,68,-0.590143,12,BAIXO,2025-10-24,2026-04-05 18:00:43.371636
676,1409740,"Prestação de serviços, por Centros de Formação de Condutores (CFC), referentes à realização de Cursos de Formação Teórico-Técnico e Prática de Direção Veicular, visando a formação e capacitação de candidatos à obtenção da primeira habilitação no âmbito do programa CNH Popular.",CENTRO DE FORMACAO DE CONDUTORES FERREIRA & FONTES LTDA,08200003,3887176.0,33,-0.59011,12,BAIXO,2025-11-28,2026-04-05 18:00:43.371636
1459,1389799,"AQUISIÇÃO DE BELIMUMABE, 120 MG, PO LIOFILIZADO PARA SOLUCAO INJETAVEL PARA ATENDER DEMANDAS JUDICIAIS.",T S COMERCIAL DE MEDICAMENTOS E REPRESENTACAO LTDA,24200004,12232836.0,118,-0.590068,12,BAIXO,2025-09-04,2026-04-05 18:00:43.371636
667,1409485,"Aquisição de MATERIAL DE CONSUMO LIMPEZA E PRODUÇÃO DE HIGIENIZAÇÃO, para atender as demandas da SRSUL/CARIRI",K. N. B. DA SILVA,24200004,1581.0,32,-0.590065,12,BAIXO,2025-11-29,2026-04-05 18:00:43.371636
631,1409900,"AQUISIÇÃO DE ALTEPLASE, 50MG, PO LIOFILIZADO PARA SOLUCAO INJETAVEL, FRASCO/AMPOLA +
DILUENTE 50ML PARA ATENDER À DEMANDA DAS UNIDADES HOSPITALARES E AMBULATORIAIS DA SESA",UNI HOSPITALAR CEARA LTDA-EPP,24200004,3329380.0,29,-0.590003,12,BAIXO,2025-12-02,2026-04-05 18:00:43.371636
137,1419760,MATERIAL DE EXPEDIENTE (PINCEL ATOMICO) - EEMTI INTEGRADA 2 DE MAIO - SEFOR 2,EMANUEL VICTOR SILVA COSTA,22000000,1200.0,302,-0.589976,12,BAIXO,2026-03-04,2026-04-05 18:00:43.371636
1246,1398132,CONTRATAÇÃO DE SERVIÇOS TÉCNICOS PROFISSIONAIS (CONTABILIDADE) - EEMTI LIONS JANGADA - (SEFOR 1),ANTONIA VEBEANE DE ALMEIDA CONTABILIDADE,22000000,1370.0,365,-0.589916,12,BAIXO,2025-10-07,2026-04-05 18:00:43.371636
2188,1371914,"AQUISIÇÃO DE MEDICAMENTO: ACIDO ACETILSALICILICO, 100MG, COMPRIMIDO SIMPLES OU REVESTIDO, PARA ATENDER A PROGRAMAÇÃO PACTUADA INTEGRADA (PPI)",NUTRIENTES MED DISTRIBUIDORA DE MEDICAMENTOS LTDA - ME,24200004,21925112.0,224,-0.589912,12,BAIXO,2025-05-21,2026-04-05 18:00:43.371636
305,1414052,"Prestação do Serviço de manutenção predial na EEMTI DO JANGURUSSU, com serviços comum de engenharia para manutenção
preventiva e corretiva das instalações físicas predial do imóvel com fornecimento de mão de obra. CT 034/2026.",KG CONSTRUÇÕES LTDA - EPP,22000000,36594745.0,365,-0.58988,12,BAIXO,2026-02-03,2026-04-05 18:00:43.371636
1872,1379951,"Serviço de apoio logístico em material de divulgação para atender as demandas
da Secretaria da Educação do Estado do Ceará - SEDUC.",INORD GRÁFICA & EDITORA LTDA,22000000,36163657.0,365,-0.58988,12,BAIXO,2025-07-08,2026-04-05 18:00:43.371636
2453,1366192,"Contratação de empresa especializada para apoiar a Escola de Gestão Pública do Estado do Ceará (EGPCE) na execução do projeto Caravana Interfederativa Ceará Um Só, incluindo as fases de planejamento, mobilização, execução e produção de resultados, conforme especificações descritas neste Termo de Referência.","FUNDAÇÃO DE APOIO A CULTURA , A PESQUISA E AO DES. INST. CIENT. E TECNOLÓGICO",46100003,36979226.0,365,-0.58988,12,BAIXO,2025-04-11,2026-04-05 18:00:43.371636
91,1410183,"CONTRATAÇÃO DE SERVIÇOS EM HORAS/ANO, NA ÁREA DE FARMACÊUTICO BIOQUÍMICO PARA O HOSPITAL E MATERNIDADE DA POLÍCIA MILITAR JOSÉ MARTINIANO - HPM",COOPERATIVA DE TRABALHO DE ATENDIMENTO PRE-HOSPITALAR LTDA COAPH,10100013,36333454.0,365,-0.58988,12,BAIXO,2026-03-11,2026-04-05 18:00:43.371636
706,1409279,Aquisição de material de consumo (LIMPEZA) para atender a demanda da COADS TIANGUÁ,K. N. B. DA SILVA,24200004,1581.0,33,-0.589861,12,BAIXO,2025-11-28,2026-04-05 18:00:43.371636
1405,1391576,"AQUISIÇÃO DE MATERIAL PERMANENTE - EQUIPAMENTO  ARCO CIRURGICO PARA CIRURGIA VASCULAR, MOVEL, ANODO GIRATORIO , POR UM PRAZO DE 12 (DOZE) MESES, PARA ATENDER ÀS NECESSIDADES DO HOSPITAL GERAL DE FORTALEZA (HGF), VINCULADO À SECRETARIA DA SAÚDE DO ESTADO DO CEARÁ (SESA). ATA DE REGISTRO DE PREÇO Nº 2025/16211",IMX INDUSTRIA E COMERCIO LTDA,24200184,18000000.0,181,-0.589844,12,BAIXO,2025-09-15,2026-04-05 18:00:43.371636
1428,1392430,"Aquisição de 03 ARCOS CIRÚRGICO PARA CIRURGIA VASCULAR, MÓVEL, ANODO GIRATÓRIO, para atender as necessidades do Hospital Universitário do Ceará - HUC.",IMX INDUSTRIA E COMERCIO LTDA,24200004,18000000.0,181,-0.589844,12,BAIXO,2025-09-11,2026-04-05 18:00:43.371636
463,1411576,"ATA de registro de preços Nº 2025/03754, Pregão eletrônico 20241223, que tem como objeto aquisição  - MATERIAL FARMACOLÓGICO",NDS DISTRIBUIDORA DE MEDICAMENTOS LTDA,24200204,1782.0,19,-0.589734,12,BAIXO,2025-12-12,2026-04-05 18:00:43.371636
335,1412784,"Registro de Preço para futuras e eventuais aquisições de Material de Consumo - Expediente (Marcadores, tintas e pincéis).",EMANUEL VICTOR SILVA COSTA,19000000,1390.0,338,-0.58969,12,BAIXO,2026-01-27,2026-04-05 18:00:43.371636
1417,1393581,"Aquisição de Veículo Automotor, para atender as necessidades da Casa Civil, no âmbito do Programa Integrado de Prevenção e Redução da Violência - PREVIO, nas condições estabelecidas no edital e seus anexos.",CRASA AUTOMOVEIS,30000000,36810809.0,365,-0.589681,12,BAIXO,2025-09-12,2026-04-05 18:00:43.371636
2289,1369087,"Trata-se de processo de Dispensa de Licitação para contratação da EMPRESA DE TECNOLOGIA DA INFORMAÇÃO DO CEARÁ - ETICE, tendo como objeto a prestação de serviços relativos ao fornecimento de link de dados com acesso à Internet, síncrono, com banda de download e upload, por meio de infraestrutura do Cinturão Digital do Ceará (CDC), pelo período de 12 (doze) meses, para atendimento das necessidades das unidades da URCA, especificamente dos campi Pimenta I, Pimenta II e CCT (CRAJUBAR).",EMPRESA DE TECNOLOGIA DA INFORMACAO DO CEARA ETICE,31200003,36688656.0,365,-0.589681,12,BAIXO,2025-05-05,2026-04-05 18:00:43.371636
1327,1394604,"Aquisição de serviço comum de instalação e
manutenção de sistema de segurança eletrônico com fornecimento de material, para atender às
necessidades da Superintendência do Sistema Estadual de Atendimento Socioeducativo - SEAS,
no âmbito do Programa de Prevenção e Redução de Violência do Estado do Ceará - PReVio",SANTOS SOLUCOES EMPRESARIAIS LTDA,30000000,36811658.0,365,-0.589681,12,BAIXO,2025-09-24,2026-04-05 18:00:43.371636
384,1412416,"Contratualização de 3.799.200 gramas do item 3 (código 6344810) da ARP Nº 2024/04791, P.E. Nº 2024/0630, a fim de suprir a demanda das crianças expostas ao HIV por um período de 6 (seis) meses, tendo em vista que a epidemia da Aids no Estado apresenta um perfil de pauperização, e as crianças expostas não podem ser amamentadas",SELLENE COMÉRCIO E REPRESENTAÇÕES LTDA,24200004,17742264.0,181,-0.589645,12,BAIXO,2026-01-14,2026-04-05 18:00:43.371636
1013,1403849,Aquisição de Material para Festividades e Homenagens - ESCOLA INDÍGENA TREMEMBÉ FRANCISCO SALES NASCIMENTO - ACARAU - CREDE 3,13.916.880 JOSE RAIMUNDO DE ARAUJO,22000000,1200.0,61,-0.589613,12,BAIXO,2025-10-31,2026-04-05 18:00:43.371636
1007,1404388,AQUISICAO DE MATERIAL DE LIMPEZA  - EEMTI MARIA JOSÉ MAGALHÃES - CREDE 3,JAMES DIAS GOMES FILHO LTDA,22000000,1200.0,61,-0.589613,12,BAIXO,2025-10-31,2026-04-05 18:00:43.371636
156,1416991,MATERIAL DE EXPEDIENTE - EEMTI MARCONI COELHO REIS - CASCAVEL - CREDE 9,JAMES DIAS GOMES FILHO LTDA,22000000,1200.0,304,-0.589577,12,BAIXO,2026-03-02,2026-04-05 18:00:43.371636
2425,1366536,"AQUISIÇAO DE ERTAPENEM (SODICO), FRASCO/AMPOLA, 1G,   PIPERACILINA SODICA + TAZOBACTAM SODICA, FRASCO/AMPOLA, 4G + 500MG,",T S COMERCIAL DE MEDICAMENTOS E REPRESENTACAO LTDA,24200004,20953501.0,260,-0.589549,11,BAIXO,2025-04-15,2026-04-05 18:00:43.371636
449,1411777,"Contratualização da Ata nº 266/2025, por 06 (seis) meses, no valor de R$ 177.777,36, para atender as necessidades do HCASG.",BIOLINE FIOS CIRURGICOS LTDA,24200214,17777736.0,181,-0.589445,11,BAIXO,2025-12-16,2026-04-05 18:00:43.371636
2454,1366065,"AQUISIÇÃO DE MEDICAMENTO: MEPOLIZUMABE, 100MG/ML, SOLUCAO INJETAVEL, CANETA APLICADORA. PARA ATENDER O COMPONENTE ESPECIALIZADO DA ASSISTÊNCIA FARMACÊUTICA (CEAF)",T S COMERCIAL DE MEDICAMENTOS E REPRESENTACAO LTDA,24200004,21714392.0,264,-0.589444,11,BAIXO,2025-04-11,2026-04-05 18:00:43.371636
771,1408851,"Prestação de serviços, por Centros de Formação de Condutores (CFC), referentes à realização de Cursos de Formação Teórico-Técnico e Prática de Direção Veicular, visando a formação e capacitação de candidatos à obtenção da primeira habilitação no âmbito do programa CNH Popular.",CENTRO DE FORMACAO DE CONDUTORES PRINCESA DO NORTE LTDA,08200003,3924788.0,36,-0.58944,11,BAIXO,2025-11-25,2026-04-05 18:00:43.371636
1576,1386752,"PROCEDENTE DA ATA DE REGISTRO DE PREÇO Nº 2025/12272, ORDEM DE COMPRA Nº 68183/2025, INSTRUMENTO CONVOCATÓRIO Nº 2025/0140, CUJO OBJETO E AQUISIÇÃO DE MEDICAMENTOS MEDICO HOSPITALAR E AMBULATORIAL PARA ATENDER AS NECESSIDADES DO HGCC.",GEOLAB INDUSTRIA FARMACEUTICA LTDA,24200194,1125.0,134,-0.589399,11,BAIXO,2025-08-19,2026-04-05 18:00:43.371636
1505,1388908,AQUISIÇÃO - MATERIAL DE CONSUMO - MATERIAL EDUCATIVO E ESPORTIVO - EEMTI ISRAEL LEOCADIO DE VASCONCELOS - SOBRAL - CREDE 6,GEANE DE BRITO GOMES 88572749349,22000000,1200.0,121,-0.589293,11,BAIXO,2025-09-01,2026-04-05 18:00:43.371636
1881,1379628,"Contratação de empresa para a locação de veículos, sendo 3 (três) modelos do tipo hatch, e 4 (quatro) modelos tipo SUV, em dias úteis e não úteis, a serem utilizados/disponibilizados no Estado do Ceará, pela Secretaria das Mulheres, no transporte das secretárias executivas e dos servidores.",ATLANTICO TRANSPORTES LTDA,62000000,35702496.0,365,-0.58924,11,BAIXO,2025-07-07,2026-04-05 18:00:43.371636
426,1411916,"O objeto do presente instrumento é a prestação do Serviço de manutenção predial na EEFM
MICHELSON NOBRE, com serviços comum de engenharia para manutenção preventiva e corretiva das
instalações físicas predial do imóvel com fornecimento de mão de obra, materiais e peças de reposição, por
percentual de desconto sobre as tabelas de serviços da SEINFRA 28 e 28.1 para atender as necessidades
dos Órgãos e entidades da Administração Pública Estadual do Ceará localizadas na Capital e nas Zonas Sul, Leste e Oeste da Região Metropolitana de Fortaleza nos municípios e bairros listados no Anexo 1, nas
condições estabelecidas neste contrato e no Termo de Referência do edital e na proposta do
CONTRATADO. EMPRESA SALINAS
EMPREENDIMENTOS LTDA.",SALINAS EMPREENDIMENTOS E CONSTRUCOES LTDA ,22000000,35441619.0,365,-0.58924,11,BAIXO,2025-12-19,2026-04-05 18:00:43.371636
2134,1373246,MATERIAL ELÉTRICO E ELETRÔNICO - CENTRO CEARENSE DE IDIOMAS DE FORTALEZA R2 - UNIDADE PAPICU - SEFOR 2,RGB COMERCIO E SERVICOS LTDA,22000000,1172.0,217,-0.589239,11,BAIXO,2025-05-28,2026-04-05 18:00:43.371636
2080,1374419,AQUISIÇÃO DE ALIMENTOS PARA ANIMAIS (RACÃO PARA SEMOVENTES) DA PMCE.,N MAYARA DO CARMO DE OLIVEIRA ME,10100003,20684915.0,210,-0.58922,11,BAIXO,2025-06-04,2026-04-05 18:00:43.371636
1024,1404974,AQUISIÇÃO DE MATERIAL MÉDICO HOSPITALAR,PLENAMED DISTRIBUIDORA DE MEDICAMENTOS E PRODUTOS MEDICOS HOSPITALARES LTDA,10100013,1230.0,61,-0.589214,11,BAIXO,2025-10-31,2026-04-05 18:00:43.371636
1620,1384617,"IMUNOGLOBULINA DE COELHO ANTITIMOCITOS HUMANOS, 25MG, Solicitação de compra de medicamento para a Rede Hospitalar/SESA",ELFA MEDICAMENTOS S.A.,24200004,13945386.0,141,-0.589191,11,BAIXO,2025-08-12,2026-04-05 18:00:43.371636
1671,1384233,"AQUISIÇÃO DE PONATINIBE (CLORIDRATO), 15 MG, COMPRIMIDO REVESTIDO PARA ATENDER DEMANDAS JUDICIAIS.",ONCO PROD DISTRIBUIDORA DE PRODUTOS HOSPITALARES E ONCOLOGICOS LTDA,24200004,17333460.0,184,-0.589141,11,BAIXO,2025-08-06,2026-04-05 18:00:43.371636
95,1418949,"AQUISIÇÃO DE MATERIAL MÉDICO HOSPITALAR, (KIT, MONITORIZACAO NEUROFISIOLOGICA INTRAOPERATORIA POTENCIAL, ELETRODO, SUBDURAL PARA MONITORIZACAO CORTICAL) PARA O HOSPITAL GERAL DE FORTALEZA-HGF/SESA.",GERARDO MAJELA LIMA CAVALCANTI - ME,24200184,22713512.0,295,-0.589108,11,BAIXO,2026-03-11,2026-04-05 18:00:43.371636
1724,1382410,"AQUISIÇÃO DE MEDICAMENTO: CARBAMAZEPINA, 200 MG, COMPRIMIDO. PARA ATENDER A PROGRAMAÇÃO PACTUADA INTEGRADA - PPI",CAZI QUIMICA FAMARCEUTICA IND E COM LTDA,24200004,15377550.0,153,-0.589091,11,BAIXO,2025-07-31,2026-04-05 18:00:43.371636
479,1411408,"AQUISIÇÃO DE MATERIAL FARMACOLÓGICO ( DIAZEPAM, 5MG, COMPRIMIDO, UNIDADE 1.0 COMPRIMIDO. MARCA: SANTISA ) PARA O HOSPITAL GERAL DE FORTALEZA - HGF/SESA.",BELIEVE FARMA COMERCIO DE MEDICAMENTOS E MATERIAIS HOSPITALARES LTDA,24200184,1900.0,22,-0.58906,11,BAIXO,2025-12-09,2026-04-05 18:00:43.371636
473,1411611,"Contratualização da ata n° 253/2025, por 06 (seis) meses, no valor de R$ 1.732.286,90, para atender as necessidades do HCASG",BIOSAUDE PRODUTOS HOSPITALARES LTDA,24200214,17322869.0,181,-0.589046,11,BAIXO,2025-12-10,2026-04-05 18:00:43.371636
990,1405901,"Aquisição de insumos de laboratório para atender a necessidade do HEMOCE, através de entrega imediata, OC 94328/2025, ARP 2025/10542, PE 1546/2024.",INDALABOR INDAIÁ LABORATÓRIO FARMACEUTICO LTDA,24200424,1290.0,57,-0.589017,11,BAIXO,2025-11-04,2026-04-05 18:00:43.371636
126,1419107,Material de limpeza e produção de higienização - EEMTI RENATO BRAGA - SEFOR 2,K. N. B. DA SILVA,22000000,1200.0,301,-0.588996,11,BAIXO,2026-03-05,2026-04-05 18:00:43.371636
1447,1418264,Aquisição de material médico hospitalar por meio da ATA N° 2025/09918 para atender as necessidades do HCASG.,PRONTIDAO COMERCIO DE PRODUTOS HOSPITALARES LTDA.,24200214,6446.0,482,-0.588993,11,BAIXO,2025-09-05,2026-04-05 18:00:43.371636
637,1409576,"Adesão à Ata de preços: 2025/03640; pregão eletrônico: 2024/1103, cujo objeto é a aquisição de material farmacológico , para atender as necessidades do SAMU 192 CE.",FARMACE IND QUIMICO FARM CEARENSE       ,24200004,1620.0,30,-0.588981,11,BAIXO,2025-12-01,2026-04-05 18:00:43.371636
531,1410703,"Aquisições de insumos de laboratório para atender as necessidades do HEMOCE, através de entrega imediata, OC 107016/2025, ARP 2025/31514, PE 0700/2025.",FIRSTLAB INDUSTRIA IMPORTACAO E EXPORTACAO DE PRODUTOS PARA LABORATORIOS LTDA,24200424,1710.0,26,-0.588946,11,BAIXO,2025-12-05,2026-04-05 18:00:43.371636
1813,1381457,AQUISIÇÃO DE MEDICAMENTO POR MEIO DE DISPENSA DE LICITAÇAO,FUNDACAO PARA O REMEDIO POPULAR - FURP,24200004,17175590.0,184,-0.588937,11,BAIXO,2025-07-16,2026-04-05 18:00:43.371636
1272,1395260,AQUISIÇÃO DE MATERIAL DE CONSUMO (RAÇÃO) PARA A PMCE.,N MAYARA DO CARMO DE OLIVEIRA ME,10100003,10342633.0,90,-0.588925,11,BAIXO,2025-10-02,2026-04-05 18:00:43.371636
3,1423962,"Aquisição de material de consumo (Lápis Preto, Fita Adesiva e Caneta Esferográfica), para atender as necessidades da Superintendência de Pesquisa e Estratégia de Segurança Pública ¿ SUPES",FG COMERCIO TENDTUDO LTDA,10100009,1120.0,274,-0.588908,11,BAIXO,2026-04-01,2026-04-05 18:00:43.371636
1749,1382272,"AQUISIÇÃO DE HEMINA , FRASCO AMPOLA, 350MG, PO LIOFILIZADO PARA SOLUCAO INJETAVEL PARA ATENDER DEMANDAS JUDICIAIS.",LICIMASTER DISTRIBUIDORA DE MEDICAMENTOS E PROD MEDICOS HOSP EIRELI,24200004,15515112.0,154,-0.588892,10,BAIXO,2025-07-30,2026-04-05 18:00:43.371636
2449,1366270,AQUISIÇÃO DE 10 CENTRAIS DE AR CONDICIONADO 12.000 BTUs PARA ADAGRI,VENTISOL DA AMAZONIA INDUSTRIA DE APARELHOS ELETRICOS LTDA ,56200006,169412.0,1096,-0.588888,10,BAIXO,2025-04-11,2026-04-05 18:00:43.371636
814,1408192,"AQUISIÇÃO DE MEDICAMENTO: TRIPTORRELINA, 11,25MG, PO LIOFILIZADO PARA SUSPENSAO INJETAVEL DE LIBERACAO PROLONGADA, FRASCO AMPOLA + DILUENTE  -  TRIPTORRELINA, FRASCO AMPOLA + DILUENTE, 3,75 MG, PO LIOFILIZADO PARA SUSPENSAO INJETAVEL. PARA ATENDER O COMPONENTE ESPECIALIZADO DA ASSISTÊNCIA FARMACÊUTICA - CEAF",COMERCIAL CIRURGICA RIOCLARENSE LTDA,24200004,4424720.0,40,-0.58886,10,BAIXO,2025-11-21,2026-04-05 18:00:43.371636
217,1416153,"Aquisições de material de consumo ¿ limpeza (vassouras), para atender a necessidade do HEMOCE, através de entrega imediata, OC 10163/2026, ARP 2025/32316, PE 0008/2025.","LICITARE PRODUTOS, MATERIAIS E SERVIÇOS LTDA",24200424,1191.0,311,-0.58881,10,BAIXO,2026-02-23,2026-04-05 18:00:43.371636
1483,1389096,Material elétrico e eletrônico - CEJA DE SENADOR POMPEU - SENADOR POMPEU - CREDE 14,AGILIZAI ASSESSORIA & COMERCIO LTDA,22000000,1260.0,120,-0.588789,10,BAIXO,2025-09-02,2026-04-05 18:00:43.371636
1467,1389426,"SERTRALINA CLORIDRATO, 50MG, COMPRIMIDO REVESTIDO, UNIDADE 1.0 COMPRIMIDO. MARCA: PRATI, Solicitação de compra mensal de medicamento para atendimento judicial/SESA.",T S COMERCIAL DE MEDICAMENTOS E REPRESENTACAO LTDA,24200004,1236.0,119,-0.588789,10,BAIXO,2025-09-03,2026-04-05 18:00:43.371636
2168,1372462,"AQUISIÇÃO DE MATERIAL FARMACOLÓGICO PARA O HOSPITAL GERAL DE FORTALEZA (PROPRANOLOL (CLORIDRATO), 40MG, COMPRIMIDO, UNIDADE 1.0 COMPRIMIDO)",BELIEVE FARMA COMERCIO DE MEDICAMENTOS E MATERIAIS HOSPITALARES LTDA,24200184,1180.0,222,-0.588787,10,BAIXO,2025-05-23,2026-04-05 18:00:43.371636
1896,1379410,"Aquisição de  material de consumo, para uma previsão de consumo nos próximos 12 (doze) meses. Esponja para limpeza dupla face.",FG COMERCIO TENDTUDO LTDA,31200005,1104.0,182,-0.588763,10,BAIXO,2025-07-02,2026-04-05 18:00:43.371636
2403,1367267,Contratação de Consultoria Individual com perfil especialista em Tecnologias e Técnicas de Inteligência Artificial,DANILO PANZERI CARLOTTI,46000000,35008248.0,364,-0.588718,10,BAIXO,2025-04-22,2026-04-05 18:00:43.371636
324,1412937,"Contratação de empresa especializada para a prestação de serviço continuado de transporte de passageiros, por meio de rotas fixas com ônibus rastreados, visando o deslocamento de servidores, colaboradores e terceiros autorizados dos órgãos e entidades públicas do Estado do Ceará sediados no Centro Administrativo Governador Virgílio Távora ¿ Cambeba, no trajeto de ida e volta do trabalho",JR SERVIÇOS DE TRANSPORTES LTDA- ME,46000000,35000000.0,364,-0.588718,10,BAIXO,2026-01-29,2026-04-05 18:00:43.371636
291,1413764,AQUISIÇÃO DE MATERIAL DE CONSUMO - VASSOURA,K. N. B. DA SILVA,30200003,1320.0,328,-0.588712,10,BAIXO,2026-02-06,2026-04-05 18:00:43.371636
815,1408137,"ESCETAMINA, CLORIDRATO 50MG/ML, SOLUCAO INJETAVEL, FRASCO AMPOLA 10ML, UNIDADE 1.0 FRASCO / AMPOLA",EMMARKA DISTRIBUIDORADE MEDICAMENTOS LTDA,24200184,4620300.0,40,-0.588661,10,BAIXO,2025-11-21,2026-04-05 18:00:43.371636
2117,1373813,AQUISIÇÃO - MATERIAL DE CONSUMO - MATERIAL ELÉTRICO E ELETRÔNICO - EEMTI ANTÔNIO MOTA - ANTONINA DO NORTE - CREDE 18,FRANCISCO MATEUS DA ROCHA DO NASCIMENTO 27634641812,22000000,1159.0,215,-0.588653,10,BAIXO,2025-05-30,2026-04-05 18:00:43.371636
1890,1379310,FORNECIMENTO DE ALIMENTAÇÃO PARA A SUPERINTENDÊNCIA DAS ESCOLAS ESTADUAIS DE FORTALEZA (SEFOR 2),T D DANTAS SOLUCOES LTDA,22000000,2270140.0,729,-0.588628,10,BAIXO,2025-07-03,2026-04-05 18:00:43.371636
954,1408554,Aquisição de medicamentos por meio da ATA N° 2025/00326 para atender as necessidades do HCASG.,EMMARKA DISTRIBUIDORADE MEDICAMENTOS LTDA,24200214,1325.0,54,-0.588552,10,BAIXO,2025-11-07,2026-04-05 18:00:43.371636
378,1412566,"SUPORTE PARA COPO, POUPA COPO, INJETADO EM PLASTICO ABS, TUBO EM POLIESTIRENO, SISTEMA DE BOTAO AUTOMATICO, DISPOSITIVOS SEMI AUTOMATICOS, CAPACIDADE 150 - 180 ML, MINIMO 100 COPOS, ACOMPANHA BUCHAS/PARAFUSOS DE INSTALACAO, EMBALAGEM 1.0 UNIDADESUPORTE PARA COPO, POUPA COPO, INJETADO EM PLASTICO ABS, TUBO EM POLIESTIRENO, SISTEMA DE BOTAO AUTOMATICO, DISPOSITIVOS SEMI AUTOMATICOS, CAPACIDADE 150 - 180 ML, MINIMO 100 COPOS, ACOMPANHA BUCHAS/PARAFUSOS DE INSTALACAO, EMBALAGEM 1.0 UNIDADE. MARCA: BELL",OMEGA DISTRIBUIDORA DE PRODUTOS ALIMENTICIOS LTDA,69000000,1446.0,346,-0.588511,10,BAIXO,2026-01-19,2026-04-05 18:00:43.371636
1738,1382767,"PROCEDENTE DA ATA DE REGISTRO DE PREÇO Nº 2024/18804, ORDEM DE COMPRA Nº 61540/2025, INSTRUMENTO CONVOCATÓRIO Nº 2025/0067, CUJO OBJETO E AQUISIÇÃO DE MEDICAMENTOS PARA ATENDER AS NECESSIDADES DO HGCC.",SANTA BRANCA DISTRIBUIDORA DE MEDICAMENTOS LTDA - EPP,24200194,1125.0,154,-0.588474,10,BAIXO,2025-07-30,2026-04-05 18:00:43.371636
2443,1366673,AQUISIÇÃO DE MATERIAL DE LIMPEZA E PRODUÇÃO DE HIGIENIZAÇÃO PARA ATENDER AS NECESSIDADES DA EEM BENI CARVALHO- ARACATI/CE. EEM BENI CARVALHO - COORDENADORIA REGIONAL DE DESENVOLVIMENTO DA EDUCAÇÃO (CREDE 10 - RUSSAS),C G C DE ARAUJO,22000000,1450.0,364,-0.588454,10,BAIXO,2025-04-14,2026-04-05 18:00:43.371636
1143,1402362,AQUISIÇÃO DE MEDICAMENTO,PRATI DONADUZZI & CIA LTDA,10100013,1200.0,72,-0.588439,10,BAIXO,2025-10-20,2026-04-05 18:00:43.371636
592,1411176,Aquisição de materiais de Limpeza através da ARP:2025/26819,FG COMERCIO TENDTUDO LTDA,47100004,1710.0,28,-0.588437,10,BAIXO,2025-12-03,2026-04-05 18:00:43.371636
2098,1374032,"AQUISIÇÃO DE MEDICAMENTO: ALPRAZOLAM, 2MG, COMPRIMIDO. PARA ATENDER A PROGRAMAÇÃO PACTUADA INTEGRADA (PPI)",SANTA BRANCA DISTRIBUIDORA DE MEDICAMENTOS LTDA - EPP,24200004,20110952.0,212,-0.588423,10,BAIXO,2025-06-02,2026-04-05 18:00:43.371636
1042,1403752,AQUISIÇÃO DE MATERIAL DE CONSUMO (COPO DESCARTÁVEL) CONFORME ATA Nº 2025/29358,BMP DE SOUSA COMERCIAL EIRELI,24200314,1224.0,62,-0.588417,10,BAIXO,2025-10-30,2026-04-05 18:00:43.371636
2071,1375488,"PROCEDENTE DA ATA DE REGISTRO DE PREÇO Nº 2024/04076, ORDEM DE COMPRA Nº 83164/2022, INSTRUMENTO CONVOCATÓRIO Nº 2023/2608, CUJO OBJETO E AQUISIÇÃO DE MEDICAMENTOS MEDICO HOSPITALAR E AMBULATORIAL PARA ATENDER AS NECESSIDADES DO HGCC",COMERCIAL CIRURGICA RIOCLARENSE LTDA,24200194,1148.0,209,-0.588324,10,BAIXO,2025-06-05,2026-04-05 18:00:43.371636
794,1408436,"Prestação de serviços, por Centros de Formação de Condutores (CFC), referentes à realização de Cursos de Formação Teórico-Técnico e Prática de Direção Veicular, visando a formação e capacitação de candidatos à obtenção da primeira habilitação no âmbito do programa CNH Popular.",CENTRO DE FORMACAO DE CONDUTORES VITORIA LTDA,08200003,4152634.0,37,-0.588298,10,BAIXO,2025-11-24,2026-04-05 18:00:43.371636
1366,1392574,EXPEDIENTE (SALDO) - EEM ALICE MOREIRA DE OLIVEIRA - CAUCAIA - CREDE 1,F C SOARES E SILVA - ME,22000000,1350.0,104,-0.588288,10,BAIXO,2025-09-18,2026-04-05 18:00:43.371636
122,1418252,"Aquisição de Material de Copa e Cozinha, destinado a atender as necessidades da CREDE 10 ¿ Russas",JAMES DIAS GOMES FILHO LTDA,22000000,1200.0,300,-0.588256,9,BAIXO,2026-03-06,2026-04-05 18:00:43.371636
2086,1374183,"AQUISIÇÃO DE MEDICAMENTO: PARACETAMOL + CODEINA FOSFATO, 500MG + 30MG, COMPRIMIDO. PARA ATENDER A PROGRAMAÇÃO PACTUADA INTEGRADA (PPI)",UNIAO QUIMICA FARMACEUTICA NACIONAL S A,24200004,19672308.0,211,-0.588224,9,BAIXO,2025-06-03,2026-04-05 18:00:43.371636
1989,1377073,"O objeto do presente instrumento é a contratação de empresa para prestação de serviços contínuos a serem executados com dedicação exclusiva de mão de obra terceirizada, regidos pela Consolidação da Leis Trabalhistas (CLT) para as categorias, condições e quantidades estabelecidas no Termo de Referência e seus anexos.",SERVAL SERVICOS DE SEGURANCA LTDA,31200003,35265744.0,365,-0.588186,9,BAIXO,2025-06-17,2026-04-05 18:00:43.371636
1752,1382248,"Contratação de empresa especializada para prestação de serviço de limpeza, asseio e conservação, incluindo o fornecimento de material e o emprego de equipamentos necessários à execução dos serviços da Exposição Cidade Mais Infância.",EMSIMEM MANUTENCAO E CONSERVACAO LTDA,36000000,35140608.0,365,-0.588186,9,BAIXO,2025-07-29,2026-04-05 18:00:43.371636
1705,1383040,Aquisição de serviços contábeis - EEFM JOSÉ WALDEMAR DE ALCÂNTARA E SILVA - SEFOR 1,SANTOS SERVICOS CONTABEIS LTDA,22000000,1450.0,360,-0.58818,9,BAIXO,2025-08-04,2026-04-05 18:00:43.371636
1224,1397467,AQUISIÇÃO DE MATERIAL PARA MANUTENÇÃO DE BENS IMÓVEIS EM PROL DA EEEP LUIZ GONZAGA FONSECA MOTA - AMONTADA - CREDE 2,CSV COMERCIO E SERVICOS LTDA,22000000,1280.0,83,-0.588068,9,BAIXO,2025-10-09,2026-04-05 18:00:43.371636
2300,1370938,MATERIAL DE LIMPEZA E PRODUÇÃO DE HIGIENIZAÇÃO - EEFM ARQUITETO ROGÉRIO FROES - SEFOR 2,SOLERO COMERCIO VAREJISTA LTDA,22000000,1196.0,240,-0.588066,9,BAIXO,2025-05-05,2026-04-05 18:00:43.371636
2301,1370929,MATERIAL DE LIMPEZA E PRODUÇÃO DE HIGIENIZAÇÃO - EEFM ARQUITETO ROGÉRIO FROES - SEFOR 2,FG COMERCIO TENDTUDO LTDA,22000000,1196.0,240,-0.588066,9,BAIXO,2025-05-05,2026-04-05 18:00:43.371636
1695,1382765,"AQUISIÇÃO DE MESILATO DE LENVATINIBE, 10 MG, CAPSULA E  MESILATO DE LENVATINIBE, 4 MG, CAPSULA PARA ATENDER DEMANDAS JUDICIAIS.",T S COMERCIAL DE MEDICAMENTOS E REPRESENTACAO LTDA,24200004,14249102.0,149,-0.588031,9,BAIXO,2025-08-04,2026-04-05 18:00:43.371636
2397,1367281,Aquisição de material de consumo (LIMPEZA) para atender a demanda da COADS TIANGUÁ,FG COMERCIO TENDTUDO LTDA,24200004,1150.0,252,-0.587974,9,BAIXO,2025-04-23,2026-04-05 18:00:43.371636
2394,1367239,Aquisição de material de consumo (LIMPEZA) para atender a demanda da SRNOR SOBRAL,FG COMERCIO TENDTUDO LTDA,24200004,1150.0,252,-0.587974,9,BAIXO,2025-04-23,2026-04-05 18:00:43.371636
104,1418865,"AQUISIÇÃO DE GILTERITINIBE HEMIFUMARATO, 40MG, COMPRIMIDO REVESTIDO PARA ATENDER DEMANDAS JUDICIAIS.",ELFA MEDICAMENTOS S.A.,24200004,22327536.0,296,-0.587971,9,BAIXO,2026-03-10,2026-04-05 18:00:43.371636
1392,1392193,"FRALDA, DESCARTAVEL GERIATRICA G, PESO USUARIO DE 70 A 90KG, Solicitação de compra de material médico hospitalar para a Rede Hospitalar/SESA",BELIEVE FARMA COMERCIO DE MEDICAMENTOS E MATERIAIS HOSPITALARES LTDA,24200004,11148696.0,105,-0.587863,9,BAIXO,2025-09-17,2026-04-05 18:00:43.371636
2165,1372338,"AQUISIÇÃO DE PROPOFOL, AMPOLA OU FRASCO AMPOLA 20ML, 10MG/ML, EMULSÃO INJETÁVEL. PARA ATENDER A UNIDADES DE SAÚDE DO ESTADO DO CEARA.",LABORATORIOS B BRAUN SA,24200004,21111755.0,222,-0.587856,9,BAIXO,2025-05-23,2026-04-05 18:00:43.371636
551,1410577,"ATA de registro de preços Nº 2025/07423, Pregão eletrônico 20250045, que tem como objeto aquisição - MATERIAL FARMACOLÓGICO",T S COMERCIAL DE MEDICAMENTOS E REPRESENTACAO LTDA,24200204,1780.0,26,-0.587829,9,BAIXO,2025-12-05,2026-04-05 18:00:43.371636
1344,1393241,"AQUISIÇÃO DE ACITRETINA, 10MG, CAPSULA E ACITRETINA, 25MG, CAPSULA PARA ATENDER À DEMANDA DO COMPONENTE ESPECIALIZADO DA ASSISTÊNCIA FARMACÊUTICA (CEAF)",ONCOVIT DISTRIBUIDORA DE MEDICAMENTOS LTDA,24200004,10864968.0,100,-0.587828,9,BAIXO,2025-09-22,2026-04-05 18:00:43.371636
2381,1367382,"AQUISIÇÃO DE MEDICAMENTO: VEDOLIZUMABE, FRASCO, 300MG, PO LIOFILIZADO PARA SOLUCAO INJETAVEL. PARA ATENDER DEMANDA JUDICIAL/SESA",CM HOSPITALAR S.A.,24200004,20567209.0,251,-0.587786,9,BAIXO,2025-04-24,2026-04-05 18:00:43.371636
666,1409691,AQUISIÇÃO DE MATERIAL DE UTENSÍLIOS DE COZINHA,59.118.704 GLERISTON SOUSA DIAS,19000000,3417174.0,30,-0.587781,9,BAIXO,2025-12-01,2026-04-05 18:00:43.371636
1995,1376717,"AQUISIÇÃO DE CARFILZOMIBE, 60MG, PO LIOFILIZADO PARA SOLUCAO INJETAVEL PARA ATENDER DEMANDAS JUDICIAIS.",ONCOVIT DISTRIBUIDORA DE MEDICAMENTOS LTDA,24200004,18575776.0,197,-0.587777,9,BAIXO,2025-06-17,2026-04-05 18:00:43.371636
2390,1367312,"AQUISIÇÃO DE MEDICAMENTO: QUETIAPINA (HEMIFUMARATO), 25MG, COMPRIMIDO REVESTIDO. PARA ATENDER DEMANDA JUDICIAL/SESA",SULMEDIC COMERCIO DE MEDICAMENTOS LTDA,24200004,1170.0,252,-0.587776,9,BAIXO,2025-04-23,2026-04-05 18:00:43.371636
1416,1393687,MATERIAL LABORATORIAL,JOSE GADELHA LIMA NETO 01546876340,10100013,1326.0,110,-0.587653,9,BAIXO,2025-09-12,2026-04-05 18:00:43.371636
2275,1369521,"Aquisição de medicamentos para atender as necessidades do HEMOCE, através de entrega imediata, OC 36007/2025, ATA 2024/14723, PE 81/2024.",EMMARKA DISTRIBUIDORADE MEDICAMENTOS LTDA,24200424,1210.0,238,-0.587632,9,BAIXO,2025-05-07,2026-04-05 18:00:43.371636
2407,1367846,serviço contábil- GFIP - ESCOLA E UEX:13/2025 E 01/2026 RAIS - ESCOLA E UEX DCTF - UEX ECF - UEX PESQUISA FISCAL DO CNPJ - ESCOLA E UEX (PENDÊNCIA DOS ÚLTIMOS ANOS) EEFM BÁRBARA DE ALENCAR; SUPERINTENDÊNCIA DAS ESCOLAS ESTADUAIS DE FORTALEZA (SEFOR 2),ACE ASSESSORIA CONTABIL LTDA,22000000,1400.0,365,-0.587601,8,BAIXO,2025-04-22,2026-04-05 18:00:43.371636
2410,1366907,AQUISIÇÃO DE SERVIÇOS TERCEIRIZADOS - TÉCNICOS PROFISSIONAIS 2025 ESCOLA INDÍGENA MARCELINO ALVES DE MATOS (CREDE 1 - MARACANAÚ),ACE ASSESSORIA CONTABIL LTDA,22000000,1400.0,365,-0.587601,8,BAIXO,2025-04-16,2026-04-05 18:00:43.371636
1993,1377052,SERVIÇOS TÉCNICOS PROFISSIONAIS (Assessoria Contábil) - EEMTI MARIA THOMÁSIA - SEFOR 3,ZACARIAS DOS SANTOS CHAVES JUNIOR,22000000,1400.0,365,-0.587601,8,BAIXO,2025-06-17,2026-04-05 18:00:43.371636
144,1418229,SERVIÇOS CONTÁBEIS - EEMTI DOUTOR ANDRADE FURTADO - QUIXERAMOBIM - CREDE 12,ACE ASSESSORIA CONTABIL LTDA,22000000,1400.0,365,-0.587601,8,BAIXO,2026-03-03,2026-04-05 18:00:43.371636
1515,1389292,SERVIÇOS TÉCNICOS PROFISSIONAIS CONTADOR - EEMTI ESTADO DE ALAGOAS - SEFOR 1,ACE ASSESSORIA CONTABIL LTDA,22000000,1400.0,365,-0.587601,8,BAIXO,2025-08-28,2026-04-05 18:00:43.371636
1133,1402417,COTAÇÃO ELETRÔNICA Nº 010/2025 PARA AQUISIÇÃO DE SERVIÇOS TÉCNICOS PROFISSIONAIS CONTADOR EM FAVOR DA EEEP DEPUTADO ROBERTO MESQUITA - GENERAL SAMPAIO - CREDE 7,SANTOS SERVICOS CONTABEIS LTDA,22000000,1400.0,365,-0.587601,8,BAIXO,2025-10-21,2026-04-05 18:00:43.371636
1931,1378596,Contratação de serviços contábeis para assessorar esta unidade de ensino - EEFM JOAQUIM ALVES - SEFOR 3,ACE ASSESSORIA CONTABIL LTDA,22000000,1400.0,365,-0.587601,8,BAIXO,2025-06-26,2026-04-05 18:00:43.371636
1578,1386782,SERVIÇOS DE TERCEIROS - TÉCNICOS PROFISSIONAIS - EEMTI RAIMUNDO MOACIR ALENCAR MOTA - ASSARE - CREDE 18,ACE ASSESSORIA CONTABIL LTDA,22000000,1400.0,365,-0.587601,8,BAIXO,2025-08-19,2026-04-05 18:00:43.371636
2115,1373859,AQUISIÇÃO DE SERVIÇOS DE TERCEIRO - SERVIÇOS TÉCNICOS PROFISSIONAIS - CONTADOR 2025 - COTAÇÃO ELETRÔNICA 04/2025 PARA EEFM JOÃO PAULO II - EXERCÍCIO DE 2025 - SEFOR 1,ZACARIAS DOS SANTOS CHAVES JUNIOR,22000000,1400.0,365,-0.587601,8,BAIXO,2025-05-30,2026-04-05 18:00:43.371636
2328,1368974,AQUISIÇÃO - SERVIÇOS DE TERCEIROS - TÉCNICOS PROFISSIONAIS  ESCOLA INDÍGENA CHUÍ (CREDE 1 - MARACANAÚ),ZACARIAS DOS SANTOS CHAVES JUNIOR,22000000,1400.0,365,-0.587601,8,BAIXO,2025-04-30,2026-04-05 18:00:43.371636
2201,1371578,Aquisição de gás engarrafado para a recarga de 2 extintores do tipo ABC - CENTRO CEARENSE DE IDIOMAS DE FORTALEZA R3 - UNIDADE JÓQUEI - SEFOR 1,58.702.086 GERSON BRUCY OLIVEIRA DA SILVA,22000000,1200.0,225,-0.587593,8,BAIXO,2025-05-20,2026-04-05 18:00:43.371636
2203,1371681,AQUISIÇÃO DE MATERIAL ELÉTRICO E ELETRÔNICO - EEMTI MARIA DO CARMO BEZERRA - ACARAPE - CREDE 8,DISTRIMIX SOLUÇÕES & SERVIÇOS BRASIL LTDA,22000000,1200.0,225,-0.587593,8,BAIXO,2025-05-20,2026-04-05 18:00:43.371636
1634,1384232,RECURSO DESTINADO A AQUISIÇÃO DE MEDICAMENTO CONFORME ATA Nº 2024//18675 PARA HSJ,SANTA BRANCA DISTRIBUIDORA DE MEDICAMENTOS LTDA - EPP,24200224,1180.0,142,-0.587566,8,BAIXO,2025-08-11,2026-04-05 18:00:43.371636
2468,1365434,"AQUISIÇÃO DE CARFILZOMIBE, 60MG, PO LIOFILIZADO PARA SOLUCAO INJETAVEL PARA ATENDER DEMANDAS JUDICIAIS.",ONCOVIT DISTRIBUIDORA DE MEDICAMENTOS LTDA,24200004,21086016.0,266,-0.587558,8,BAIXO,2025-04-09,2026-04-05 18:00:43.371636
2388,1367398,"AQUISIÇÃO DE GÊNEROS DE ALIMENTAÇÃO DA AGRICULTURA FAMILIAR  EM PROL DA EEFM PROFESSOR ALOYSIO BARROS LEAL,  FORTALEZA (SEFOR 2)",COOPERATIVA AGROINDUSTRIAL DO ESTADO DO CEARA-COOPAECE,22000000,13966709.0,464,-0.58752,8,BAIXO,2025-04-24,2026-04-05 18:00:43.371636
2382,1367616,AQUISIÇÃO DE 13 CENTRAIS DE AR CONDICIONADO 18.000 BTUS PARA ADAGRI,3D PROJETOS E ASSESSORIA EM INFORMATICA LTDA,56200006,359619.0,1096,-0.587519,8,BAIXO,2025-04-24,2026-04-05 18:00:43.371636
561,1410879,"Solicitação de compra de medicamento para a Rede Hospitalar/SESA, IMUNOGLOBULINA DE COELHO ANTITIMOCITOS HUMANOS, 25MG, PO LIOFILIZADO PARA SOLUCAO INJETAVEL, FRASCO AMPOLA, UNIDADE 1.0 FRASCO / AMPOLA.",ELFA MEDICAMENTOS S.A.,24200004,2835051.0,26,-0.587348,8,BAIXO,2025-12-05,2026-04-05 18:00:43.371636
839,1407863,"AQUISIÇÃO DE IMUNOGLOBULINA HUMANA, 5G, SOLUCAO INJETAVEL, FRASCO OU FRASCO AMPOLA, EMBALAGEM 1.0 UNIDADE. MARCA: GRIFOLS. PARA ATENDER ÁS UNIDADES DE SAÚDE DO ESTADO DO CEARÁ - SESA",GRIFOLS BRASIL LTDA,24200004,4705290.0,42,-0.587325,8,BAIXO,2025-11-19,2026-04-05 18:00:43.371636
1174,1399726,AQUISIÇÃO - SERVIÇOS DE CONSULTORIA (SERVIÇOS CONTÁBIL)  - ADOLFO FERREIRA DE SOUSA EEEP - REDENCAO - CREDE 8,ANTONIA VEBEANE DE ALMEIDA CONTABILIDADE,22000000,1490.0,360,-0.587186,8,BAIXO,2025-10-15,2026-04-05 18:00:43.371636
603,1410130,"AQUISIÇÃO DO MATERIAL DE HIGIENE PESSOAL DO KIT´S
HIGIÊNICOS DOS INTERNOS E MATERIAL PARA BERÇÁRIO (CRECHE), PARA ATENDER AS NECESSIDADES DA SECRETÁRIA DA ADMINISTRAÇÃO PENITENCIÁRIA - SAP.",JFV BEZERRA LTDA,18000000,2978060.0,28,-0.587183,8,BAIXO,2025-12-03,2026-04-05 18:00:43.371636
1109,1401691,EXPEDIENTE - CANETAS - EEMTI INTEGRADA 2 DE MAIO - SEFOR 2,GMS JAMPA DISTRIBUIDORA LTDA,22000000,1274.0,69,-0.58717,8,BAIXO,2025-10-23,2026-04-05 18:00:43.371636
89,1419729,SERVIÇOS TECNICO - CONTADOR - EEMTI CORONEL HUMBERTO BEZERRA - QUIXERAMOBIM - CREDE 12 -,ANTONIA VEBEANE DE ALMEIDA CONTABILIDADE,22000000,1500.0,359,-0.587123,8,BAIXO,2026-03-12,2026-04-05 18:00:43.371636
1587,1386321,FITA PARA DETERMINAÇÃO DO PH,FASTLABOR COMERCIAL LTDA,24200314,1140.0,135,-0.587104,8,BAIXO,2025-08-18,2026-04-05 18:00:43.371636
674,1409684,"Prestação de serviços, por Centros de Formação de Condutores (CFC), referentes à realização de Cursos de Formação Teórico-Técnico e Prática de Direção Veicular, visando a formação e capacitação de candidatos à obtenção da primeira habilitação no âmbito do programa CNH Popular.",CENTRO DE FORMACAO DE CONDUTORES GLEYCIANO LTDA,08200003,3735662.0,33,-0.587075,8,BAIXO,2025-11-28,2026-04-05 18:00:43.371636
58,1421169,AQUISIÇÃO DE SERVIÇOS TÉCNICOS PROFISSIONAIS - EEMTI MONSENHOR ANTÔNIO FEITOSA - MISSAO VELHA - CREDE 20 -,ANTONIA VEBEANE DE ALMEIDA CONTABILIDADE,22000000,1250.0,300,-0.587064,8,BAIXO,2026-03-17,2026-04-05 18:00:43.371636
994,1405917,PROCEDENTE DA ATA DE REGISTRO DE PREÇO Nº 2025/09653 INSTRUMENTO CONVOCATÓRIO Nº 2024/1560 ORDEM DE COMPRA Nº 94830/2025 CUJO OBJETO E AQUISIÇÃO DE MEDICAMENTO MEDICO HOSPITALAR E AMBULATORIAL PARA ATENDER AS NECESSIDADES DO HGCC.,ONCOEXO DISTRIBUIDORA DE MEDICAMENTOS LTDA,24200194,1350.0,57,-0.58694,8,BAIXO,2025-11-04,2026-04-05 18:00:43.371636
2170,1372619,Aquisição Material Educativo e Esportivo para atender a EEMTI JOAQUIM RODRIGUES DE LIMA - QUIXERE - CREDE 10,M.G.C. DE ALMEIDA GOMES,22000000,1510.0,359,-0.586924,8,BAIXO,2025-05-22,2026-04-05 18:00:43.371636
644,1409713,"Prestação de serviços, por Centros de Formação de Condutores (CFC), referentes à realização de Cursos de Formação Teórico-Técnico e Prática de Direção Veicular, visando a formação e capacitação de candidatos à obtenção da primeira habilitação no âmbito do programa CNH Popular.",CENTRO DE FORMACAO DE CONDUTORES SHALLON LTDA ,08200003,3364875.0,30,-0.586817,8,BAIXO,2025-12-01,2026-04-05 18:00:43.371636
646,1409824,"Prestação de serviços, por Centros de Formação de Condutores (CFC), referentes à realização de Cursos de Formação Teórico-Técnico e Prática de Direção Veicular, visando a formação e capacitação de candidatos à obtenção da primeira habilitação no âmbito do programa CNH Popular.",CFC CENTRO DE FORMACAO DE CONDUTORES TRAIRI LTDA - ME,08200003,3358099.0,30,-0.586817,8,BAIXO,2025-12-01,2026-04-05 18:00:43.371636
196,1416047,AQUISIÇÃO DE MATERIAL DE CONSUMO PARA ATENDER AS NECESSIDADES DA COADS/BREJO SANTO,AMAR TRANSPORTES DE CARGAS E COMERCIO DE ARMARINHOS EM GERAL LTDA,24200004,1225.0,310,-0.58681,7,BAIXO,2026-02-24,2026-04-05 18:00:43.371636
432,1411842,"AQUISIÇÃO DE INSULINA GLULISINA, SOLUCAO INJETAVEL CARPULE 3ML, 100UI/ML PARA ATENDER DEMANDAS JUDICIAIS.",ONCOEXO DISTRIBUIDORA DE MEDICAMENTOS LTDA,24200004,1168937.0,13,-0.586787,7,BAIXO,2025-12-18,2026-04-05 18:00:43.371636
946,1406059,"AQUISIÇÃO DE FRALDA, DESCARTAVEL GERIATRICA M, PESO USUARIO DE 40 A 70KG PARA ATENDER DEMANDAS JUDICIAIS.",BELIEVE FARMA COMERCIO DE MEDICAMENTOS E MATERIAIS HOSPITALARES LTDA,24200004,5813376.0,51,-0.586786,7,BAIXO,2025-11-10,2026-04-05 18:00:43.371636
2143,1373135,"AQUISIÇÃO DE MONITORES DE 24 , NOTEBOOKS DE 16,3 , ESTAÇÕES DE TRABALHO (WORKSTATION 3680) E SERVIDOR TORRE PARA ARMAZENAMENTO DE DADOS (WORKSTATION PRECISION 5860)",ENERGY TELECOM COMERCIO E SERVICOS LTDA - ME,31200006,34663884.0,365,-0.586759,7,BAIXO,2025-05-27,2026-04-05 18:00:43.371636
2285,1369113,"AQUISIÇÃO DE VISMODEGIBE, 150MG PARA ATENDER DEMANDAS JUDICIAIS.",ONCO PROD DISTRIBUIDORA DE PRODUTOS HOSPITALARES E ONCOLOGICOS LTDA,24200004,20504736.0,239,-0.586743,7,BAIXO,2025-05-06,2026-04-05 18:00:43.371636
1717,1382608,"AQUISIÇÃO DE INIBIDOR DE C1 ESTERASE, 500UI, PO LIOFILIZADO PARA SOLUCAO INJETAVEL + DILUENTE 10ML PARA ATENDER DEMANDAS JUDICIAIS.",F7 MEDICAL PRODUTOS HOSPITALARES LTDA,24200004,13700775.0,152,-0.586699,7,BAIXO,2025-08-01,2026-04-05 18:00:43.371636
1125,1401049,AQUISIÇÃO DE MATERIAL DE CONSUMO - MATERIAL DE EXPEDIENTE  - EEMTI PADRE LUÍS FILGUEIRAS - CREDE 18,FRANCISCO MATEUS DA ROCHA DO NASCIMENTO 27634641812,22000000,1250.0,70,-0.586627,7,BAIXO,2025-10-22,2026-04-05 18:00:43.371636
52,1420878,Material elétrico e eletrônico - EEMTI PROFESSORA MARIA DOLORES ARRAIS - CAMPOS SALES - CREDE 18,F H DA COSTA VIANA LTDA,22000000,1209.0,288,-0.586587,7,BAIXO,2026-03-18,2026-04-05 18:00:43.371636
175,1416717,SERVIÇO CONTABIL - EEMTI NOSSA SENHORA DO LIVRAMENTO - GRANJA - CREDE 4,ANTONIA VEBEANE DE ALMEIDA CONTABILIDADE,22000000,1500.0,360,-0.586585,7,BAIXO,2026-02-26,2026-04-05 18:00:43.371636
1432,1389906,SERVIÇOS TECNICOS PROFISSIONAIS - CONTADOR - EEM SÃO JOSÉ DO PICI DAS PEDREIRAS - SEFOR 1,ACE ASSESSORIA CONTABIL LTDA,22000000,1500.0,360,-0.586585,7,BAIXO,2025-09-10,2026-04-05 18:00:43.371636
909,1406489,"AQUISIÇÃO DE MEDICAMENTO: BIPERIDENO (CLORIDRATO), 2 MG, COMPRIMIDO   -   CLORPROMAZINA (CLORIDRATO), 100MG, COMPRIMIDO REVESTIDO. PARA ATENDER A PROGRAMAÇÃO PACTUADA INTEGRADA - PPI",EMMARKA DISTRIBUIDORADE MEDICAMENTOS LTDA,24200004,5419527.0,49,-0.586562,7,BAIXO,2025-11-12,2026-04-05 18:00:43.371636
290,1414141,"Prestação dos serviços de manutenção predial no Galpão do Almoxarifado, localizado na Rua Pedro Camelo, 456, Bairro: Jangurussu, CEP: 60.870-820, Fortaleza/CE,
com serviços comum de engenharia para manutenção preventiva e corretiva das instalações físicas predial do imóvel. CT 33/2026.",KG CONSTRUÇÕES LTDA - EPP,22000000,34983425.0,365,-0.58656,7,BAIXO,2026-02-06,2026-04-05 18:00:43.371636
2062,1377400,"AQUISIÇÃO DE MEDICAMENTO: NIVOLUMABE, 100MG, SOLUCAO INJETAVEL, FRASCO/AMPOLA 10ML. PARA ATENDER DEMANDA JUDICIAL",BRISTOL-MYERS SQUIBB FARMACEUTICA LTDA ,24200004,34980384.0,365,-0.58656,7,BAIXO,2025-06-09,2026-04-05 18:00:43.371636
1337,1395670,"SERVIÇOS DE TERCEIROS PESSOA JURÍDICA SERVIÇOS TÉCNICOS PROFISSIONAIS: SERVIÇO DE CONSULTORIA E ASSESSORIA CONTABIL , -ESCOLA INDÍGENA JARDIM DAS OLIVEIRAS - PORANGA - CREDE 13",PARTENAIRE CONTABILIDADE AUDITORIA E PLANEJAMENTO TRIBUTARIO SS,22000000,1430.0,365,-0.586549,7,BAIXO,2025-09-23,2026-04-05 18:00:43.371636
1632,1384268,MATERIAL DE LIMPEZA E PRODUÇÃO DE HIGIENIZAÇÃO - EEMTI PADRE GUILHERME WAESSEN - SEFOR 2,EB DISTRIBUIDORA LTDA,22000000,1205.0,142,-0.586532,7,BAIXO,2025-08-11,2026-04-05 18:00:43.371636
804,1408438,"Prestação de serviços, por Centros de Formação de Condutores (CFC), referentes à realização de Cursos de Formação Teórico-Técnico e Prática de Direção Veicular, visando a formação e capacitação de candidatos à obtenção da primeira habilitação no âmbito do programa CNH Popular.",CENTRO DE FORMACAO DE CONDUTORES SHALLON LTDA ,08200003,3859462.0,37,-0.586498,7,BAIXO,2025-11-24,2026-04-05 18:00:43.371636
2183,1371910,"AQUISIÇÃO DE MATERIAL FARMACOLÓGICO PARA O HOSPITAL GERAL DE FORTALEZA (ESCETAMINA, CLORIDRATO 50MG/ML, SOLUCAO INJETAVEL, FRASCO AMPOLA 10ML, UNIDADE 1.0 FRASCO / AMPOLA)",EMMARKA DISTRIBUIDORADE MEDICAMENTOS LTDA,24200184,20743776.0,224,-0.586495,7,BAIXO,2025-05-21,2026-04-05 18:00:43.371636
2321,1368560,Aquisição de material farmacológico de acordo com a ATA N°2024/15042 para atender as necessidades do HCASG.,EMMARKA DISTRIBUIDORADE MEDICAMENTOS LTDA,24200214,1188.0,245,-0.586479,7,BAIXO,2025-04-30,2026-04-05 18:00:43.371636
1988,1378009,MATERIAL ELÉTRICO - CEJA MILTON CUNHA - SEFOR 1,SERVSUPR SERVICOS ADMINISTRATIVOS LTDA,22000000,1136.0,196,-0.586471,7,BAIXO,2025-06-18,2026-04-05 18:00:43.371636
675,1409929,"Prestação de serviços, por Centros de Formação de Condutores (CFC), referentes à realização de Cursos de Formação Teórico-Técnico e Prática de Direção Veicular, visando a formação e capacitação de candidatos à obtenção da primeira habilitação no âmbito do programa CNH Popular.",CENTRO DE FORMACAO DE CONDUTORES PEROLA LTDA.,08200003,3693486.0,33,-0.586462,7,BAIXO,2025-11-28,2026-04-05 18:00:43.371636
682,1409962,"Prestação de serviços, por Centros de Formação de Condutores (CFC), referentes à realização de Cursos de Formação Teórico-Técnico e Prática de Direção Veicular, visando a formação e capacitação de candidatos à obtenção da primeira habilitação no âmbito do programa CNH Popular.",CENTRO DE FORMACAO DE CONDUTORES EDUCATIVA LTDA ME,08200003,3671698.0,33,-0.586462,7,BAIXO,2025-11-28,2026-04-05 18:00:43.371636
696,1409427,"Prestação de serviços, por Centros de Formação de Condutores (CFC), referentes à realização de Cursos de Formação Teórico-Técnico e Prática de Direção Veicular, visando a formação e capacitação de candidatos à obtenção da primeira habilitação no âmbito do programa CNH Popular.",CENTRO DE FORMACAO DE CONDUTORES CRISTAIS LTDA ME,08200003,3681318.0,33,-0.586462,7,BAIXO,2025-11-28,2026-04-05 18:00:43.371636
1994,1376713,"AQUISIÇÃO DE ELTROMBOPAGUE OLAMINA, COMPRIMIDO REVESTIDO, 25MG E ELTROMBOPAGUE OLAMINA, COMPRIMIDO REVESTIDO, 50MG PARA ATENDER DEMANDAS JUDICIAIS.",ONCOEXO DISTRIBUIDORA DE MEDICAMENTOS LTDA,24200004,18339216.0,197,-0.586416,7,BAIXO,2025-06-17,2026-04-05 18:00:43.371636
591,1410096,"Contratação de Serviços em horas/ano, nas Áreas de TÉCNICO DE ENFERMAGEM.",COOPERATIVA DE TRABALHO DE ATENDIMENTO PRE-HOSPITALAR LTDA COAPH,24200424,34408560.0,365,-0.586362,7,BAIXO,2025-12-03,2026-04-05 18:00:43.371636
1580,1386069,"Aquisição de 14 (quatorze) equipamentos de Raio-X Odontológico, com a finalidade de atender às demandas dos Centros de Especialidades Odontológicas (CEOs) dos municípios de Caucaia, São Gonçalo do Amarante, Baturité, Itapipoca, Aracati, Acaraú, Camocim, Crateús, Ubajara, Brejo Santo, Crato, Icó, Iguatu e Canindé.",DENTAL ALTA MOGIANA COMÉRCIO DE PRODUTOS ODONTOLÓGICOS LTDA,24200004,34098260.0,365,-0.586362,7,BAIXO,2025-08-19,2026-04-05 18:00:43.371636
133,1418526,AQUISIÇÃO DE GÊNEROS  ALLIMENTÍCIOS PARA MERENDA ESCOLAR EM FAVOR DA EEMTI EDITE ALCÂNTARA MOTA - ITAPIPOCA - CREDE 02.,A C F VIANA NETO & CIA LTDA,22000000,1440.0,365,-0.58635,6,BAIXO,2026-03-04,2026-04-05 18:00:43.371636
1160,1400705,AQUISIÇÃO  - SERVIÇO CONTÁBIL - EEMTI MATIAS BECK - SEFOR 2,ANTONIA VEBEANE DE ALMEIDA CONTABILIDADE,22000000,1440.0,365,-0.58635,6,BAIXO,2025-10-17,2026-04-05 18:00:43.371636
35,1423011,Contratação de Serviços de Assessoria Contábil - EEMTI FRANCISCO DE ALMEIDA MONTE - ALCANTARAS - CREDE 6 -,ANTONIA VEBEANE DE ALMEIDA CONTABILIDADE,22000000,1440.0,365,-0.58635,6,BAIXO,2026-03-23,2026-04-05 18:00:43.371636
1301,1394950,"Construção de muro, pavimentação e colocação de portão de acesso, no terreno onde encontra-se instalado o radar meteorológico da FUNCEME no município do Eusébio-ce.",ALTIZ CONSTRUCOES E SERVICOS LTDA,29200007,19800961.0,241,-0.586346,6,BAIXO,2025-09-29,2026-04-05 18:00:43.371636
1922,1378209,MATERIAL DE PROTEÇÃO E SEGURANÇA - 2025 - EEEP CLEMENTE OLINTHO TÁVORA ARRUDA - BATURITE - CREDE 8,FLOR CIRÚRGICA COMERCIAL LTDA - ME,22000000,1160.0,188,-0.58611,6,BAIXO,2025-06-26,2026-04-05 18:00:43.371636
966,1405444,"FÓRMULA, LÁCTEA INFANTIL, LACTENTES,1º SEMESTRE, MODIFICADA, SEM SACAROSE, SEM ADIÇÃO DE AMIDO, TEOR DE GORDURA ANIMAL MAIOR OU IGUAL 2%, LATA MÍNIMO 400 G, suprir a demanda das crianças expostas ao HIV, tendo em vista que a epidemia da Aids no Estado apresenta um perfil de pauperização, e as crianças expostas não podem ser amamentadas.",SELLENE COMÉRCIO E REPRESENTAÇÕES LTDA,24200004,5914088.0,55,-0.586064,6,BAIXO,2025-11-06,2026-04-05 18:00:43.371636
10,1423249,"AQUISIÇÃO DE MATERIAL FARMACOLÓGICO, (CEFTAZIDIMA, + AVIBACTRAM, 2.000 MG + 500MG, PO PARA SOLUCAO PARA
INFUSAO) PARA O HOSPITAL GERAL DE FORTALEZA - HGF/SESA.",PFIZER BRASIL LTDA,24200184,21009825.0,276,-0.586057,6,BAIXO,2026-03-30,2026-04-05 18:00:43.371636
1537,1387432,"AQUISIÇÃO DE ISOSSORBIDA MONONITRATO, 20MG PARA ATENDER DEMANDAS JUDICIAIS",T S COMERCIAL DE MEDICAMENTOS E REPRESENTACAO LTDA,24200004,1296.0,127,-0.586017,6,BAIXO,2025-08-26,2026-04-05 18:00:43.371636
274,2026000007,Adobe Creative Cloud  -  03 (três) anos,MCR SISTEMAS E CONSULTORIA LTDA,57000000,141885.0,1096,-0.585995,6,BAIXO,2026-02-09,2026-04-05 18:00:43.371636
937,1406031,"AQUISIÇÃO DE NINTEDANIBE ESILATO, 150 MG OFEV, CAPSULA (OFEV) PARA ATENDER DEMANDAS JUDICIAIS.",BOEHRINGER INGELHEIM DO BRASIL QUIMICA E FARMACEUTICA LTDA.,24200004,5699520.0,51,-0.585992,6,BAIXO,2025-11-10,2026-04-05 18:00:43.371636
512,1411367,AQUISIÇÃO DE MATERIAL DE CONSUMO PARA ATENDER AS NECESSIDADES DA SRCEN (QUIXADÁ),FG COMERCIO TENDTUDO LTDA,24200004,1885.0,23,-0.585891,6,BAIXO,2025-12-08,2026-04-05 18:00:43.371636
1910,1412276,"O objeto do presente instrumento é a aquisição de brita nº 03 para Lastro Ferroviário, Item 01, nas condições estabelecidas neste contrato e no Termo de Referência do edital e na proposta do CONTRATADO",D. V. PINHEIRO LTDA,08200007,2211750.0,729,-0.585846,6,BAIXO,2025-06-30,2026-04-05 18:00:43.371636
1543,1387192,"CIPROFIBRATO, 100MG, COMPRIMIDO, UNIDADE 1.0 COMPRIMIDO. MARCA: BIOLAB, Solicitação de compra de medicamento para atender a Programação Pactuada Integrada (PPI)",MCW PRODUTOS MEDICOS E HOSPITALARES LTDA,24200004,12789525.0,128,-0.585829,6,BAIXO,2025-08-25,2026-04-05 18:00:43.371636
1981,1377117,"RITUXIMABE, 10MG/ML, SOLUCAO PARA DILUICAO PARA INFUSAO, FRASCO 10ML, RITUXIMABE, 10MG/ML, SOLUCAO PARA DILUICAO PARA INFUSAO, FRASCO 50ML. Solicitação de compra de medicamento para a Rede Hospitalar/SESA",NORD PRODUTOS EM SAUDE LTDA,24200004,17516055.0,196,-0.585791,6,BAIXO,2025-06-18,2026-04-05 18:00:43.371636
1737,1382323,"AQUISIÇÃO DE MEDICAMENTO: CLONAZEPAM, 2MG, COMPRIMIDO. PARA ATENDER A PROGRAMAÇÃO PACTUADA INTEGRADA - PPI",SANTA BRANCA DISTRIBUIDORA DE MEDICAMENTOS LTDA - EPP,24200004,13698168.0,154,-0.585707,6,BAIXO,2025-07-30,2026-04-05 18:00:43.371636
571,1410998,"Prestação de serviços, por Centros de Formação de Condutores (CFC), referentes à realização de Cursos de Formação Teórico-Técnico e Prática de Direção Veicular, visando a formação e capacitação de candidatos à obtenção da primeira habilitação no âmbito do programa CNH Popular.",CENTRO DE FORMACAO DE CONDUTORES FERREIRA & FONTES LTDA,08200003,2887507.0,27,-0.585592,6,BAIXO,2025-12-04,2026-04-05 18:00:43.371636
2230,1370442,Material de limpeza e produção de higienização - EEEP EDSON QUEIROZ - CASCAVEL - CREDE 9,F C SOARES E SILVA - ME,22000000,1230.0,232,-0.585571,6,BAIXO,2025-05-13,2026-04-05 18:00:43.371636
102,1418669,"PEGASPARGASE , 750U/ML, SOLUCAO INJETAVEL FRASCO AMPOLA 5ML. PARA ATENDER A UNIDADES DE SAÚDE DO ESTADO DO CEARÁ/SESA", ONCO PROD DISTRIBUIDORA DE PRODUTOS HOSPITALARES E ONCOLOGICOS LTDA.,24200004,20745655.0,296,-0.585525,6,BAIXO,2026-03-10,2026-04-05 18:00:43.371636
774,1408604,AQUISIÇÃO DE ACESSÓRIO: TRASDUTOR PARA ULTRASSOM - TRASDUTOR LINEAR L12-5 50 EPIQ.,PHILIPS MEDICAL SYSTEMS LTDA,24200364,3752976.0,36,-0.585524,6,BAIXO,2025-11-25,2026-04-05 18:00:43.371636
1193,1399279,Serviço de Consultoria Contábil - EEFM HERÁCLITO DE CASTRO E SILVA - SEFOR 1,SANTOS SERVICOS CONTABEIS LTDA,22000000,1450.0,365,-0.585451,6,BAIXO,2025-10-14,2026-04-05 18:00:43.371636
205,1416511,SERVIÇO TÉCNICOS PROFISSIONAIS - SERVIÇO DE ASSESSORIA CONTÁBIL À FAVOR DA EEEP PROFESSORA LUIZA DE TEODORO VIEIRA - PACATUBA - CREDE 1,SANTOS SERVICOS CONTABEIS LTDA,22000000,1450.0,365,-0.585451,6,BAIXO,2026-02-23,2026-04-05 18:00:43.371636
206,1415797,AQUISIÇÃO - SERVIÇOS - TÉCNICOS PROFISSIONAIS - ESCOLA INDÍGENA DIREITO DE APRENDER DO POVO ANACÉ - CAUCAIA - CREDE 1,SANTOS SERVICOS CONTABEIS LTDA,22000000,1450.0,365,-0.585451,6,BAIXO,2026-02-23,2026-04-05 18:00:43.371636
2305,1375524,Aquisição de material médico hospitalar por meio da ATA N° 2024/16244 para atender as necessidades do HCASG.,PRONTIDAO COMERCIO DE PRODUTOS HOSPITALARES LTDA.,24200214,1238.0,240,-0.585444,6,BAIXO,2025-05-05,2026-04-05 18:00:43.371636
979,1405854,PROCEDENTE DA ATA DE REGISTRO DE PREÇO  nº 2025/08005  INSTRUMENTO CONVOCATÓRIO Nº 2024/0664  ORDEM DE COMPRA Nº 95472/2025 CUJO OBJETO E AQUISIÇÃO DE MEDICAMENTOS MEDICO E AMBULATORIAL PARA ATENDER AS NECESSIDADES DO HGCC.,PANORAMA COMERCIO DE PRODUTOS MEDICOS E FARMACEUTICOS LTDA,24200194,1404.0,56,-0.58537,6,BAIXO,2025-11-05,2026-04-05 18:00:43.371636
2164,1372473,"AQUISIÇÃO DE MEDICAMENTO: BUDESONIDA, 200MCG, CAPSULA DURA COM PO PARA INALACAO + INALADOR, 60 CAPSULAS  -  FORMOTEROL FUMARATO DIHIDRATADO + BUDESONIDA, 12MCG + 400MCG, CAPSULA COM PO INALANTE + INALADOR OU DOSES EM DISPOSITIVO INALADOR COM 60 DOSES. PARA ATENDER O COMPONENTE ESPECIALIZADO DA ASSISTÊNCIA FARMACÊUTICA (CEAF)",UNI HOSPITALAR CEARA LTDA-EPP,24200004,20348415.0,222,-0.585356,5,BAIXO,2025-05-23,2026-04-05 18:00:43.371636
511,1411183,Aquisição de Firewall,NTSEC SOLUCOES EM TELEINFORMATICA LTDA,10200014,139875.0,1096,-0.58525,5,BAIXO,2025-12-08,2026-04-05 18:00:43.371636
1788,1381035,"O objeto do presente instrumento é a contratação de solução de tecnologia da informação e comunicação de licenças de softwares de Design Gráfico, com direito de atualização e suporte, nas condições estabelecidas no Termo de Referência.",MCR SISTEMAS E CONSULTORIA LTDA,30200003,139750.0,1095,-0.58525,5,BAIXO,2025-07-21,2026-04-05 18:00:43.371636
481,1411537,"Serviços de Consultoria Individual de Especialista em Gestão Financeira e Orçamentária, para Assessorar a Unidade De Gerenciamento de Projetos ¿ UGP na Execução, Monitoramento e Prestação de Contas no Âmbito do Programa Integrado de Prevenção e Redução da Violência ¿ PReVio.",EMMANUELLE CARNEIRO MEIRELES,30000000,19610184.0,427,-0.585183,5,BAIXO,2025-12-09,2026-04-05 18:00:43.371636
482,1411468,"Serviços de Consultoria Individual de Especialista em Gestão Financeira e Orçamentária, para Assessorar a Unidade De Gerenciamento de Projetos ¿ UGP na Execução, Monitoramento e Prestação de Contas no Âmbito do Programa Integrado de Prevenção e Redução da Violência - PReVio.",RAIMUNDO CÉSAR DE ALENCAR MEDEIROS JUNIOR,30000000,19610184.0,427,-0.585183,5,BAIXO,2025-12-09,2026-04-05 18:00:43.371636
1115,1407853,Aquisição de medicamento de acordo com a ATA N°2025/11477 para atender as necessidades do HCASG.,EMMARKA DISTRIBUIDORADE MEDICAMENTOS LTDA,24200214,7930015.0,69,-0.585142,5,BAIXO,2025-10-23,2026-04-05 18:00:43.371636
1906,1379056,"AQUISIÇÃO DE MATERIAL TÉCNICO HOSPITALAR PARA O HOSPITAL GERAL DE FORTALEZA (PARAFUSO, CORTICAL 5,0MM, BLOQUEIO, 18 A 50MM, AUTOROSQUEANTE)",AGF MEDICAL LTDA,24200184,1150.0,183,-0.585118,5,BAIXO,2025-07-01,2026-04-05 18:00:43.371636
871,1407879,"Serviços comuns de Engenharia para Manutenção Preventiva e Corretiva das instalações Físicas Prediais e Equipamentos Públicos, com fornecimento de mão de obra, materiais e peças de reposição, por percentual de desconto sobre as tabelas de serviços da SEINFRA 28 e 28.1 para atender as necessidades da Casa Civil, na RESIDÊNCIA OFICIAL, nas condições estabelecidas neste contrato e no Termo de Referência do edital e na proposta do CONTRATADO.",KG CONSTRUÇÕES LTDA - EPP,30000000,33685163.0,365,-0.585108,5,BAIXO,2025-11-13,2026-04-05 18:00:43.371636
83,1419495,"Serviço de Manutenção Preventiva e Corretiva para atender as necessidades da dormitório (Ala 1) e da disciplinar do Centro Socioeducativo Dom Bosco, localizada na Zona Leste da Região Metropolitana de Fortaleza/CE",KG CONSTRUÇÕES LTDA - EPP,47100004,33886159.0,365,-0.585108,5,BAIXO,2026-03-12,2026-04-05 18:00:43.371636
1817,1380807,"Serviços comum de Engenharia para manutenção Preventiva e Corretiva das instalações Físicas Prediais e Equipamentos Públicos, com fornecimento de mão de obra, materiais e peças de reposição, por percentual de desconto sobre as tabelas de serviços da SEINFRA 28 e 28.1 para atender as necessidades dos Órgãos e entidades da Administração Pública Estadual do Ceará localizadas na Capital e nas Zonas Sul, Leste e Oeste da Região Metropolitana de Fortaleza/CE",KG CONSTRUÇÕES LTDA - EPP,47100004,33715139.0,365,-0.585108,5,BAIXO,2025-07-16,2026-04-05 18:00:43.371636
1130,1402975,"Contratação da Empresa de Tecnologia da Informação do Ceará (ETICE), para prestação de serviços de gestão do processo de
transformação de serviços da Junta Comercial do Estado do Ceará, com foco na inovação, modelagem, padronização e melhoria da experiência do cidadão.",EMPRESA DE TECNOLOGIA DA INFORMACAO DO CEARA ETICE,56200007,33912204.0,365,-0.585108,5,BAIXO,2025-10-21,2026-04-05 18:00:43.371636
1802,1380778,"A aludida contratação tem por escopo a substituição do Contrato nº. 20/2024, firmado com a empresa Trevo Serviços e Eventos LTDA, e tem como objeto atender às necessidades das áreas de Serviços Diversos, para as categorias, condições e quantidades de acordo com as especificações e quantitativos previstos no Termo de Referência acostado aos autos (págs. 152/174).",PRIORIDADE SERVICOS TERCEIRIZADOS LTDA,59000000,33672024.0,365,-0.585108,5,BAIXO,2025-07-17,2026-04-05 18:00:43.371636
865,1407436,"Contratação emergencial de serviços de administração, pesagem, preparo e fornecimento diário de forragens para os animais apreendidos e confinados na Fazenda Dra. Paula Rodrigues.",A.C. COMERCIO DE PAPEIS E SERVICOS DE TRANSPORTES EIRELI,08200003,33645252.0,365,-0.585108,5,BAIXO,2025-11-14,2026-04-05 18:00:43.371636
792,1408409,"AQUISIÇÃO: MICONAZOL NITRATO, BISNAGA 80G + APLICADOR, 20MG/G, CREME VAGINAL. PARA ATENDER A PROGRAMAÇÃO PACTUADA INTEGRADA - PPI",NDS DISTRIBUIDORA DE MEDICAMENTOS LTDA,24200004,3841500.0,37,-0.58507,5,BAIXO,2025-11-24,2026-04-05 18:00:43.371636
201,1416876,Aquisição de caneta marcadora,M C VITORIANO DE QUEIROZ,29200001,1272.0,310,-0.585067,5,BAIXO,2026-02-24,2026-04-05 18:00:43.371636
2326,1368424,"AQUISIÇÃO DE MATERIAL DE CONSUMO - EXPEDIENTE,  PARA ATENDER AS NECESSIDADES DA EEM CAMILO BRASILIENSE.  CAMILO BRASILIENSE EEM - CREDE 8",LEONARDO FERREIRA GOMES,22000000,1240.0,245,-0.585022,5,BAIXO,2025-04-30,2026-04-05 18:00:43.371636
683,1409584,"Prestação de serviços, por Centros de Formação de Condutores (CFC), referentes à realização de Cursos de Formação Teórico-Técnico e Prática de Direção Veicular, visando a formação e capacitação de candidatos à obtenção da primeira habilitação no âmbito do programa CNH Popular.",CENTRO DE FORMACAO DE CONDUTORES NOBRE LTDA,08200003,3566052.0,33,-0.584999,5,BAIXO,2025-11-28,2026-04-05 18:00:43.371636
277,1414427,"Aquisições de material de consumo ¿ expediente (utensílios metálicos), para atender a necessidade do HEMOCE, com entrega imediata, através da OC 06480/2026, ARP 2025/02063, PE 0013/2025.",SUPRIMAX COMERCIAL LTDA,24200424,1305.0,325,-0.584936,5,BAIXO,2026-02-09,2026-04-05 18:00:43.371636
1706,1382641,"AQUISIÇÃO DE MEDICAMENTO: CARVEDILOL, 6,25MG, COMPRIMIDO. PARA ATENDER A PROGRAMAÇÃO PACTUADA INTEGRADA - PPI",CIMED INDUSTRIA S.A.,24200004,13180725.0,149,-0.584904,5,BAIXO,2025-08-04,2026-04-05 18:00:43.371636
108,1418468,"IBUPROFENO, 50MG/ML, SUSPENSAO ORAL, FRASCO 30ML",ELFA MEDICAMENTOS S.A.,24200004,20797043.0,297,-0.58489,5,BAIXO,2026-03-09,2026-04-05 18:00:43.371636
464,1411585,"ATA de registro de preços Nº 2025/01114, Pregão eletrônico  20240865, que tem como objeto aquisição - MATERIAL FARMACOLÓGICO",EMMARKA DISTRIBUIDORADE MEDICAMENTOS LTDA,24200204,1729725.0,19,-0.584853,5,BAIXO,2025-12-12,2026-04-05 18:00:43.371636
1997,1376735,"AQUISIÇÃO DE BELIMUMABE, PO LIOFILIZADO PARA SOLUCAO INJETAVEL, 400MG PARA ATENDER DEMANDAS JUDICIAIS.",T S COMERCIAL DE MEDICAMENTOS E REPRESENTACAO LTDA,24200004,17475084.0,197,-0.584831,5,BAIXO,2025-06-17,2026-04-05 18:00:43.371636
457,1411819,"CT 139/2025 - CEPAL - O objeto do presente instrumento é a aquisição de materiais e equipamentos para produção e beneficiamento dos produtos das abelhas, nas condições estabelecidas neste contrato, no Termo de Referência do edital, na proposta do CONTRATADO e na ORDEM DE COMPRA/SERVIÇO Nº 98043/2025 - ATA DE REGISTRO DE PREÇO Nº 2025/16314: 545 (quinhentos e quarenta e cinco) COLMEIA; 104 (cento e quatro) FUMIGADOR; 104 (cento e quatro) FORMÃO; 106 (cento e seis) INDUMENTÁRIA APÍCOLA; 20 (vinte) CERA.",COMERCIO E SERVICOS JOBACAR LTDA,21000000,31799361.0,364,-0.584713,5,BAIXO,2025-12-15,2026-04-05 18:00:43.371636
1434,1394306,"Aquiisição de equipamentos de escritório destinados a atender às necessidades dos Comitês de Bacias Hidrográficas do Ceará, utilizando recursos do Procomitês.",COMERCIAL MODELO DE MAQUINAS E PAPEIS LTDA ,29000000,16163826.0,182,-0.58471,5,BAIXO,2025-09-09,2026-04-05 18:00:43.371636
1609,1384923,AQUISIÇÃO  MATERIAL DE CONSUMO - MATERIAL DE PROTEÇÃO E SEGURANÇA - EEMPC FRANCISCA PINTO DOS SANTOS - OCARA - CREDE 8,CFB CHAVES ME,22000000,1200.0,140,-0.584679,5,BAIXO,2025-08-13,2026-04-05 18:00:43.371636
2408,1366997,Material de Processamento de Dados - EEEP PEDRO DE QUEIROZ LIMA - BEBERIBE - CREDE 9,NOOBI COMERCIO ELETRONICO LTDA ,22000000,1292.0,253,-0.584679,4,BAIXO,2025-04-22,2026-04-05 18:00:43.371636
219,1421536,"MANUTENCAO DE VEICULOS MOTORIZADOS - SERVICOS DE ADMINISTRACAO, GERENCIAMENTO E CONTROLE DE FROTA PARA MANUTENCAO PREVENTIVA E CORRETIVA, FORNECIMENTO DE PECAS, SERVICOS, ACESSORIOS, REBOQUE.",TICKET GESTAO EM MANUTENCAO EZC S.A ,21200001,15000000.0,179,-0.584663,4,BAIXO,2026-02-20,2026-04-05 18:00:43.371636
2346,1368270,"CT 061/2025 - CODEA - Constitui o objeto deste contrato o patrocínio concedido à PATROCINADA para a realização da V Feira Nacional da Reforma Agrária, que acontecerá no período de 08 a 11 de maio de 2025, composto por ações que irão promover a comercialização direta para os consumidores dos produtos de assentamentos da reforma agrária de todo o Brasil e especificamente terá o papel de divulgar a reforma agrária como estratégia de desenvolvimento nacional e alternativa para acesso a alimentos saudáveis, bem como ser um espaço de formação e debate entre campo e cidade, além de promover a cultura popular, como estratégia de valorização do campo, conforme FORMULÁRIO DE PATROCÍNIO em anexo, parte integrante deste instrumento, independentemente de sua transcrição.",CASA BRASILEIRA DE PESQUISA E COOPERACAO,21000000,15000000.0,179,-0.584663,4,BAIXO,2025-04-29,2026-04-05 18:00:43.371636
231,1418105,"SERVICO DE GERENCIAMENTO, INCLUINDO ABASTECIMENTO E SERVICOS DE VEICULOS E MAQUINARIOS COM A UTILIZACAO DE CARTAO MAGNETICO OU ELETRONICO EM REDE DE SERVICOS ESPECIALIZADA.",TICKET SOLUCOES HDFGT S/A,21200001,15000000.0,179,-0.584663,4,BAIXO,2026-02-20,2026-04-05 18:00:43.371636
1546,1387154,MANUTENÇÃO PREVENTIVA E CORRETIVA DA FROTA DE VEÍCULOS DA EMATERCE,TICKET GESTAO EM MANUTENCAO EZC S.A ,21200001,15000000.0,179,-0.584663,4,BAIXO,2025-08-25,2026-04-05 18:00:43.371636
240,1415185,AQUISIÇÃO DE MATERIAL DE LIMPEZA E PRODUÇÃO DE HIGIENIZAÇÃO PARA ATENDER A EEEP JOAQUIM ANTÔNIO ALBANO - SEFOR 2,K. N. B. DA SILVA,22000000,1311.0,315,-0.584655,4,BAIXO,2026-02-19,2026-04-05 18:00:43.371636
997,1407501,Aquisição de material médico hospitalar por meio da ATA N° 2025/00253 para atender as necessidades do HCASG.,BIOSAUDE PRODUTOS HOSPITALARES LTDA,24200214,5921554.0,57,-0.584649,4,BAIXO,2025-11-04,2026-04-05 18:00:43.371636
492,1411245,Aquisição de material de consumo (Copos de vidro) por meio de adesão de Ata de Registro nº 2025/31511 para atender as necessidades da Procuradoria Geral do Estado do Ceará.,C A ALIMENTOS LTDA,13000000,1960.0,23,-0.584642,4,BAIXO,2025-12-08,2026-04-05 18:00:43.371636
490,1411280,"AQUISIÇÃO DE MATERIAL MÉDICO HOSPITALAR, (LAMINA, PARA ARTROSCOPIA DE JOELHO, SHAVER, PARTES MOLES, ACO INOX, 3 - 6MM, ENCAIXE DE POLIETILENO GRAU CIRURGICO, ESTERIL) PARA O HOSPITAL GERAL DE FORTALEZA-HGF/SESA.",PRO-VIDA COMERCIO DE PRODUTOS MEDICOS LTDA ,24200184,2034.0,23,-0.584642,4,BAIXO,2025-12-08,2026-04-05 18:00:43.371636
1376,1392530,AQUISIÇÃO - MATERIAL DE CONSUMO - FERRAMENTAS (COMPLEMENTAR) - EEMTI JOSÉ JOACY PEREIRA - ARATUBA - CREDE 8,FRANCISCO MATEUS DA ROCHA DO NASCIMENTO 27634641812,22000000,1422.0,104,-0.584568,4,BAIXO,2025-09-18,2026-04-05 18:00:43.371636
1465,1389609,MATERIAL DE LIMPEZA E PRODUÇÃO DE HIGIENIZAÇÃO - EEM PADRE ARIMATÉIA DINIZ - CASCAVEL - CREDE 9,F C SOARES E SILVA - ME,22000000,1400.0,119,-0.58455,4,BAIXO,2025-09-03,2026-04-05 18:00:43.371636
828,1407995,"Prestação de serviços, por Centros de Formação de Condutores (CFC), referentes à realização de Cursos de Formação Teórico-Técnico e Prática de Direção Veicular, visando a formação e capacitação de candidatos à obtenção da primeira habilitação no âmbito do programa CNH Popular.",CENTRO DE FORMAÇÃO DE CONDUTORES PALMA LTDA - ME,08200003,4579663.0,42,-0.584548,4,BAIXO,2025-11-19,2026-04-05 18:00:43.371636
1281,1397616,Aquisição de serviços técnicos profissionais para a manutenção das atividades escolares e administrativas da EEEP RAIMUNDO CELIO RODRIGUES - PACATUBA - CREDE 1,ANTONIA VEBEANE DE ALMEIDA CONTABILIDADE,22000000,1510.0,364,-0.584481,4,BAIXO,2025-10-01,2026-04-05 18:00:43.371636
2104,1379052,"CT 073/2025 - IL 004/2025 - CODEP - Constitui objeto deste Instrumento, a contratação de empresa laticinista para captação, pasteurização, envasamento, transporte e entrega de leite bovino pasteurizado integral e/ou leite caprino padronizado, para o PROGRAMA DE AQUISIÇÃO DE ALIMENTOS ¿ MODALIDADE PAA-LEITE, referentes ao(s) Lote(s) LOTE CAPRINO: 01 (1.000 litros), com um volume total de Leite CAPRINO - 48.000.",MARIANA BARROS DA SILVA ME,21000000,2692800.0,667,-0.584477,4,BAIXO,2025-06-02,2026-04-05 18:00:43.371636
1958,1377719,"AQUISIÇÃO DE MEDICAMENTO: VALSARTANA, SACUBITRIL, 50MG, COMPRIMIDO REVESTIDO. PARA ATENDER O COMPONENTE ESPECIALIZADO DA ASSISTÊNCIA FARMACÊUTICA - CEAF",ONCOEXO DISTRIBUIDORA DE MEDICAMENTOS LTDA,24200004,15058008.0,190,-0.58445,4,BAIXO,2025-06-24,2026-04-05 18:00:43.371636
2386,1370976,MATERIAL DE EXPEDIENTE; COLÉGIO ESTADUAL LICEU DO CEARÁ - EEMTI - SUPERINTENDÊNCIA DAS ESCOLAS ESTADUAIS DE FORTALEZA (SEFOR 2),F C COMERCIO DE MATERIAIS DE LIMPEZA LTDA,22000000,1232.0,251,-0.584446,4,BAIXO,2025-04-24,2026-04-05 18:00:43.371636
485,1411279,"AQUISIÇÃO DE MEDICAMENTO: AMOXICILINA, 250MG/5ML, PO PARA SUSPENSAO ORAL FRASCO 150ML. PARA ATENDER A PROGRAMAÇÃO PACTUADA INTEGRADA - PPI",HOSPDROGAS COMERCIAL LTDA,24200004,2085800.0,23,-0.584275,4,BAIXO,2025-12-08,2026-04-05 18:00:43.371636
2006,1376404,"RECURSO DESTINADO AQUISIÇÃO DE MEDICAMENTO, REFERENTE A ATA DO RP 2024/15179 - PARA O HSJ.",ANTIBIOTICOS DO BRASIL LTDA,24200224,1180.0,198,-0.584266,4,BAIXO,2025-06-16,2026-04-05 18:00:43.371636
304,1418650,"AQUISIÇÃO FITA ADESIVA PEQUENA TAMANHO 12MM X 30M, TRANSPA DUREX",F C SOARES E SILVA - ME,08200007,1470.0,331,-0.584216,4,BAIXO,2026-02-03,2026-04-05 18:00:43.371636
1797,1380715,"AQUISIÇÃO DE GÊNEROS ALIMENTÍCIOS (PREGÃO ELETRÔNICO)  PARA MERENDA DOS ALUNOS DA EEEP ADERSON BORGES DE CARVALHO,  (CREDE 19 - JUAZEIRO DO NORTE)",MARIA ADAGLENE MOREIRA DE SOUSA GOMES,22000000,964249.0,12,-0.584197,4,BAIXO,2025-07-17,2026-04-05 18:00:43.371636
2362,1367576,"Aquisição de Material de Expediente, destinado a atender as necessidades da EEMTI LICEU DE TIANGUÁ JOSÉ NI MOREIRA no exercício de 2025.CREDE 5 - TIANGUÁ)",LIARTES PAPELARIA LTDA,22000000,1260.0,250,-0.58419,4,BAIXO,2025-04-25,2026-04-05 18:00:43.371636
1952,1378395,MATERIAL ELÉTRICO E ELETRÔNICO - EEFM ARQUITETO ROGÉRIO FROES - SEFOR 2,SERVSUPR SERVICOS ADMINISTRATIVOS LTDA,22000000,1136.0,190,-0.584169,4,BAIXO,2025-06-24,2026-04-05 18:00:43.371636
155,1417625,"Aquisições de medicamentos para atender a necessidade do HEMOCE, através de entrega imediata, OC 13617/2026, ARP 2025/00241, PE 366/2025.",FARMACE IND QUIMICO FARM CEARENSE       ,24200424,1318.0,303,-0.584101,4,BAIXO,2026-03-03,2026-04-05 18:00:43.371636
737,1409075,"Aquisição de seringas e agulhas, destinados à utilização nas diversas estratégias de vacinação adotadas pela Coordenadoria de Imunização (COIMU) em seu Programa Estadual de Imunização.",DISTRIBUIDORA MUNDIAL DE PROD HOSP LTDA.,24200004,3640500.0,34,-0.58408,4,BAIXO,2025-11-27,2026-04-05 18:00:43.371636
532,1410783,"Prestação de serviços, por Centros de Formação de Condutores (CFC), referentes à realização de Cursos de Formação Teórico-Técnico e Prática de Direção Veicular, visando a formação e capacitação de candidatos à obtenção da primeira habilitação no âmbito do programa CNH Popular.",CENTRO DE FORMACAO DE CONDUTORES LIDER LTDA,08200003,2757227.0,26,-0.584072,4,BAIXO,2025-12-05,2026-04-05 18:00:43.371636
1996,1376812,RECURSO DESTINADO A AQUISIÇÃO DE MEDICAMENTO CONFORME ATA Nº 2025/03754 PARA HSJ,NDS DISTRIBUIDORA DE MEDICAMENTOS LTDA,24200224,1188.0,197,-0.584069,3,BAIXO,2025-06-17,2026-04-05 18:00:43.371636
2473,1365408,"AQUISIÇÃO DE TRAMADOL CLORIDRATO, 50MG, CAPSULA PARA ATENDER DEMANDAS JUDICIAIS.",T S COMERCIAL DE MEDICAMENTOS E REPRESENTACAO LTDA,24200004,1188.0,266,-0.584066,3,BAIXO,2025-04-09,2026-04-05 18:00:43.371636
1041,1403781,"AQUISIÇÃO DE MEDICAMENTO: CARBAMAZEPINA, 20MG/ML, SUSPENSAO ORAL, FRASCO 100ML. PARA ATENDER A PROGRAMAÇÃO PACTUADA INTEGRADA - PPI",BELIEVE FARMA COMERCIO DE MEDICAMENTOS E MATERIAIS HOSPITALARES LTDA,24200004,6903835.0,62,-0.58405,3,BAIXO,2025-10-30,2026-04-05 18:00:43.371636
1051,1403266,"AQUISIÇÃO DE MEDICAMENTO: SULFAMETOXAZOL + TRIMETOPRIMA, 400MG + 80MG, COMPRIMIDO. PARA ATENDER A PROGRAMAÇÃO PACTUADA INTEGRADA - PPI",NDS DISTRIBUIDORA DE MEDICAMENTOS LTDA,24200004,6909228.0,63,-0.58405,3,BAIXO,2025-10-29,2026-04-05 18:00:43.371636
1055,1403198,"AQUISIÇÃO DE GLICLAZIDA, 60MG, COMPRIMIDO DE LIBERACAO PROLONGADA PARA ATENDER À PROGRAMAÇÃO PACTUADA INTEGRADA (PPI).",T S COMERCIAL DE MEDICAMENTOS E REPRESENTACAO LTDA,24200004,6919979.0,63,-0.58405,3,BAIXO,2025-10-29,2026-04-05 18:00:43.371636
1131,1400751,"AQUISIÇÃO DE MEDICAMENTO: CARBAMAZEPINA, 20MG/ML, SUSPENSAO ORAL, FRASCO 100ML. PARA ATENDER A PROGRAMAÇÃO PACTUADA INTEGRADA - PPI",BELIEVE FARMA COMERCIO DE MEDICAMENTOS E MATERIAIS HOSPITALARES LTDA,24200004,7735475.0,71,-0.584047,3,BAIXO,2025-10-21,2026-04-05 18:00:43.371636
69,1421244,AQUISIÇÃO DE MATERIAL MÉDICO HOSPITALAR,ALPHA MEDICAMENTOS E SOLUCOES EM SAUDE LTDA,24200234,1296.0,290,-0.584023,3,BAIXO,2026-03-16,2026-04-05 18:00:43.371636
1420,1408396,Aquisição de material médico hospitalar por meio da ATA N° 2024/33707 para atender as necessidades do HCASG.,EQUIPOS MEDICOS COMERCIO E REPRESENTACAO LTDA,24200214,1414.0,111,-0.58397,3,BAIXO,2025-09-11,2026-04-05 18:00:43.371636
1423,1407518,Aquisição de material médico hospitalar por meio da ATA N° 2024/33707 para atender as necessidades do HCASG.,EQUIPOS MEDICOS COMERCIO E REPRESENTACAO LTDA,24200214,1414.0,111,-0.58397,3,BAIXO,2025-09-11,2026-04-05 18:00:43.371636
1293,1394721,MATERIAL DE EXPEDIENTE - EEM ANANIAS DO AMARAL VIEIRA - MOMBAÇA - CREDE 14,M A PINHEIRO PAPELARIA - ME,22000000,1400.0,92,-0.583936,3,BAIXO,2025-09-30,2026-04-05 18:00:43.371636
466,1411571,"ATA de registro de preços Nº 2025/14526, Pregão eletrônico  20250114, que tem como objeto aquisição - MATERIAL FARMACOLÓGICO",PFIZER BRASIL LTDA,24200204,1680786.0,19,-0.583864,3,BAIXO,2025-12-12,2026-04-05 18:00:43.371636
12,1422983,MATERIAL DE COPA E COZINHA - EEMTI FRANCISCA MOREIRA DE SOUZA - BEBERIBE - CREDE 9,RC COMERCIAL E SERVICOS MIX LTDA,22000000,1200.0,276,-0.583795,3,BAIXO,2026-03-30,2026-04-05 18:00:43.371636
1198,1398340,DESTINADO A AQUISIÇÃO DE  MATERIAL ELÉTRICO E ELETRÔNICO  CONFORME ATA Nº 2024/22638 PARA HSJ,DELVALLE MATERIAIS ELETRICOS LTDA,24200224,1281.0,79,-0.583789,3,BAIXO,2025-10-13,2026-04-05 18:00:43.371636
1623,1384471,"AQUISIÇÃO DE MEDICAMENTO: PARACETAMOL, 500MG, COMPRIMIDO SIMPLES OU REVESTIDO. PARA ATENDER A PROGRAMAÇÃO PACTUADA INTEGRADA - PPI",NDS DISTRIBUIDORA DE MEDICAMENTOS LTDA,24200004,12716352.0,141,-0.583698,3,BAIXO,2025-08-12,2026-04-05 18:00:43.371636
346,1414279,AQUISIÇÃO DE MEDICAMENTO,SAUDE FARMA LTDA,10100013,1498.0,339,-0.583662,3,BAIXO,2026-01-26,2026-04-05 18:00:43.371636
663,1409702,Aquisição de material de consumo (LIMPEZA) para atender a demanda da COADS-TAUÁ,K. N. B. DA SILVA,24200004,1708.0,30,-0.58355,3,BAIXO,2025-12-01,2026-04-05 18:00:43.371636
1375,1392391,COTAÇÃO 10/2025 REF: MATERIAL DE LIMPEZA E PRODUÇÃO DE HIGIENIZAÇÃO EM FAVOR DA ESCOLA CEJA FREI JOSÉ ADEMIR DE ALMEIDA - CANINDE - CREDE 7,35.839.377 JOSE CARLOS EUFRASIO BARBOSA,22000000,1470.0,104,-0.583528,3,BAIXO,2025-09-18,2026-04-05 18:00:43.371636
798,1408550,"Prestação de serviços, por Centros de Formação de Condutores (CFC), referentes à realização de Cursos de Formação Teórico-Técnico e Prática de Direção Veicular, visando a formação e capacitação de candidatos à obtenção da primeira habilitação no âmbito do programa CNH Popular.",CENTRO DE FORMACAO DE CONDUTORES GENESIS LTDA - ME,08200003,3766063.0,37,-0.583518,3,BAIXO,2025-11-24,2026-04-05 18:00:43.371636
22,1422509,Aquisição de materiais de consumo diversos destinados ao Centro Odontológico da Diretoria de Saúde da PMCE. MAPP 480,RGN INSTRUMENTOS E EQUIPAMENTOS MEDICOS LTDA,10200008,1215.0,280,-0.583492,3,BAIXO,2026-03-26,2026-04-05 18:00:43.371636
521,1411281,"Prestação de serviços, por clínica especializada, referente à realização de exames de aptidão física e mental e avaliações psicológicas, bem como perícias médicas especiais, visando a formação e capacitação de candidatos à obtenção da primeira habilitação no âmbito do programa CNH Popular.",CLINICA MEDICA DO TRANSITO LTDA,08200003,2230866.0,24,-0.583448,3,BAIXO,2025-12-07,2026-04-05 18:00:43.371636
1158,1399724,SERVIÇOS DE MANUTENÇÃO CORRETIVA E PREVENTIVA EM PRÉDIOS PÚBLICOS - COBERTA DA QUADRA DE TREINAMENTO DO CFO.,KG CONSTRUÇÕES LTDA - EPP,43200007,14486841.0,457,-0.583434,3,BAIXO,2025-10-17,2026-04-05 18:00:43.371636
184,1416243,Material de Expediente - EEEP PEDRO DE QUEIROZ LIMA - BEBERIBE - CREDE 9,HSMSHOP COMERCIO DE PRODUTOS HOSPITALARES E VARIEDADES LTDA,22000000,1300.0,309,-0.583334,3,BAIXO,2026-02-25,2026-04-05 18:00:43.371636
289,1413784,"CANETA ESFEROGRAFICA, ESCRITA FINA, CORPO MATERIAL PLASTICO TRANSPARENTE 140MM, CARGA EM TUBO PLASTICO 130 MM, VARIACAO +/- 10%, ESFERA EM TUNGSTENIO, CORES VARIADAS, GRAVADO NO CORPO MARCA DO FABRICANTE, EMBALAGEM 1.0 UNIDADE.MARCA: ECONOMIC.",FG COMERCIO TENDTUDO LTDA,69000000,1400.0,328,-0.583299,3,BAIXO,2026-02-06,2026-04-05 18:00:43.371636
1584,1385771,AQUISIÇÃO DE MATERIAL DE CONSUMO- MATERIAL DE COPA E COZINHA (SALDO) - EEMTI MARIA DO CARMO BEZERRA - ACARAPE - CREDE 8,DISTRIMIX SOLUÇÕES & SERVIÇOS BRASIL LTDA,22000000,1327.0,135,-0.583253,3,BAIXO,2025-08-18,2026-04-05 18:00:43.371636
63,1420611,MATERIAL DE LIMPEZA E PRODUÇÃO DE HIGIENIZAÇÃO - CEJA DONANINHA ARRUDA - BATURITE - CREDE 8 -,M & M ANDRADE COMERCIO VAREJISTA DE PRODUTOS DE PAPELARIA EIRELI,22000000,1260.0,289,-0.583248,3,BAIXO,2026-03-17,2026-04-05 18:00:43.371636
2126,1373473,"Solicitação de compra de material medico para atender a Programação Pactuada Integrada (PPI) - TIRA, REATIVAS PARA GLICEMIA, SISTEMA PARA EVITAR INTERFERENCIA DE SUBSTANCIAS ENDOGENAS E EXOGENAS, TIRAS COM CAPTACAO DA AMOSTRA POR ABSORCAO OU ASPIRACAO PELAS EXTREMIDADES, TER AREA REAGENTE PARA VERIFICACAO DE GLICOSE EM SANGUE CAPILAR, EM TODAS FAIXAS ETARIAS, APRESENTANDO RESULTADOS NAO
ALTERADOS PELA LUZ, FRASCOS ATE 50.",ROCHE DIABETES CARE BRASIL LTDA,24200004,19200000.0,216,-0.583228,2,BAIXO,2025-05-29,2026-04-05 18:00:43.371636
1179,1399133,AQUISIÇÃO DE MATERIAL DE LIMPEZA E PRODUÇÃO DE HIGIENIZAÇÃO - EEMTI EDSON LUIZ CAVALCANTE DE GOUVÊA - IGUATU - CREDE 16,M.G.C. DE ALMEIDA GOMES,22000000,1350.0,77,-0.583199,2,BAIXO,2025-10-15,2026-04-05 18:00:43.371636
878,1406879,"AQUISIÇÃO DE MASCARA, DESCARTAVEL, TRES CAMADAS, DUAS EXTERNAS EM NAO TECIDO, HIPOALERGENICO, INODORO, COR BRANCA, AZUL OU VERDE, GRAMATURA TOTAL DE 60 A 80GR/MT2, MODELO RETANGULAR, PREGAS LONGITUDINAIS, DISPOSITIVO DE AJUSTE NASAL, ELASTICO PARA FIXACAO AURICULAR, TRATAMENTO REPELENTE AOS AGENTES LIQUIDOS, UMA CAMADA DE FILTRO MELTBLOWN PARA ATENDER DEMANDAS JUDICIAIS.",PCAT COMERCIO DE MATERIAL MEDICO - HOSPITALAR EIRELI,24200004,1512.0,48,-0.583175,2,BAIXO,2025-11-13,2026-04-05 18:00:43.371636
186,1416358,"AQUISIÇÃO DE MATERIAL FARMACOLÓGICO, (CEFTAZIDIMA, + AVIBACTRAM, 2.000 MG + 500MG, PO PARA SOLUCAO PARA
INFUSAO) PARA O HOSPITAL GERAL DE FORTALEZA - HGF/SESA.",PFIZER BRASIL LTDA,24200184,21009825.0,309,-0.583162,2,BAIXO,2026-02-25,2026-04-05 18:00:43.371636
500,1411360,"Adesão à Ata de preços 2025/01246, pregão eletrônico: 20250606 - CUJO OBJETO É BATERIA RECARREGÁVEL
SELADA CHUMBO ÁCIDO 10V - (51 UNIDADES (  para atrender as necessidades do SAMU 192 CE,",TEXAS IMPORTS COMÉRCIO IMPORTAÇÃO E EXPORTAÇÃO LTDA EPP,24200004,2038980.0,23,-0.583091,2,BAIXO,2025-12-08,2026-04-05 18:00:43.371636
78,1419732,Aquisição de material de limpeza para atender as necessidades da Perícia Forense do Estado do Ceará - Palha de aço,EB DISTRIBUIDORA LTDA,10100007,1320.0,294,-0.583087,2,BAIXO,2026-03-12,2026-04-05 18:00:43.371636
1635,1384329,"LANREOTIDA (ACETATO), 120MG, SOLUCAO INJETAVEL DE LIBERACAO PROLONGADA, SERINGA PREENCHIDA COM 0,5ML, Solicitação de compra de medicamento para a Rede Hospitalar/SESA",UNI HOSPITALAR LTDA,24200004,12750019.0,142,-0.583042,2,BAIXO,2025-08-11,2026-04-05 18:00:43.371636
1982,1408756,Aquisição de material médico hospitalar por meio da ATA N° 2025/12613 para atender as necessidades do HCASG.,CIRURGICA FERNANDES - COMÉRCIO DE MATERIAIS CIRÚRGICOS E HOSPITALARES LTDA,24200214,1200.0,196,-0.583041,2,BAIXO,2025-06-18,2026-04-05 18:00:43.371636
2016,1403061,AQUISIÇÃO DE MATERIAL DE CONSUMO (EXPEDIENTE) PARA ATENDER AS NECESSIDADES DA FUNECE,FRANCISCA SOUSA NETA - ME,31200001,1200.0,198,-0.583041,2,BAIXO,2025-06-16,2026-04-05 18:00:43.371636
1079,1402758,"AQUISIÇÃO DE MEDICAMENTO: TRIPTORRELINA, 22,5 MG, PO LIOFILIZADO PARA SUSPENSAO INJETAVEL DE LIBERACAO PROLONGADA, FRASCO AMPOLA + DILUENTE. PARA ATENDER O COMPONENTE ESPECIALIZADO DA ASSISTÊNCIA FARMACÊUTICA - CEAF",COMERCIAL CIRURGICA RIOCLARENSE LTDA,24200004,6916000.0,64,-0.582982,2,BAIXO,2025-10-28,2026-04-05 18:00:43.371636
2208,1371743,CONSTRUÇÃO DE UMA SALA DE AULA NO ANEXO DE TRANQUEIRAS,INTERLOC EMPREENDIMENTOS LTDA,22000000,10888935.0,479,-0.58294,2,BAIXO,2025-05-19,2026-04-05 18:00:43.371636
1946,1373363,"Locação de imóvel, situado na Rua Professor Edgard de Arruda, 1683, no bairro Dom Lustosa, Fortaleza ¿
CE, CEP 60526-042, para atender as necessidades de instalação de salas de aula do CAIC RAIMUNDO
GOMES DE CARVALHO. SRA. ANTONIA
GONÇALVES FERREIRA",ANTONIA GONÇALVES FERREIRA,22000000,32589384.0,365,-0.58293,2,BAIXO,2025-06-25,2026-04-05 18:00:43.371636
1210,1397992,"Formalização de Contrato de Serviço especializado em horas/ano, sobreaviso e procedimentos/diagnósticos de MÉDICO CIRURGIÃO GERAL por um período de 12 (doze) meses com a COOPERATIVA DOS CIRURGIÕES GERAIS DO CEARÁ LTDA ¿ COOCIRURGE, ARP 2025/21791, Pregão 20241655, Processo 24001.099275/2024-26 VALOR R$ 326.183,76.
Dotações Orçamentárias: 24200364.10.302.171.20572.03.33903400.2.600.9200000.1.3.01 - 24200364.10.302.171.20572.03.33903400.1.600.9200000.1.3.01 - 24200364.10.302.171.20572.03.33903400.1.500.9100000.0.3.01.",COOPERATIVA DOS CIRURG GERAIS DO CEARA,24200364,32618376.0,365,-0.58293,2,BAIXO,2025-10-10,2026-04-05 18:00:43.371636
417,1412000,"AQUISIÇÃO DE MATERIAL TÉCNICO HOSPITALAR PARA O HOSPITAL GERAL DE FORTALEZA (MICROCATETER, COMPATIVEL COM ALCOOL VINILICO DE ETILENO, RESISTENTE A ALTAS PRESSOES, SISTEMA DE SEGURANCA DE DESTACAMENTO DA PONTA, UTILIZADO PARA NEURORRADIOLOGIA INTERCENCIONISTA E INJECAO DE AGENTES EMBOLIZANTES, SISTEMA DE SEGURANCA DE DESTACAMENTO DA PONTA, DIAMETROS DE 1.2F A 1.5F X 165CM +/-5CM, EMBALAGEM 1.0 UNIDADE)",AUTO SUTURE DO BRASIL LTDA.,24200184,657000.0,8,-0.582898,2,BAIXO,2025-12-23,2026-04-05 18:00:43.371636
2472,1365474,"Aquisição de Material de Expediente, destinado a atender as necessidades da CREDE 10 ¿ Russas",FRANCISCA SOUSA NETA - ME,22000000,1200.0,266,-0.58287,2,BAIXO,2025-04-09,2026-04-05 18:00:43.371636
1538,1388285,SERVIÇO DE CONTABILIDADE - CENTRO CEARENSE DE IDIOMAS DE FORTALEZA R2 - UNIDADE PAPICU - SEFOR 2,PARTENAIRE CONTABILIDADE AUDITORIA E PLANEJAMENTO TRIBUTARIO SS,22000000,1600.0,360,-0.582836,2,BAIXO,2025-08-26,2026-04-05 18:00:43.371636
1615,1384921,Aquisição de material de consumo - LUVA ANTIDERRAPANTE,RABELO DISTRIBUIDORA LTDA,21200003,1275.0,140,-0.582779,2,BAIXO,2025-08-13,2026-04-05 18:00:43.371636
2306,1374479,RECURSO DESTINADO A AQUISIÇÃO DE MATERIAL DE EXPEDIENTE CONFORME ATA Nº 2024/12004 PARA HSJ,GMS JAMPA DISTRIBUIDORA LTDA,24200224,1275.0,241,-0.582731,2,BAIXO,2025-05-04,2026-04-05 18:00:43.371636
1012,1403876,"Aquisição de Material de Limpeza e Produção de Higienização (Material de Consumo), destinado a atender às necessidades da Escola Estadual de Educação Profissional Padre João Bosco de Lima - CREDE 20",61.189.383 PALOMA FERREIRA ALVES,22000000,1430.0,61,-0.582661,2,BAIXO,2025-10-31,2026-04-05 18:00:43.371636
1627,1384457,"AQUISIÇÃO DE MATERIAL MÉDICO HOSPITALAR, (CATETER PARA OXIGÊNIO TIPO SONDA, Nº 4FR EM PVC SILICONIZADO E BIOCOMPATÍVEL, DESTINADO À ADMINISTRAÇÃO
DE OXIGÊNIO POR VIA NASOFARÍNGEA, TUBO TRANSPARENTE OU VERDE TRANSLÚCIDO, DIÂMETRO EXTERNO DE 1,35MM (+/- 0,05 MM), 40 CM (+/- 2CM). ESTÉRIL) PARA O HOSPITAL GERAL DE FORTALEZA-HGF/SESA.",PANORAMA COMERCIO DE PRODUTOS MEDICOS E FARMACEUTICOS LTDA,24200184,1360.0,141,-0.582565,2,BAIXO,2025-08-12,2026-04-05 18:00:43.371636
1641,1384498,Contratação de Serviço de apoio logístico para Eventos.,SABOR E EVENTOS LTDA,22000000,32531250.0,365,-0.582536,2,BAIXO,2025-08-11,2026-04-05 18:00:43.371636
1381,1392363,Aquisição de material para atender a ASCOM/SEDUC. EMPRESA RG INSTALACAO E MANUTENCAO EQUIPAMENTOS ELETRICO ELETRONICOS LTDA.,RG INSTALACAO E MANUTENCAO EQUIPAMENTOS ELETRICO ELETRONICOS LTDA,22000000,1490.0,105,-0.582501,2,BAIXO,2025-09-17,2026-04-05 18:00:43.371636
522,1410956,"AQUISIÇÃO DE MATERIAL TÉCNICO HOSPITALAR PARA O HOSPITAL GERAL DE FORTALEZA (LAMINA, PARA ARTROSCOPIA DE JOELHO, SHAVER, PARTES MOLES, ACO INOX, 3 - 6MM, ENCAIXE DE POLIETILENO GRAU CIRURGICO)",PRO-VIDA COMERCIO DE PRODUTOS MEDICOS LTDA ,24200184,2034.0,25,-0.582465,2,BAIXO,2025-12-06,2026-04-05 18:00:43.371636
948,1406141,"Aquisição de ESTATIVAS PARA PERFUSÃO E MONITORAMENTO, por meio da Ata de Registro de Preço nº 2025/21187, para atender as necessidades do Hospital Universitário do Ceará - HUC.",FELIX MEDICAL HOSPITALAR LTDA,24200004,14446000.0,181,-0.582426,2,BAIXO,2025-11-10,2026-04-05 18:00:43.371636
1250,1396523,"AQUISIÇAO DE ESPARADRAPO, 10CM X 4,5MT, IMPERMEAVEL, CARRETEL 1.0 UNIDADE. MARCA: PROCITEX, Solicitação de compra de material médico hospitalar para a Rede Hospitalar/SESA",PANORAMA COMERCIO DE PRODUTOS MEDICOS E FARMACEUTICOS LTDA,24200004,8795772.0,85,-0.58241,2,BAIXO,2025-10-07,2026-04-05 18:00:43.371636
1248,1396522,"AQUISIÇÃO DE MEDICAMENTO: BRINZOLAMIDA, FRASCO 5ML, 10MG/ML 1%, SUSPENSAO OFTALMICA. PARA ATENDER O COMPONENTE ESPECIALIZADO DA ASSISTÊNCIA FARMACÊUTICA -CEAF",ELFA MEDICAMENTOS S.A.,24200004,8845164.0,85,-0.58241,2,BAIXO,2025-10-07,2026-04-05 18:00:43.371636
232,1415334,"AQUISIÇÃO DE MEDICAMENTO PARA ATENDER O COMPONENTE ESPECIALIZADO DA ASSISTÊNCIA FARMACÊUTICA - CEAF - ITEM: VALSARTANA, SACUBITRIL, 50MG, COMPRIMIDO REVESTIDO",ONCOEXO DISTRIBUIDORA DE MEDICAMENTOS LTDA,24200004,21767312.0,314,-0.5824,1,BAIXO,2026-02-20,2026-04-05 18:00:43.371636
1811,1380779,"Contratação de serviços de sistematização de dados, elaboração de diagnósticos estratégicos e desenvolvimento de soluções orientadas por inteligência territorial e mercadológica voltadas à qualificação dos processos de planejamento turístico, por meio da incorporação de tecnologias avançadas de análise de dados, cruzamento de fontes, monitoramento inteligente e modelagens preditivas",FUNDAÇÃO CEARENSE DE PESQUISA E CULTURA ,36000000,17000000.0,427,-0.582391,1,BAIXO,2025-07-16,2026-04-05 18:00:43.371636
2169,1372524,"AQUISIÇÃO DE MEDICAMENTO  (AZITROMICINA, 500MG, CÁPSULA OU COMPRIMIDO REVESTIDO) para atender a Programação
Pactuada Integrada (PPI)",BELIEVE FARMA COMERCIO DE MEDICAMENTOS E MATERIAIS HOSPITALARES LTDA,24200004,19413926.0,222,-0.582352,1,BAIXO,2025-05-23,2026-04-05 18:00:43.371636
2166,1372345,"AQUISIÇÃO DE MEDICAMENTO: AZITROMICINA, 500MG, CAPSULA OU COMPRIMIDO REVESTIDO. PARA ATENDER A PROGRAMAÇÃO PACTUADA INTEGREDA (PPI)",BELIEVE FARMA COMERCIO DE MEDICAMENTOS E MATERIAIS HOSPITALARES LTDA,24200004,19413926.0,222,-0.582352,1,BAIXO,2025-05-23,2026-04-05 18:00:43.371636
2389,1367077,FERRAMENTAS E UTENSÍLIOS - EEMTI MARCONI COELHO REIS - CASCAVEL - CREDE 9,LICITACENTER COMERCIO DE MATERIAIS LTDA,22000000,1300.0,252,-0.58235,1,BAIXO,2025-04-23,2026-04-05 18:00:43.371636
1626,1384713,"Aquisição de KIT PARA IMPLANTE DE VÁLVULA CARDÍACA TRANSCATETER (TAVI), por 12 (doze) meses, para o Hospital de Messejana Dr. Carlos Alberto Studart Gomes/SESA.",AUTO SUTURE DO BRASIL LTDA.,24200214,30800000.0,365,-0.582339,1,BAIXO,2025-08-12,2026-04-05 18:00:43.371636
1938,1378673,"Contrato nº 259/2025. O objeto do presente instrumento é a prestação de serviço de apoio logístico em Hospedagem e Fornecimento de Alimentação, Locação de Espaço, Ornamentação, Confecção e Material de Divulgação, para atender a Rede Pública Estadual de Ensino, nas condições estabelecidas neste contrato, no Termo de Referência do Edital e na proposta da CONTRATADA.",T D DANTAS SOLUCOES LTDA,22000000,31548200.0,365,-0.582339,1,BAIXO,2025-06-25,2026-04-05 18:00:43.371636
1488,1389166,Serviços de manutenção para garantia da acessibilidade predial do Hospital Geral Dr. Waldemar Alcântara- CE.,KG CONSTRUÇÕES LTDA - EPP,43200007,31538144.0,365,-0.582339,1,BAIXO,2025-09-02,2026-04-05 18:00:43.371636
2313,1368111,"Aquisição de gêneros alimentícios para o abastecimento das Unidades Prisionais do Interior do Estado que integram o Sistema Penitenciário do Estado do Ceará, nas condições estabelecidas no contrato e no Termo de Referência do edital e na proposta do CONTRATADO.",OMEGA DISTRIBUIDORA DE PRODUTOS ALIMENTICIOS LTDA,18000000,31480930.0,365,-0.582339,1,BAIXO,2025-05-02,2026-04-05 18:00:43.371636
738,1409152,Contratação de empresa para diagramação e impressão de material pedagógico. CT 420/2025.,LITTERE EDITORA LTDA,22000000,32110800.0,365,-0.582339,1,BAIXO,2025-11-27,2026-04-05 18:00:43.371636
999,1404545,"AQUISIÇÃO DE MATERIAL MÉDICO HOSPITALAR, (CANULA, DE GUEDEL, Nº 04) PARA O HOSPITAL GERAL DE FORTALEZA-HGF/SESA.",PRONTIDAO COMERCIO DE PRODUTOS HOSPITALARES LTDA.,24200184,1458.0,58,-0.582327,1,BAIXO,2025-11-03,2026-04-05 18:00:43.371636
1943,1378141,"Adesão a Ata de Registro de Preço n° 00125/2024, Pregão Eletrônico n° 0228/2024  , cujo objeto é a aquisições de INSUMOS DE LABORATÓRIO, para o HIAS.",DNE - COMERCIO DE PRODUTOS LABORATORIAIS LTDA,24200204,14899200.0,184,-0.582323,1,BAIXO,2025-06-25,2026-04-05 18:00:43.371636
1122,1401053,AQUISIÇÃO DE MATERIAL DE PROTEÇÃO E SEGURANÇA - EEFM NOEL HUGNEN DE OLIVEIRA PAIVA - (SEFOR 2),NT COMERCIO DE FERRAGENS E FERRAMENTAS LTDA,22000000,1440.0,70,-0.582252,1,BAIXO,2025-10-22,2026-04-05 18:00:43.371636
387,1412471,"CONTRATUALIZAÇÃO DO SALDO DO ITEM 01 (EQUIPO, BOMBA NUTRICAO ENTERAL, PARA BOMBA ENTERAL DE INFUSAO CONTINUA) DA ATA DE REGISTRO DE PREÇOS 2025/20639 PELO PERÍODO DE 06 (SEIS) MESES.",FRESENIUS KABI BRASIL LTDA,24200004,14667400.0,181,-0.582229,1,BAIXO,2026-01-13,2026-04-05 18:00:43.371636
1199,1398447,"CIPROFLOXACINO, CLORIDRATO, COMPRIMIDO REVESTIDO, 500MG, UNIDADE 1.0 COMPRIMIDO. MARCA: Prati-Donaduzzi",PRATI DONADUZZI & CIA LTDA,24200234,1400.0,79,-0.58222,1,BAIXO,2025-10-13,2026-04-05 18:00:43.371636
24,1422056,"INSULINA, ANALOGA ULTRA RAPIDA, 100UI/ML, CANETA PREENCHIDA 3ML",SANOFI MEDLEY FARMACEUTICA LTDA,24200004,20360305.0,282,-0.582206,1,BAIXO,2026-03-24,2026-04-05 18:00:43.371636
679,1409475,"AQUISIÇÃO DE ARSENIO TRIOXIDO, 2MG/ML, SOLUCAO INJETAVEL, AMPOLA 6ML PARA ATENDER ÀS DEMANDAS DAS UNIDADES HOSPITALARES E AMBULATORIAIS DA SESA.",CM HOSPITALAR S.A.,24200004,3456040.0,33,-0.58218,1,BAIXO,2025-11-28,2026-04-05 18:00:43.371636
680,1409755,"Prestação de serviços, por Centros de Formação de Condutores (CFC), referentes à realização de Cursos de Formação Teórico-Técnico e Prática de Direção Veicular, visando a formação e capacitação de candidatos à obtenção da primeira habilitação no âmbito do programa CNH Popular.",CENTRO DE FORMACAO DE CONDUTORES EDUCAR LTDA ME,08200003,3448593.0,33,-0.58218,1,BAIXO,2025-11-28,2026-04-05 18:00:43.371636
968,1405869,PROCEDENTE DA ATA DE REGISTRO DE PREÇO  nº 2025/06313  INSTRUMENTO CONVOCATÓRIO Nº 2024/1100  ORDEM DE COMPRA Nº 96168/2025 CUJO OBJETO E AQUISIÇÃO DE MEDICAMENTOS MEDICO E AMBULATORIAL PARA ATENDER AS NECESSIDADES DO HGCC.,NDS DISTRIBUIDORA DE MEDICAMENTOS LTDA,24200194,1500.0,55,-0.582179,1,BAIXO,2025-11-06,2026-04-05 18:00:43.371636
68,1421178,AQUISIÇÃO DOS GÊNEROS ALIMENTICÍOS DA AGRICULTURA FAMILIAR - LICEU DE CAUCAIA - CAUCAIA - CREDE 1 -,COOP DE PROD AGROP E SERV SANTA BARBARA-COPASB LTDA,22000000,30650755.0,365,-0.582171,1,BAIXO,2026-03-16,2026-04-05 18:00:43.371636
2279,1370562,"O Processo nº. 46042.037960/2024-15/ISSEC, de interesse do INSTITUTO DE SAÚDE DOS SERVIDORES DO ESTADO DO CEARÁ ¿ ISSEC, tem por objeto a contratação da empresa, PH SEGURANÇA LTDA, inscrita no CNPJ/MF sob o nº. 05.141.617/0001-40, sediada na Avenida Dom Manuel, nº 655, Cep 60060-090, Centro, Fortaleza/CE, a prestação de serviços de mão de obra terceirizada na área de vigilância, cuja a finalidade é a continuação dos serviços da Diretoria de Perícia Médica -DIPEM, administrada pelo Instituto de Saúde dos Servidores do Estado do Ceará -ISSEC.",PH SEGURANÇA LTDA - EPP,46200001,30751932.0,365,-0.582171,1,BAIXO,2025-05-06,2026-04-05 18:00:43.371636
2223,1371269,"AQUISIÇÃO DE GÊNEROS ALIMENTÍCIOS (DISPENSA )  PARA MERENDA DOS ALUNOS DO LICEU PROFESSOR FRANCISCO OSCAR RODRIGUES,  (CREDE 1 - MARACANAÚ)",L R H COMERCIO E SERVICOS UNIPESSOAL LTDA,22000000,1560.0,364,-0.582163,1,BAIXO,2025-05-14,2026-04-05 18:00:43.371636
1200,1398252,Material de Processamento de Dados - EEFM PADRE ROCHA - (SEFOR 2),"LUDTECH TECNOLOGIA, SUPRIMENTOS E SERVICOS LTDA",22000000,1340.0,79,-0.582155,1,BAIXO,2025-10-13,2026-04-05 18:00:43.371636
1015,1404314,"AQUISIÇÃO DE MEDICAMENTO: PREDNISONA, 20MG, COMPRIMIDO. PARA ATENDER A PROGRAMAÇÃO PACTUADA INTEGRADA - PPI",HOSPDROGAS COMERCIAL LTDA,24200004,6484395.0,61,-0.582147,1,BAIXO,2025-10-31,2026-04-05 18:00:43.371636
2451,1365900,"aquisição de (RITUXIMABE, 10MG/ML, RITUXIMABE, 10MG/ML, SOLUCAO PARA DILUICAO PARA INFUSAO, FRASCO 50ML. ) para atender a unidades de saude do estado do ceara.",NORD PRODUTOS EM SAUDE LTDA,24200004,19701984.0,264,-0.582104,0,BAIXO,2025-04-11,2026-04-05 18:00:43.371636
1059,1403384,CONTRATAÇÃO DE SERVIÇO DE CONSULTORIA TÉCNICA EM CONTABILIDADE - EEMTI DONA MARIA AMÉLIA BEZERRA - CREDE 19,ANTONIA VEBEANE DE ALMEIDA CONTABILIDADE,22000000,1490.0,365,-0.582094,0,BAIXO,2025-10-29,2026-04-05 18:00:43.371636
181,1416261,SERVIÇOS TECNICOS PROFISSIONAIS - EEMTI CAIC MARIA ALVES CARIOCA - SEFOR 3,ACE ASSESSORIA CONTABIL LTDA,22000000,1490.0,365,-0.582094,0,BAIXO,2026-02-25,2026-04-05 18:00:43.371636
167,1416969,COT 05/2026- SERVIÇOS TÉCNICOS PROFISSIONAIS-CONTADOR - EEM DEPUTADO FRANCISCO DE ALMEIDA MONTE - (SEFOR 1),ACE ASSESSORIA CONTABIL LTDA,22000000,1490.0,365,-0.582094,0,BAIXO,2026-02-27,2026-04-05 18:00:43.371636
1698,1384501,Serviços Técnicos Profissionais (Contador) - EEMTI LICEU VILA VELHA - SEFOR 1,ANTONIA VEBEANE DE ALMEIDA CONTABILIDADE,22000000,1499.0,365,-0.582094,0,BAIXO,2025-08-04,2026-04-05 18:00:43.371636
242,1415278,AQUISIÇÃO DE SERVIÇOS TÉCNICOS PROFISSIONAIS PARA O ANO LETIVO DE 2026 - ESCOLA INDÍGENA ÍNDIOS TAPEBA - CAUCAIA - CREDE 1,ACE ASSESSORIA CONTABIL LTDA,22000000,1490.0,365,-0.582094,0,BAIXO,2026-02-19,2026-04-05 18:00:43.371636
1286,1397577,AQUISIÇÃO DE SERVIÇOS TÉCNICOS PROFISSIONAIS EM PROL DA ESCOLA INDÍGENA RAÍZES DE CRATEÚS - CRATEUS - CREDE 13,ANTONIA VEBEANE DE ALMEIDA CONTABILIDADE,22000000,1490.0,365,-0.582094,0,BAIXO,2025-10-01,2026-04-05 18:00:43.371636
1065,1403950,"Aquisição do material de limpeza, para Covat (ARP 2025/27635)",GMS JAMPA DISTRIBUIDORA LTDA,24200004,1405.0,64,-0.582076,0,BAIXO,2025-10-28,2026-04-05 18:00:43.371636
1104,1401426,"AQUISIÇÃO DE MEDICAMENTO: CONTRASTE RADIOLOGICO, 300MG I/ML DE IODO, NAO IONICO DE BAIXA OSMOLALIDADE, FRASCO 100ML, SOLUCAO INJETAVEL. PARA ATENDER A REDE HOSPITALAR/SESA",GE HEALTHCARE DO BRASIL COMÉRCIO E SERVIÇOS PARA EQUIPAMENTOS MÉDICO-HOSPITALARES LTDA,24200004,7501965.0,69,-0.582056,0,BAIXO,2025-10-23,2026-04-05 18:00:43.371636
1120,1401205,MATERIAL DE PROCESSAMENTO DE DADOS - EEMTI JAIME TOMAZ DE AQUINO  - BEBERIBE - CREDE 9,GG VARIEDADES LTDA,22000000,1449.0,70,-0.582055,0,BAIXO,2025-10-22,2026-04-05 18:00:43.371636
405,1423458,AQUISIÇÃO DE MATERIAL DE CONSUMO ATRAVÉS DA ATA DE REGISTRO DE PREÇO Nº 2025/34359 (BORRIFADORES),WELLINGTON IZIDIO DE OLIVEIRA,24200324,1610.0,367,-0.582054,0,BAIXO,2025-12-29,2026-04-05 18:00:43.371636
327,1412863,"ANIDULAFUNGINA, FRASCO/AMPOLA, 100MG, PO LIOFILIZADO PARA SOLUCAO INJETAVEL, UNIDADE 1.0 FRASCO / AMPOLA. MARCA: ANIDULAFUNGINA® 100MG/ANIDULAFUNGINA® 100MG. PARA ATENDER A UNIDADES DE SAÚDE DO ESTADO DO CEARÁ/SESA",PFIZER BRASIL LTDA,24200004,23992848.0,337,-0.582013,0,BAIXO,2026-01-28,2026-04-05 18:00:43.371636
36,1421901,Aquisição de Material de Consumo - Estilete,ROMULO DO NASCIMENTO FERREIRA LTDA,46000000,1260.0,283,-0.581989,0,BAIXO,2026-03-23,2026-04-05 18:00:43.371636
1912,1378671,"MATERIAL PARA ÁUDIO, VÍDEO E FOTO - EEM PROFESSOR OTÁVIO TERCEIRO DE FARIAS - SEFOR 2","LUDTECH TECNOLOGIA, SUPRIMENTOS E SERVICOS LTDA",22000000,1250.0,184,-0.581986,0,BAIXO,2025-06-30,2026-04-05 18:00:43.371636
708,1409751,"Prestação de serviços, por Centros de Formação de Condutores (CFC), referentes à realização de Cursos de Formação Teórico-Técnico e Prática de Direção Veicular, visando a formação e capacitação de candidatos à obtenção da primeira habilitação no âmbito do programa CNH Popular.",CENTRO DE FORMACAO DE CONDUTORES FERNANDES E SILVA LTDA ME,08200003,3442114.0,33,-0.581983,0,BAIXO,2025-11-28,2026-04-05 18:00:43.371636
2359,1370006,AQUISIÇÃO DE MATERIAL COPA E COZINHA PARA ATENDER A EEEP JOAQUIM ANTÔNIO ALBANO. SEFOR 2,SOLERO COMERCIO VAREJISTA LTDA,22000000,1297.0,247,-0.581946,0,BAIXO,2025-04-28,2026-04-05 18:00:43.371636
1770,1382482,"Aquisição de 08 (oito) Scanners Corporais para atendimento de demanda do Programa Integrado de Prevenção e Redução da Violência - PReVio, nas condições estabelecidas neste contrato e no Termo de Referência do edital e na proposta do CONTRATADO.",VMI SISTEMAS DE SEGURANÇA LTDA,30000000,31112000.0,365,-0.581945,0,BAIXO,2025-07-25,2026-04-05 18:00:43.371636
1409,1391615,"DISPENSA DE LICITAÇÃO PARA AQUISIÇÃO DE MATERIAL MÉDICO HOSPITALAR (EMBALAGENS DESCARTÁVEIS - SISTEMA DE BARREIRA ESTÉRIL (SBE) ), POR UM PRAZO DE 12 (DOZE) MESES, PARA ATENDER ÀS NECESSIDADES DO HOSPITAL GERAL DE FORTALEZA (HGF), VINCULADO À SECRETARIA DA SAÚDE DO ESTADO DO CEARÁ (SESA).",EVVE HEALTH COMERCIO DE MEDICAMENTOS E MATERIAS MEDICOS LTDA,24200184,31160776.0,365,-0.581945,0,BAIXO,2025-09-15,2026-04-05 18:00:43.371636
488,1411325,"AQUISIÇÃO DE MATERIAL LABORATORIAL, (TESTE, REACAO DE IDENTIFICACAO PARA BACILOS GRAM NEGATIVOS; TESTE, DE SENSIBILIDADE A ANTIMICROBIANOS (MIC)  E OUTROS) PARA O HOSPITAL GERAL DE FORTALEZA-HGF/SESA.",DNE - COMERCIO DE PRODUTOS LABORATORIAIS LTDA,24200184,1996800.0,23,-0.581929,0,BAIXO,2025-12-08,2026-04-05 18:00:43.371636
1164,1400718,AQUISIÇÃO DE MATERIAL DE PROCESSAMENTO DE DADOS EM PROL DA EEEP LUIZ GONZAGA FONSECA MOTA - CREDE 2,CSV COMERCIO E SERVICOS LTDA,22000000,1520.0,365,-0.581893,0,BAIXO,2025-10-17,2026-04-05 18:00:43.371636
1451,1390096,"LEVOMEPROMAZINA, MALEATO COMPRIMIDO REVESTIDO, 100MG, UNIDADE 1.0 COMPRIMIDO. MARCA: LEVOZINE/CRISTÁLIA, Solicitação de compra de medicamento para atender a Programação Pactuada Integrada (PPI)",EMMARKA DISTRIBUIDORADE MEDICAMENTOS LTDA,24200004,11452194.0,117,-0.581881,0,BAIXO,2025-09-05,2026-04-05 18:00:43.371636
1486,1389966,Aquisição de medicamentos por meio da ATA N° 2025/11477 para atender as necessidades do HCASG.,EMMARKA DISTRIBUIDORADE MEDICAMENTOS LTDA,24200214,11411485.0,120,-0.581852,0,BAIXO,2025-09-02,2026-04-05 18:00:43.371636
1261,1395735,MATERIAL DE COPA E COZINHA - EEMTI WLADIMIR RORIZ - CHOROZINHO - CREDE 9,RC COMERCIAL E SERVICOS MIX LTDA,22000000,1400.0,89,-0.581847,0,BAIXO,2025-10-03,2026-04-05 18:00:43.371636
498,1411128,"AQUISIÇÃO DE INSUMO: SERINGA, DESCARTAVEL PARA INSULINA, 50UI E/OU 100UI, AGULHA FIXA 8,0 X 03MM, 30G, ESPACO MORTO ZERO - PARA ATENDER A PROGRAMAÇÃO PACTUADA INTEGRADA - PPI",PANORAMA COMERCIO DE PRODUTOS MEDICOS E FARMACEUTICOS LTDA,24200004,1930203.0,23,-0.581733,0,BAIXO,2025-12-08,2026-04-05 18:00:43.371636
1549,1388586,"Aquisição do material de limpeza, para Covat - ARP 2025/06402.",GMS JAMPA DISTRIBUIDORA LTDA,24200004,1419.0,128,-0.581707,0,BAIXO,2025-08-25,2026-04-05 18:00:43.371636
